account_type,module_no,module_name,module_key,document_name,document_key,category_is_active,id,category_id,is_active,created_at,updated_at,encrypted_fields,fields,mandatory_fields,all_fields,ocr_fields
Personal,1,Identity,identity,Aadhaar Card,aadhaar_card,true,79c49fce-cf83-4cab-b933-b5bc90992b48,805d5d34-e896-4a7e-a060-fdfdad403ac2,true,2026-09-02T16:06:59.734Z,2026-09-18T17:42:19.155Z,"aadhaar_number,date_of_birth,address,notes","[{""isPii"":false,""dataType"":""text"",""fieldKey"":""document_title"",""sortOrder"":10,""fieldLabel"":""Document Title"",""isRequired"":true},{""isPii"":true,""dataType"":""text"",""fieldKey"":""aadhaar_number"",""sortOrder"":20,""fieldLabel"":""Aadhaar Number"",""isRequired"":true,""validation"":{""example"":""1234 5678 9012"",""message"":""Aadhaar is 12 digits, e.g. 1234 5678 9012"",""pattern"":""^[0-9]{4} ?[0-9]{4} ?[0-9]{4}$""},""isIdentifier"":true},{""isPii"":true,""dataType"":""date"",""fieldKey"":""date_of_birth"",""sortOrder"":30,""fieldLabel"":""Date of Birth"",""validation"":{""message"":""A date of birth cannot be in the future"",""notFuture"":true}},{""isPii"":false,""dataType"":""text"",""fieldKey"":""gender"",""sortOrder"":40,""fieldLabel"":""Gender""},{""isPii"":true,""dataType"":""longtext"",""fieldKey"":""address"",""sortOrder"":50,""fieldLabel"":""Address"",""validation"":{""maxLength"":5000}},{""isPii"":false,""dataType"":""text"",""fieldKey"":""holder_name"",""isPrinted"":false,""sortOrder"":60,""fieldLabel"":""Holder Name""},{""isPii"":false,""dataType"":""date"",""fieldKey"":""issue_date"",""sortOrder"":70,""fieldLabel"":""Issue Date"",""validation"":{""message"":""An issue date cannot be in the future"",""notFuture"":true}},{""isPii"":false,""dataType"":""number"",""fieldKey"":""alert_days_before"",""isPrinted"":false,""sortOrder"":80,""fieldLabel"":""Alert Me Before (days)"",""validation"":{""max"":365,""min"":0,""example"":""15"",""message"":""Enter between 0 and 365 days""}},{""isPii"":true,""dataType"":""longtext"",""fieldKey"":""notes"",""isPrinted"":false,""sortOrder"":90,""fieldLabel"":""Notes"",""validation"":{""maxLength"":5000}},{""isPii"":false,""dataType"":""longtext"",""fieldKey"":""custom_fields"",""isPrinted"":false,""sortOrder"":100,""fieldLabel"":""Additional Details"",""validation"":{""maxLength"":5000}}]","document_title,aadhaar_number","document_title,aadhaar_number,date_of_birth,gender,address,holder_name,issue_date,alert_days_before,notes,custom_fields","document_title,aadhaar_number,date_of_birth,gender,address,issue_date"
Personal,1,Identity,identity,PAN Card,pan_card,true,3a419f35-893f-42fe-adf7-4ead20877fed,717c1f53-1220-4d5c-a710-1a4135c2a3aa,true,2026-09-02T16:06:59.734Z,2026-09-18T17:42:19.155Z,"pan_number,father_name,date_of_birth,notes","[{""isPii"":false,""dataType"":""text"",""fieldKey"":""document_title"",""sortOrder"":10,""fieldLabel"":""Document Title"",""isRequired"":true},{""isPii"":true,""dataType"":""text"",""fieldKey"":""pan_number"",""sortOrder"":20,""fieldLabel"":""PAN Number"",""isRequired"":true,""validation"":{""example"":""ABCDE1234F"",""message"":""PAN is 5 letters, 4 digits, 1 letter — e.g. ABCDE1234F"",""pattern"":""^[A-Za-z]{5}[0-9]{4}[A-Za-z]$"",""maxLength"":10},""isIdentifier"":true},{""isPii"":true,""dataType"":""text"",""fieldKey"":""father_name"",""sortOrder"":30,""fieldLabel"":""Father's Name""},{""isPii"":true,""dataType"":""date"",""fieldKey"":""date_of_birth"",""sortOrder"":40,""fieldLabel"":""Date of Birth"",""validation"":{""message"":""A date of birth cannot be in the future"",""notFuture"":true}},{""isPii"":false,""dataType"":""text"",""fieldKey"":""holder_name"",""isPrinted"":false,""sortOrder"":50,""fieldLabel"":""Holder Name""},{""isPii"":false,""dataType"":""date"",""fieldKey"":""issue_date"",""sortOrder"":60,""fieldLabel"":""Issue Date"",""validation"":{""message"":""An issue date cannot be in the future"",""notFuture"":true}},{""isPii"":false,""dataType"":""number"",""fieldKey"":""alert_days_before"",""isPrinted"":false,""sortOrder"":70,""fieldLabel"":""Alert Me Before (days)"",""validation"":{""max"":365,""min"":0,""example"":""15"",""message"":""Enter between 0 and 365 days""}},{""isPii"":true,""dataType"":""longtext"",""fieldKey"":""notes"",""isPrinted"":false,""sortOrder"":80,""fieldLabel"":""Notes"",""validation"":{""maxLength"":5000}},{""isPii"":false,""dataType"":""longtext"",""fieldKey"":""custom_fields"",""isPrinted"":false,""sortOrder"":90,""fieldLabel"":""Additional Details"",""validation"":{""maxLength"":5000}}]","document_title,pan_number","document_title,pan_number,father_name,date_of_birth,holder_name,issue_date,alert_days_before,notes,custom_fields","document_title,pan_number,father_name,date_of_birth,issue_date"
Personal,1,Identity,identity,Passport,passport,true,7413c2e6-580c-40b9-8b66-80bd29de4bad,b79ba8c4-c252-4e6c-a1a4-d8c0ab96b759,true,2026-09-02T16:06:59.734Z,2026-09-18T17:42:19.155Z,"passport_number,date_of_birth,file_number,address,notes","[{""isPii"":false,""dataType"":""text"",""fieldKey"":""document_title"",""sortOrder"":10,""fieldLabel"":""Document Title"",""isRequired"":true},{""isPii"":true,""dataType"":""text"",""fieldKey"":""passport_number"",""sortOrder"":20,""fieldLabel"":""Passport Number"",""isRequired"":true,""validation"":{""message"":""An Indian passport number is a letter followed by 7 digits"",""pattern"":""^[A-Za-z][0-9]{7}$"",""maxLength"":12},""isIdentifier"":true},{""isPii"":true,""dataType"":""date"",""fieldKey"":""date_of_birth"",""sortOrder"":30,""fieldLabel"":""Date of Birth"",""validation"":{""message"":""A date of birth cannot be in the future"",""notFuture"":true}},{""isPii"":false,""dataType"":""text"",""fieldKey"":""place_of_birth"",""sortOrder"":40,""fieldLabel"":""Place of Birth""},{""isPii"":false,""dataType"":""text"",""fieldKey"":""place_of_issue"",""sortOrder"":50,""fieldLabel"":""Place of Issue""},{""isPii"":false,""dataType"":""text"",""fieldKey"":""issuing_authority"",""sortOrder"":60,""fieldLabel"":""Issuing Authority""},{""isPii"":false,""dataType"":""date"",""fieldKey"":""expiry_date"",""sortOrder"":70,""fieldLabel"":""Expiry Date"",""isRequired"":true,""validation"":{""message"":""Expiry cannot be before the issue date"",""afterField"":""issue_date""},""alertDaysBefore"":30},{""isPii"":false,""dataType"":""text"",""fieldKey"":""gender"",""sortOrder"":80,""fieldLabel"":""Gender""},{""isPii"":false,""dataType"":""text"",""fieldKey"":""nationality"",""sortOrder"":90,""fieldLabel"":""Nationality""},{""isPii"":true,""dataType"":""text"",""fieldKey"":""file_number"",""sortOrder"":100,""fieldLabel"":""File Number""},{""isPii"":true,""dataType"":""longtext"",""fieldKey"":""address"",""sortOrder"":110,""fieldLabel"":""Address"",""validation"":{""maxLength"":5000}},{""isPii"":false,""dataType"":""text"",""fieldKey"":""holder_name"",""isPrinted"":false,""sortOrder"":120,""fieldLabel"":""Holder Name""},{""isPii"":false,""dataType"":""date"",""fieldKey"":""issue_date"",""sortOrder"":130,""fieldLabel"":""Issue Date"",""validation"":{""message"":""An issue date cannot be in the future"",""notFuture"":true}},{""isPii"":false,""dataType"":""number"",""fieldKey"":""alert_days_before"",""isPrinted"":false,""sortOrder"":140,""fieldLabel"":""Alert Me Before (days)"",""validation"":{""max"":365,""min"":0,""example"":""15"",""message"":""Enter between 0 and 365 days""}},{""isPii"":true,""dataType"":""longtext"",""fieldKey"":""notes"",""isPrinted"":false,""sortOrder"":150,""fieldLabel"":""Notes"",""validation"":{""maxLength"":5000}},{""isPii"":false,""dataType"":""longtext"",""fieldKey"":""custom_fields"",""isPrinted"":false,""sortOrder"":160,""fieldLabel"":""Additional Details"",""validation"":{""maxLength"":5000}}]","document_title,passport_number,expiry_date","document_title,passport_number,date_of_birth,place_of_birth,place_of_issue,issuing_authority,expiry_date,gender,nationality,file_number,address,holder_name,issue_date,alert_days_before,notes,custom_fields","document_title,passport_number,date_of_birth,place_of_birth,place_of_issue,issuing_authority,expiry_date,gender,nationality,file_number,address,issue_date"
Personal,1,Identity,identity,Voter ID,voter_id,true,effa9f28-e1f0-4130-897d-4d12f50df0a8,392bd29c-f006-41ed-81d9-50ee932d2b23,true,2026-09-02T16:06:59.734Z,2026-09-18T17:42:19.155Z,"voter_id_number,address,relation_name,date_of_birth,notes","[{""isPii"":false,""dataType"":""text"",""fieldKey"":""document_title"",""sortOrder"":10,""fieldLabel"":""Document Title"",""isRequired"":true},{""isPii"":true,""dataType"":""text"",""fieldKey"":""voter_id_number"",""sortOrder"":20,""fieldLabel"":""Voter ID Number"",""isRequired"":true,""validation"":{""message"":""EPIC number is 3 letters followed by 7 digits"",""pattern"":""^[A-Za-z]{3}[0-9]{7}$"",""maxLength"":10},""isIdentifier"":true},{""isPii"":false,""dataType"":""text"",""fieldKey"":""constituency"",""sortOrder"":30,""fieldLabel"":""Constituency""},{""isPii"":true,""dataType"":""longtext"",""fieldKey"":""address"",""sortOrder"":40,""fieldLabel"":""Address"",""validation"":{""maxLength"":5000}},{""isPii"":true,""dataType"":""text"",""fieldKey"":""relation_name"",""sortOrder"":50,""fieldLabel"":""Father's / Husband's Name""},{""isPii"":true,""dataType"":""date"",""fieldKey"":""date_of_birth"",""sortOrder"":60,""fieldLabel"":""Date of Birth"",""validation"":{""message"":""A date of birth cannot be in the future"",""notFuture"":true}},{""isPii"":false,""dataType"":""text"",""fieldKey"":""gender"",""sortOrder"":70,""fieldLabel"":""Gender""},{""isPii"":false,""dataType"":""text"",""fieldKey"":""holder_name"",""isPrinted"":false,""sortOrder"":80,""fieldLabel"":""Holder Name""},{""isPii"":false,""dataType"":""date"",""fieldKey"":""issue_date"",""sortOrder"":90,""fieldLabel"":""Issue Date"",""validation"":{""message"":""An issue date cannot be in the future"",""notFuture"":true}},{""isPii"":false,""dataType"":""number"",""fieldKey"":""alert_days_before"",""isPrinted"":false,""sortOrder"":100,""fieldLabel"":""Alert Me Before (days)"",""validation"":{""max"":365,""min"":0,""example"":""15"",""message"":""Enter between 0 and 365 days""}},{""isPii"":true,""dataType"":""longtext"",""fieldKey"":""notes"",""isPrinted"":false,""sortOrder"":110,""fieldLabel"":""Notes"",""validation"":{""maxLength"":5000}},{""isPii"":false,""dataType"":""longtext"",""fieldKey"":""custom_fields"",""isPrinted"":false,""sortOrder"":120,""fieldLabel"":""Additional Details"",""validation"":{""maxLength"":5000}}]","document_title,voter_id_number","document_title,voter_id_number,constituency,address,relation_name,date_of_birth,gender,holder_name,issue_date,alert_days_before,notes,custom_fields","document_title,voter_id_number,constituency,address,relation_name,date_of_birth,gender,issue_date"
Personal,1,Identity,identity,Driving License,driving_license,true,759d5101-411a-4229-a3ea-94d26785ad53,30aa2c8a-316f-41a1-9428-2a1ecff09db9,true,2026-09-02T16:06:59.734Z,2026-09-18T17:42:19.155Z,"license_number,blood_group,date_of_birth,address,notes","[{""isPii"":false,""dataType"":""text"",""fieldKey"":""document_title"",""sortOrder"":10,""fieldLabel"":""Document Title"",""isRequired"":true},{""isPii"":true,""dataType"":""text"",""fieldKey"":""license_number"",""sortOrder"":20,""fieldLabel"":""License Number"",""isRequired"":true,""isIdentifier"":true},{""isPii"":false,""dataType"":""text"",""fieldKey"":""vehicle_classes"",""sortOrder"":30,""fieldLabel"":""Vehicle Classes""},{""isPii"":true,""dataType"":""text"",""fieldKey"":""blood_group"",""sortOrder"":40,""fieldLabel"":""Blood Group""},{""isPii"":false,""dataType"":""text"",""fieldKey"":""issuing_authority"",""sortOrder"":50,""fieldLabel"":""Issuing Authority""},{""isPii"":false,""dataType"":""date"",""fieldKey"":""valid_from"",""sortOrder"":60,""fieldLabel"":""Valid From""},{""isPii"":false,""dataType"":""date"",""fieldKey"":""expiry_date"",""sortOrder"":70,""fieldLabel"":""Expiry Date"",""isRequired"":true,""validation"":{""message"":""Expiry cannot be before the issue date"",""afterField"":""issue_date""},""alertDaysBefore"":30},{""isPii"":true,""dataType"":""date"",""fieldKey"":""date_of_birth"",""sortOrder"":80,""fieldLabel"":""Date of Birth"",""validation"":{""message"":""A date of birth cannot be in the future"",""notFuture"":true}},{""isPii"":true,""dataType"":""longtext"",""fieldKey"":""address"",""sortOrder"":90,""fieldLabel"":""Address"",""validation"":{""maxLength"":5000}},{""isPii"":false,""dataType"":""text"",""fieldKey"":""holder_name"",""isPrinted"":false,""sortOrder"":100,""fieldLabel"":""Holder Name""},{""isPii"":false,""dataType"":""date"",""fieldKey"":""issue_date"",""sortOrder"":110,""fieldLabel"":""Issue Date"",""validation"":{""message"":""An issue date cannot be in the future"",""notFuture"":true}},{""isPii"":false,""dataType"":""number"",""fieldKey"":""alert_days_before"",""isPrinted"":false,""sortOrder"":120,""fieldLabel"":""Alert Me Before (days)"",""validation"":{""max"":365,""min"":0,""example"":""15"",""message"":""Enter between 0 and 365 days""}},{""isPii"":true,""dataType"":""longtext"",""fieldKey"":""notes"",""isPrinted"":false,""sortOrder"":130,""fieldLabel"":""Notes"",""validation"":{""maxLength"":5000}},{""isPii"":false,""dataType"":""longtext"",""fieldKey"":""custom_fields"",""isPrinted"":false,""sortOrder"":140,""fieldLabel"":""Additional Details"",""validation"":{""maxLength"":5000}}]","document_title,license_number,expiry_date","document_title,license_number,vehicle_classes,blood_group,issuing_authority,valid_from,expiry_date,date_of_birth,address,holder_name,issue_date,alert_days_before,notes,custom_fields","document_title,license_number,vehicle_classes,blood_group,issuing_authority,valid_from,expiry_date,date_of_birth,address,issue_date"
Personal,1,Identity,identity,Birth Certificate,birth_certificate,true,9218a477-43f9-412a-acb6-f5b89c9cec7e,eacccdad-a2dd-47d8-830b-010d1be31fd5,true,2026-09-02T16:06:59.734Z,2026-09-18T17:42:19.155Z,"registration_number,date_of_birth,father_name,mother_name,notes","[{""isPii"":false,""dataType"":""text"",""fieldKey"":""document_title"",""sortOrder"":10,""fieldLabel"":""Document Title"",""isRequired"":true},{""isPii"":true,""dataType"":""text"",""fieldKey"":""registration_number"",""sortOrder"":20,""fieldLabel"":""Registration Number"",""isRequired"":true,""validation"":{""message"":""Enter the number as printed on the document"",""pattern"":""^[A-Za-z0-9][A-Za-z0-9 -]{3,24}$""},""isIdentifier"":true},{""isPii"":true,""dataType"":""date"",""fieldKey"":""date_of_birth"",""sortOrder"":30,""fieldLabel"":""Date of Birth"",""validation"":{""message"":""A date of birth cannot be in the future"",""notFuture"":true}},{""isPii"":false,""dataType"":""text"",""fieldKey"":""place_of_birth"",""sortOrder"":40,""fieldLabel"":""Place of Birth""},{""isPii"":true,""dataType"":""text"",""fieldKey"":""father_name"",""sortOrder"":50,""fieldLabel"":""Father's Name""},{""isPii"":true,""dataType"":""text"",""fieldKey"":""mother_name"",""sortOrder"":60,""fieldLabel"":""Mother's Name""},{""isPii"":false,""dataType"":""text"",""fieldKey"":""issuing_authority"",""sortOrder"":70,""fieldLabel"":""Issuing Authority""},{""isPii"":false,""dataType"":""text"",""fieldKey"":""holder_name"",""isPrinted"":false,""sortOrder"":80,""fieldLabel"":""Holder Name""},{""isPii"":false,""dataType"":""date"",""fieldKey"":""issue_date"",""sortOrder"":90,""fieldLabel"":""Issue Date"",""validation"":{""message"":""An issue date cannot be in the future"",""notFuture"":true}},{""isPii"":false,""dataType"":""number"",""fieldKey"":""alert_days_before"",""isPrinted"":false,""sortOrder"":100,""fieldLabel"":""Alert Me Before (days)"",""validation"":{""max"":365,""min"":0,""example"":""15"",""message"":""Enter between 0 and 365 days""}},{""isPii"":true,""dataType"":""longtext"",""fieldKey"":""notes"",""isPrinted"":false,""sortOrder"":110,""fieldLabel"":""Notes"",""validation"":{""maxLength"":5000}},{""isPii"":false,""dataType"":""longtext"",""fieldKey"":""custom_fields"",""isPrinted"":false,""sortOrder"":120,""fieldLabel"":""Additional Details"",""validation"":{""maxLength"":5000}}]","document_title,registration_number","document_title,registration_number,date_of_birth,place_of_birth,father_name,mother_name,issuing_authority,holder_name,issue_date,alert_days_before,notes,custom_fields","document_title,registration_number,date_of_birth,place_of_birth,father_name,mother_name,issuing_authority,issue_date"
Personal,1,Identity,identity,Death Certificate,death_certificate,true,8d70adac-29ab-4814-9066-2a53a88122f7,fa805109-a58c-44be-b3cf-455548f989f5,true,2026-09-02T16:06:59.734Z,2026-09-18T17:42:19.155Z,"registration_number,date_of_death,notes","[{""isPii"":false,""dataType"":""text"",""fieldKey"":""document_title"",""sortOrder"":10,""fieldLabel"":""Document Title"",""isRequired"":true},{""isPii"":true,""dataType"":""text"",""fieldKey"":""registration_number"",""sortOrder"":20,""fieldLabel"":""Registration Number"",""isRequired"":true,""validation"":{""message"":""Enter the number as printed on the document"",""pattern"":""^[A-Za-z0-9][A-Za-z0-9 -]{3,24}$""},""isIdentifier"":true},{""isPii"":true,""dataType"":""date"",""fieldKey"":""date_of_death"",""sortOrder"":30,""fieldLabel"":""Date of Death"",""validation"":{""message"":""A date of death cannot be in the future"",""notFuture"":true}},{""isPii"":false,""dataType"":""text"",""fieldKey"":""place_of_death"",""sortOrder"":40,""fieldLabel"":""Place of Death""},{""isPii"":false,""dataType"":""text"",""fieldKey"":""issuing_authority"",""sortOrder"":50,""fieldLabel"":""Issuing Authority""},{""isPii"":false,""dataType"":""text"",""fieldKey"":""holder_name"",""isPrinted"":false,""sortOrder"":60,""fieldLabel"":""Holder Name""},{""isPii"":false,""dataType"":""date"",""fieldKey"":""issue_date"",""sortOrder"":70,""fieldLabel"":""Issue Date"",""validation"":{""message"":""An issue date cannot be in the future"",""notFuture"":true}},{""isPii"":false,""dataType"":""number"",""fieldKey"":""alert_days_before"",""isPrinted"":false,""sortOrder"":80,""fieldLabel"":""Alert Me Before (days)"",""validation"":{""max"":365,""min"":0,""example"":""15"",""message"":""Enter between 0 and 365 days""}},{""isPii"":true,""dataType"":""longtext"",""fieldKey"":""notes"",""isPrinted"":false,""sortOrder"":90,""fieldLabel"":""Notes"",""validation"":{""maxLength"":5000}},{""isPii"":false,""dataType"":""longtext"",""fieldKey"":""custom_fields"",""isPrinted"":false,""sortOrder"":100,""fieldLabel"":""Additional Details"",""validation"":{""maxLength"":5000}}]","document_title,registration_number","document_title,registration_number,date_of_death,place_of_death,issuing_authority,holder_name,issue_date,alert_days_before,notes,custom_fields","document_title,registration_number,date_of_death,place_of_death,issuing_authority,issue_date"
Personal,1,Identity,identity,Ration Card,ration_card,true,e77b3e95-183f-4f9f-be79-68035e38e4c0,71fa182d-4184-4fc4-93a1-e0e3d6985fef,true,2026-09-02T16:06:59.734Z,2026-09-18T17:42:19.155Z,"ration_card_number,member_names,address,notes","[{""isPii"":false,""dataType"":""text"",""fieldKey"":""document_title"",""sortOrder"":10,""fieldLabel"":""Document Title"",""isRequired"":true},{""isPii"":true,""dataType"":""text"",""fieldKey"":""ration_card_number"",""sortOrder"":20,""fieldLabel"":""Ration Card Number"",""isRequired"":true,""isIdentifier"":true},{""isPii"":false,""dataType"":""text"",""fieldKey"":""card_category"",""sortOrder"":30,""fieldLabel"":""Card Category""},{""isPii"":true,""dataType"":""longtext"",""fieldKey"":""member_names"",""sortOrder"":40,""fieldLabel"":""Member Names"",""validation"":{""maxLength"":5000}},{""isPii"":true,""dataType"":""longtext"",""fieldKey"":""address"",""sortOrder"":50,""fieldLabel"":""Address"",""validation"":{""maxLength"":5000}},{""isPii"":false,""dataType"":""text"",""fieldKey"":""holder_name"",""isPrinted"":false,""sortOrder"":60,""fieldLabel"":""Holder Name""},{""isPii"":false,""dataType"":""date"",""fieldKey"":""issue_date"",""sortOrder"":70,""fieldLabel"":""Issue Date"",""validation"":{""message"":""An issue date cannot be in the future"",""notFuture"":true}},{""isPii"":false,""dataType"":""number"",""fieldKey"":""alert_days_before"",""isPrinted"":false,""sortOrder"":80,""fieldLabel"":""Alert Me Before (days)"",""validation"":{""max"":365,""min"":0,""example"":""15"",""message"":""Enter between 0 and 365 days""}},{""isPii"":true,""dataType"":""longtext"",""fieldKey"":""notes"",""isPrinted"":false,""sortOrder"":90,""fieldLabel"":""Notes"",""validation"":{""maxLength"":5000}},{""isPii"":false,""dataType"":""longtext"",""fieldKey"":""custom_fields"",""isPrinted"":false,""sortOrder"":100,""fieldLabel"":""Additional Details"",""validation"":{""maxLength"":5000}}]","document_title,ration_card_number","document_title,ration_card_number,card_category,member_names,address,holder_name,issue_date,alert_days_before,notes,custom_fields","document_title,ration_card_number,card_category,member_names,address,issue_date"
Personal,2,Bank & Investments,bank_investments,Bank account statements / passbooks,bank_statements_passbooks,true,55f3f897-09d1-4424-8b54-345804d85d9a,7840003b-e487-466f-b25a-3344c521845d,true,2026-09-02T16:06:59.734Z,2026-09-18T17:42:19.155Z,"account_number,ifsc_code,closing_balance,customer_id,net_banking_username,cards,notes","[{""isPii"":false,""dataType"":""text"",""fieldKey"":""document_title"",""sortOrder"":10,""fieldLabel"":""Document Title"",""isRequired"":true},{""isPii"":true,""dataType"":""text"",""fieldKey"":""account_number"",""sortOrder"":20,""fieldLabel"":""Account Number"",""isRequired"":true,""isIdentifier"":true},{""isPii"":true,""dataType"":""text"",""fieldKey"":""ifsc_code"",""sortOrder"":30,""fieldLabel"":""IFSC Code"",""validation"":{""example"":""HDFC0001234"",""message"":""IFSC is 4 letters, a zero, then 6 characters — e.g. HDFC0001234"",""pattern"":""^[A-Za-z]{4}0[A-Za-z0-9]{6}$"",""maxLength"":11}},{""isPii"":false,""dataType"":""text"",""fieldKey"":""bank_name"",""sortOrder"":40,""fieldLabel"":""Bank Name""},{""isPii"":false,""dataType"":""text"",""fieldKey"":""branch_name"",""sortOrder"":50,""fieldLabel"":""Branch Name""},{""isPii"":false,""dataType"":""text"",""fieldKey"":""account_type"",""sortOrder"":60,""fieldLabel"":""Account Type""},{""isPii"":false,""dataType"":""text"",""fieldKey"":""statement_period"",""sortOrder"":70,""fieldLabel"":""Statement Period""},{""isPii"":true,""dataType"":""currency"",""fieldKey"":""closing_balance"",""sortOrder"":80,""fieldLabel"":""Closing Balance"",""validation"":{""min"":0}},{""isPii"":true,""dataType"":""text"",""fieldKey"":""customer_id"",""sortOrder"":90,""fieldLabel"":""Customer ID""},{""isPii"":true,""dataType"":""text"",""fieldKey"":""net_banking_username"",""isPrinted"":false,""sortOrder"":100,""fieldLabel"":""Net Banking Username""},{""isPii"":true,""dataType"":""longtext"",""fieldKey"":""cards"",""isPrinted"":false,""sortOrder"":110,""fieldLabel"":""Linked Cards"",""validation"":{""maxLength"":5000}},{""isPii"":false,""dataType"":""text"",""fieldKey"":""holder_name"",""isPrinted"":false,""sortOrder"":120,""fieldLabel"":""Holder Name""},{""isPii"":false,""dataType"":""date"",""fieldKey"":""issue_date"",""sortOrder"":130,""fieldLabel"":""Issue Date"",""validation"":{""message"":""An issue date cannot be in the future"",""notFuture"":true}},{""isPii"":false,""dataType"":""number"",""fieldKey"":""alert_days_before"",""isPrinted"":false,""sortOrder"":140,""fieldLabel"":""Alert Me Before (days)"",""validation"":{""max"":365,""min"":0,""example"":""15"",""message"":""Enter between 0 and 365 days""}},{""isPii"":true,""dataType"":""longtext"",""fieldKey"":""notes"",""isPrinted"":false,""sortOrder"":150,""fieldLabel"":""Notes"",""validation"":{""maxLength"":5000}},{""isPii"":false,""dataType"":""longtext"",""fieldKey"":""custom_fields"",""isPrinted"":false,""sortOrder"":160,""fieldLabel"":""Additional Details"",""validation"":{""maxLength"":5000}}]","document_title,account_number","document_title,account_number,ifsc_code,bank_name,branch_name,account_type,statement_period,closing_balance,customer_id,net_banking_username,cards,holder_name,issue_date,alert_days_before,notes,custom_fields","document_title,account_number,ifsc_code,bank_name,branch_name,account_type,statement_period,closing_balance,customer_id,issue_date"
Personal,2,Bank & Investments,bank_investments,Fixed Deposit receipts,fixed_deposit_receipts,true,2312837e-ab86-4c30-9370-ba0f6e438e35,057f369b-f27c-4462-9d20-ad3ff5f4078d,true,2026-09-02T16:06:59.734Z,2026-09-18T17:42:19.155Z,"fd_receipt_number,principal_amount,maturity_amount,nominee_name,notes","[{""isPii"":false,""dataType"":""text"",""fieldKey"":""document_title"",""sortOrder"":10,""fieldLabel"":""Document Title"",""isRequired"":true},{""isPii"":true,""dataType"":""text"",""fieldKey"":""fd_receipt_number"",""sortOrder"":20,""fieldLabel"":""FD Receipt Number"",""isRequired"":true,""isIdentifier"":true},{""isPii"":false,""dataType"":""text"",""fieldKey"":""bank_name"",""sortOrder"":30,""fieldLabel"":""Bank Name""},{""isPii"":true,""dataType"":""currency"",""fieldKey"":""principal_amount"",""sortOrder"":40,""fieldLabel"":""Principal Amount"",""validation"":{""min"":0}},{""isPii"":false,""dataType"":""number"",""fieldKey"":""interest_rate"",""sortOrder"":50,""fieldLabel"":""Interest Rate (%)"",""validation"":{""min"":0}},{""isPii"":true,""dataType"":""currency"",""fieldKey"":""maturity_amount"",""sortOrder"":60,""fieldLabel"":""Maturity Amount"",""validation"":{""min"":0}},{""isPii"":false,""dataType"":""date"",""fieldKey"":""maturity_date"",""sortOrder"":70,""fieldLabel"":""Maturity Date"",""isRequired"":true,""validation"":{""message"":""Maturity cannot be before the issue date"",""afterField"":""issue_date""},""alertDaysBefore"":45},{""isPii"":true,""dataType"":""text"",""fieldKey"":""nominee_name"",""sortOrder"":80,""fieldLabel"":""Nominee Name""},{""isPii"":false,""dataType"":""text"",""fieldKey"":""holder_name"",""isPrinted"":false,""sortOrder"":90,""fieldLabel"":""Holder Name""},{""isPii"":false,""dataType"":""date"",""fieldKey"":""issue_date"",""sortOrder"":100,""fieldLabel"":""Issue Date"",""validation"":{""message"":""An issue date cannot be in the future"",""notFuture"":true}},{""isPii"":false,""dataType"":""number"",""fieldKey"":""alert_days_before"",""isPrinted"":false,""sortOrder"":110,""fieldLabel"":""Alert Me Before (days)"",""validation"":{""max"":365,""min"":0,""example"":""15"",""message"":""Enter between 0 and 365 days""}},{""isPii"":true,""dataType"":""longtext"",""fieldKey"":""notes"",""isPrinted"":false,""sortOrder"":120,""fieldLabel"":""Notes"",""validation"":{""maxLength"":5000}},{""isPii"":false,""dataType"":""longtext"",""fieldKey"":""custom_fields"",""isPrinted"":false,""sortOrder"":130,""fieldLabel"":""Additional Details"",""validation"":{""maxLength"":5000}}]","document_title,fd_receipt_number,maturity_date","document_title,fd_receipt_number,bank_name,principal_amount,interest_rate,maturity_amount,maturity_date,nominee_name,holder_name,issue_date,alert_days_before,notes,custom_fields","document_title,fd_receipt_number,bank_name,principal_amount,interest_rate,maturity_amount,maturity_date,nominee_name,issue_date"
Personal,2,Bank & Investments,bank_investments,Mutual fund statements,mutual_fund_statements,true,91aedda0-b4a2-4138-9bb3-af93ed094ace,e6f239cc-ce8f-4aa3-b202-ef2980c30056,true,2026-09-02T16:06:59.734Z,2026-09-18T17:42:19.155Z,"folio_number,units_held,current_value,notes","[{""isPii"":false,""dataType"":""text"",""fieldKey"":""document_title"",""sortOrder"":10,""fieldLabel"":""Document Title"",""isRequired"":true},{""isPii"":true,""dataType"":""text"",""fieldKey"":""folio_number"",""sortOrder"":20,""fieldLabel"":""Folio Number"",""isRequired"":true,""isIdentifier"":true},{""isPii"":false,""dataType"":""text"",""fieldKey"":""fund_house"",""sortOrder"":30,""fieldLabel"":""Fund House""},{""isPii"":false,""dataType"":""text"",""fieldKey"":""scheme_name"",""sortOrder"":40,""fieldLabel"":""Scheme Name""},{""isPii"":true,""dataType"":""number"",""fieldKey"":""units_held"",""sortOrder"":50,""fieldLabel"":""Units Held"",""validation"":{""min"":0}},{""isPii"":true,""dataType"":""currency"",""fieldKey"":""current_value"",""sortOrder"":60,""fieldLabel"":""Current Value"",""validation"":{""min"":0}},{""isPii"":false,""dataType"":""text"",""fieldKey"":""statement_period"",""sortOrder"":70,""fieldLabel"":""Statement Period""},{""isPii"":false,""dataType"":""text"",""fieldKey"":""holder_name"",""isPrinted"":false,""sortOrder"":80,""fieldLabel"":""Holder Name""},{""isPii"":false,""dataType"":""date"",""fieldKey"":""issue_date"",""sortOrder"":90,""fieldLabel"":""Issue Date"",""validation"":{""message"":""An issue date cannot be in the future"",""notFuture"":true}},{""isPii"":false,""dataType"":""number"",""fieldKey"":""alert_days_before"",""isPrinted"":false,""sortOrder"":100,""fieldLabel"":""Alert Me Before (days)"",""validation"":{""max"":365,""min"":0,""example"":""15"",""message"":""Enter between 0 and 365 days""}},{""isPii"":true,""dataType"":""longtext"",""fieldKey"":""notes"",""isPrinted"":false,""sortOrder"":110,""fieldLabel"":""Notes"",""validation"":{""maxLength"":5000}},{""isPii"":false,""dataType"":""longtext"",""fieldKey"":""custom_fields"",""isPrinted"":false,""sortOrder"":120,""fieldLabel"":""Additional Details"",""validation"":{""maxLength"":5000}}]","document_title,folio_number","document_title,folio_number,fund_house,scheme_name,units_held,current_value,statement_period,holder_name,issue_date,alert_days_before,notes,custom_fields","document_title,folio_number,fund_house,scheme_name,units_held,current_value,statement_period,issue_date"
Personal,2,Bank & Investments,bank_investments,Demat / trading account documents,demat_trading_documents,true,4a579f60-5fc4-48aa-a1dc-fbbc0bcb384d,96dc2e61-cd5b-4e42-8313-efc1db084832,true,2026-09-02T16:06:59.734Z,2026-09-18T17:42:19.155Z,"demat_account_number,holdings_value,client_id,login_username,nominee_name,notes","[{""isPii"":false,""dataType"":""text"",""fieldKey"":""document_title"",""sortOrder"":10,""fieldLabel"":""Document Title"",""isRequired"":true},{""isPii"":true,""dataType"":""text"",""fieldKey"":""demat_account_number"",""sortOrder"":20,""fieldLabel"":""Demat Account Number"",""isRequired"":true,""isIdentifier"":true},{""isPii"":false,""dataType"":""text"",""fieldKey"":""depository"",""sortOrder"":30,""fieldLabel"":""Depository""},{""isPii"":false,""dataType"":""text"",""fieldKey"":""depository_participant"",""sortOrder"":40,""fieldLabel"":""Depository Participant""},{""isPii"":false,""dataType"":""text"",""fieldKey"":""broker_name"",""sortOrder"":50,""fieldLabel"":""Broker Name""},{""isPii"":true,""dataType"":""currency"",""fieldKey"":""holdings_value"",""sortOrder"":60,""fieldLabel"":""Holdings Value"",""validation"":{""min"":0}},{""isPii"":true,""dataType"":""text"",""fieldKey"":""client_id"",""sortOrder"":70,""fieldLabel"":""Client ID"",""isIdentifier"":true},{""isPii"":true,""dataType"":""text"",""fieldKey"":""login_username"",""isPrinted"":false,""sortOrder"":80,""fieldLabel"":""Login Username""},{""isPii"":true,""dataType"":""text"",""fieldKey"":""nominee_name"",""sortOrder"":90,""fieldLabel"":""Nominee Name""},{""isPii"":false,""dataType"":""text"",""fieldKey"":""holder_name"",""isPrinted"":false,""sortOrder"":100,""fieldLabel"":""Holder Name""},{""isPii"":false,""dataType"":""date"",""fieldKey"":""issue_date"",""sortOrder"":110,""fieldLabel"":""Issue Date"",""validation"":{""message"":""An issue date cannot be in the future"",""notFuture"":true}},{""isPii"":false,""dataType"":""number"",""fieldKey"":""alert_days_before"",""isPrinted"":false,""sortOrder"":120,""fieldLabel"":""Alert Me Before (days)"",""validation"":{""max"":365,""min"":0,""example"":""15"",""message"":""Enter between 0 and 365 days""}},{""isPii"":true,""dataType"":""longtext"",""fieldKey"":""notes"",""isPrinted"":false,""sortOrder"":130,""fieldLabel"":""Notes"",""validation"":{""maxLength"":5000}},{""isPii"":false,""dataType"":""longtext"",""fieldKey"":""custom_fields"",""isPrinted"":false,""sortOrder"":140,""fieldLabel"":""Additional Details"",""validation"":{""maxLength"":5000}}]","document_title,demat_account_number","document_title,demat_account_number,depository,depository_participant,broker_name,holdings_value,client_id,login_username,nominee_name,holder_name,issue_date,alert_days_before,notes,custom_fields","document_title,demat_account_number,depository,depository_participant,broker_name,holdings_value,client_id,nominee_name,issue_date"
Personal,2,Bank & Investments,bank_investments,"Loan agreements (home, personal, vehicle, education)",loan_agreements,true,c76dd9ba-55b0-4d64-bdd1-d01a1bb24e0d,46390933-e51d-4e7a-8dd4-76435aa52886,true,2026-09-02T16:06:59.734Z,2026-09-18T17:42:19.155Z,"loan_account_number,loan_amount,emi_amount,notes","[{""isPii"":false,""dataType"":""text"",""fieldKey"":""document_title"",""sortOrder"":10,""fieldLabel"":""Document Title"",""isRequired"":true},{""isPii"":true,""dataType"":""text"",""fieldKey"":""loan_account_number"",""sortOrder"":20,""fieldLabel"":""Loan Account Number"",""isRequired"":true,""isIdentifier"":true},{""isPii"":false,""dataType"":""text"",""fieldKey"":""lender_name"",""sortOrder"":30,""fieldLabel"":""Lender Name""},{""isPii"":false,""dataType"":""text"",""fieldKey"":""loan_type"",""sortOrder"":40,""fieldLabel"":""Loan Type""},{""isPii"":true,""dataType"":""currency"",""fieldKey"":""loan_amount"",""sortOrder"":50,""fieldLabel"":""Loan Amount"",""validation"":{""min"":0}},{""isPii"":false,""dataType"":""number"",""fieldKey"":""interest_rate"",""sortOrder"":60,""fieldLabel"":""Interest Rate (%)"",""validation"":{""min"":0}},{""isPii"":false,""dataType"":""number"",""fieldKey"":""tenure_months"",""sortOrder"":70,""fieldLabel"":""Tenure (Months)"",""validation"":{""min"":0}},{""isPii"":true,""dataType"":""currency"",""fieldKey"":""emi_amount"",""sortOrder"":80,""fieldLabel"":""EMI Amount"",""validation"":{""min"":0}},{""isPii"":false,""dataType"":""date"",""fieldKey"":""disbursal_date"",""sortOrder"":90,""fieldLabel"":""Disbursal Date""},{""isPii"":false,""dataType"":""text"",""fieldKey"":""holder_name"",""isPrinted"":false,""sortOrder"":100,""fieldLabel"":""Holder Name""},{""isPii"":false,""dataType"":""date"",""fieldKey"":""issue_date"",""sortOrder"":110,""fieldLabel"":""Issue Date"",""validation"":{""message"":""An issue date cannot be in the future"",""notFuture"":true}},{""isPii"":false,""dataType"":""number"",""fieldKey"":""alert_days_before"",""isPrinted"":false,""sortOrder"":120,""fieldLabel"":""Alert Me Before (days)"",""validation"":{""max"":365,""min"":0,""example"":""15"",""message"":""Enter between 0 and 365 days""}},{""isPii"":true,""dataType"":""longtext"",""fieldKey"":""notes"",""isPrinted"":false,""sortOrder"":130,""fieldLabel"":""Notes"",""validation"":{""maxLength"":5000}},{""isPii"":false,""dataType"":""longtext"",""fieldKey"":""custom_fields"",""isPrinted"":false,""sortOrder"":140,""fieldLabel"":""Additional Details"",""validation"":{""maxLength"":5000}}]","document_title,loan_account_number","document_title,loan_account_number,lender_name,loan_type,loan_amount,interest_rate,tenure_months,emi_amount,disbursal_date,holder_name,issue_date,alert_days_before,notes,custom_fields","document_title,loan_account_number,lender_name,loan_type,loan_amount,interest_rate,tenure_months,emi_amount,disbursal_date,issue_date"
Personal,2,Bank & Investments,bank_investments,Credit card statements,credit_card_statements,true,73be296c-c694-417f-a7f4-7821cdb29c85,1469075b-0b76-4570-a0f9-587148aa8469,true,2026-09-02T16:06:59.734Z,2026-09-18T17:42:19.155Z,"card_last_four,total_due,credit_limit,card_number,card_expiry,cvv,notes","[{""isPii"":false,""dataType"":""text"",""fieldKey"":""document_title"",""sortOrder"":10,""fieldLabel"":""Document Title"",""isRequired"":true},{""isPii"":true,""dataType"":""text"",""fieldKey"":""card_last_four"",""sortOrder"":20,""fieldLabel"":""Card Last 4 Digits"",""isRequired"":true},{""isPii"":false,""dataType"":""text"",""fieldKey"":""issuer_name"",""sortOrder"":30,""fieldLabel"":""Issuer Name""},{""isPii"":false,""dataType"":""text"",""fieldKey"":""statement_period"",""sortOrder"":40,""fieldLabel"":""Statement Period""},{""isPii"":true,""dataType"":""currency"",""fieldKey"":""total_due"",""sortOrder"":50,""fieldLabel"":""Total Amount Due"",""validation"":{""min"":0}},{""isPii"":true,""dataType"":""currency"",""fieldKey"":""credit_limit"",""sortOrder"":60,""fieldLabel"":""Credit Limit"",""validation"":{""min"":0}},{""isPii"":false,""dataType"":""date"",""fieldKey"":""due_date"",""sortOrder"":70,""fieldLabel"":""Payment Due Date"",""isRequired"":true,""alertDaysBefore"":7},{""isPii"":false,""dataType"":""text"",""fieldKey"":""card_network"",""sortOrder"":80,""fieldLabel"":""Card Network""},{""isPii"":false,""dataType"":""text"",""fieldKey"":""card_type"",""sortOrder"":90,""fieldLabel"":""Card Type""},{""isPii"":true,""dataType"":""text"",""fieldKey"":""card_number"",""isPrinted"":false,""sortOrder"":100,""fieldLabel"":""Card Number"",""isIdentifier"":true},{""isPii"":true,""dataType"":""text"",""fieldKey"":""card_expiry"",""isPrinted"":false,""sortOrder"":110,""fieldLabel"":""Card Expiry""},{""isPii"":true,""dataType"":""text"",""fieldKey"":""cvv"",""isPrinted"":false,""sortOrder"":120,""fieldLabel"":""CVV""},{""isPii"":false,""dataType"":""text"",""fieldKey"":""holder_name"",""isPrinted"":false,""sortOrder"":130,""fieldLabel"":""Holder Name""},{""isPii"":false,""dataType"":""date"",""fieldKey"":""issue_date"",""sortOrder"":140,""fieldLabel"":""Issue Date"",""validation"":{""message"":""An issue date cannot be in the future"",""notFuture"":true}},{""isPii"":false,""dataType"":""number"",""fieldKey"":""alert_days_before"",""isPrinted"":false,""sortOrder"":150,""fieldLabel"":""Alert Me Before (days)"",""validation"":{""max"":365,""min"":0,""example"":""15"",""message"":""Enter between 0 and 365 days""}},{""isPii"":true,""dataType"":""longtext"",""fieldKey"":""notes"",""isPrinted"":false,""sortOrder"":160,""fieldLabel"":""Notes"",""validation"":{""maxLength"":5000}},{""isPii"":false,""dataType"":""longtext"",""fieldKey"":""custom_fields"",""isPrinted"":false,""sortOrder"":170,""fieldLabel"":""Additional Details"",""validation"":{""maxLength"":5000}}]","document_title,card_last_four,due_date","document_title,card_last_four,issuer_name,statement_period,total_due,credit_limit,due_date,card_network,card_type,card_number,card_expiry,cvv,holder_name,issue_date,alert_days_before,notes,custom_fields","document_title,card_last_four,issuer_name,statement_period,total_due,credit_limit,due_date,card_network,card_type,issue_date"
Personal,2,Bank & Investments,bank_investments,ITR filings and Form 16,itr_form16,true,aba00abb-dfa2-412e-b2f7-6bc17edb93bd,0af5abd0-1716-47ae-bb09-7e6fcf7fba21,true,2026-09-02T16:06:59.734Z,2026-09-18T17:42:19.155Z,"acknowledgement_number,pan_number,gross_income,tax_paid,notes","[{""isPii"":false,""dataType"":""text"",""fieldKey"":""document_title"",""sortOrder"":10,""fieldLabel"":""Document Title"",""isRequired"":true},{""isPii"":true,""dataType"":""text"",""fieldKey"":""acknowledgement_number"",""sortOrder"":20,""fieldLabel"":""Acknowledgement Number"",""isRequired"":true,""isIdentifier"":true},{""isPii"":true,""dataType"":""text"",""fieldKey"":""pan_number"",""sortOrder"":30,""fieldLabel"":""PAN Number"",""validation"":{""example"":""ABCDE1234F"",""message"":""PAN is 5 letters, 4 digits, 1 letter — e.g. ABCDE1234F"",""pattern"":""^[A-Za-z]{5}[0-9]{4}[A-Za-z]$"",""maxLength"":10}},{""isPii"":false,""dataType"":""text"",""fieldKey"":""assessment_year"",""sortOrder"":40,""fieldLabel"":""Assessment Year""},{""isPii"":false,""dataType"":""text"",""fieldKey"":""employer_name"",""sortOrder"":50,""fieldLabel"":""Employer Name""},{""isPii"":true,""dataType"":""currency"",""fieldKey"":""gross_income"",""sortOrder"":60,""fieldLabel"":""Gross Income"",""validation"":{""min"":0}},{""isPii"":true,""dataType"":""currency"",""fieldKey"":""tax_paid"",""sortOrder"":70,""fieldLabel"":""Tax Paid"",""validation"":{""min"":0}},{""isPii"":false,""dataType"":""text"",""fieldKey"":""holder_name"",""isPrinted"":false,""sortOrder"":80,""fieldLabel"":""Holder Name""},{""isPii"":false,""dataType"":""date"",""fieldKey"":""issue_date"",""sortOrder"":90,""fieldLabel"":""Issue Date"",""validation"":{""message"":""An issue date cannot be in the future"",""notFuture"":true}},{""isPii"":false,""dataType"":""number"",""fieldKey"":""alert_days_before"",""isPrinted"":false,""sortOrder"":100,""fieldLabel"":""Alert Me Before (days)"",""validation"":{""max"":365,""min"":0,""example"":""15"",""message"":""Enter between 0 and 365 days""}},{""isPii"":true,""dataType"":""longtext"",""fieldKey"":""notes"",""isPrinted"":false,""sortOrder"":110,""fieldLabel"":""Notes"",""validation"":{""maxLength"":5000}},{""isPii"":false,""dataType"":""longtext"",""fieldKey"":""custom_fields"",""isPrinted"":false,""sortOrder"":120,""fieldLabel"":""Additional Details"",""validation"":{""maxLength"":5000}}]","document_title,acknowledgement_number","document_title,acknowledgement_number,pan_number,assessment_year,employer_name,gross_income,tax_paid,holder_name,issue_date,alert_days_before,notes,custom_fields","document_title,acknowledgement_number,pan_number,assessment_year,employer_name,gross_income,tax_paid,issue_date"
Personal,2,Bank & Investments,bank_investments,EPF / PPF / NPS statements,epf_ppf_nps_statements,true,494e8a90-ab4a-48d4-a3b6-b1874ecc5e99,ce4147c9-584d-4078-97b7-939edd4d8ea4,true,2026-09-02T16:06:59.734Z,2026-09-18T17:42:19.155Z,"uan_number,account_number,closing_balance,notes","[{""isPii"":false,""dataType"":""text"",""fieldKey"":""document_title"",""sortOrder"":10,""fieldLabel"":""Document Title"",""isRequired"":true},{""isPii"":true,""dataType"":""text"",""fieldKey"":""uan_number"",""sortOrder"":20,""fieldLabel"":""UAN Number"",""isRequired"":true,""validation"":{""message"":""UAN is 12 digits"",""pattern"":""^[0-9]{12}$"",""maxLength"":12},""isIdentifier"":true},{""isPii"":true,""dataType"":""text"",""fieldKey"":""account_number"",""sortOrder"":30,""fieldLabel"":""Account Number"",""isIdentifier"":true},{""isPii"":false,""dataType"":""text"",""fieldKey"":""scheme_type"",""sortOrder"":40,""fieldLabel"":""Scheme Type""},{""isPii"":false,""dataType"":""text"",""fieldKey"":""employer_name"",""sortOrder"":50,""fieldLabel"":""Employer Name""},{""isPii"":true,""dataType"":""currency"",""fieldKey"":""closing_balance"",""sortOrder"":60,""fieldLabel"":""Closing Balance"",""validation"":{""min"":0}},{""isPii"":false,""dataType"":""text"",""fieldKey"":""statement_period"",""sortOrder"":70,""fieldLabel"":""Statement Period""},{""isPii"":false,""dataType"":""text"",""fieldKey"":""holder_name"",""isPrinted"":false,""sortOrder"":80,""fieldLabel"":""Holder Name""},{""isPii"":false,""dataType"":""date"",""fieldKey"":""issue_date"",""sortOrder"":90,""fieldLabel"":""Issue Date"",""validation"":{""message"":""An issue date cannot be in the future"",""notFuture"":true}},{""isPii"":false,""dataType"":""number"",""fieldKey"":""alert_days_before"",""isPrinted"":false,""sortOrder"":100,""fieldLabel"":""Alert Me Before (days)"",""validation"":{""max"":365,""min"":0,""example"":""15"",""message"":""Enter between 0 and 365 days""}},{""isPii"":true,""dataType"":""longtext"",""fieldKey"":""notes"",""isPrinted"":false,""sortOrder"":110,""fieldLabel"":""Notes"",""validation"":{""maxLength"":5000}},{""isPii"":false,""dataType"":""longtext"",""fieldKey"":""custom_fields"",""isPrinted"":false,""sortOrder"":120,""fieldLabel"":""Additional Details"",""validation"":{""maxLength"":5000}}]","document_title,uan_number","document_title,uan_number,account_number,scheme_type,employer_name,closing_balance,statement_period,holder_name,issue_date,alert_days_before,notes,custom_fields","document_title,uan_number,account_number,scheme_type,employer_name,closing_balance,statement_period,issue_date"
Personal,2,Bank & Investments,bank_investments,"Cheque books, cancelled cheques",cheque_books,true,b4ece8ef-fe3a-4c6c-b489-9e6f67b1bda5,6196913f-e74c-4dc1-8c3b-86bb588a4fdc,true,2026-09-02T16:06:59.734Z,2026-09-18T17:42:19.155Z,"account_number,cheque_series,notes","[{""isPii"":false,""dataType"":""text"",""fieldKey"":""document_title"",""sortOrder"":10,""fieldLabel"":""Document Title"",""isRequired"":true},{""isPii"":true,""dataType"":""text"",""fieldKey"":""account_number"",""sortOrder"":20,""fieldLabel"":""Account Number"",""isRequired"":true,""isIdentifier"":true},{""isPii"":true,""dataType"":""text"",""fieldKey"":""cheque_series"",""sortOrder"":30,""fieldLabel"":""Cheque Series""},{""isPii"":false,""dataType"":""text"",""fieldKey"":""bank_name"",""sortOrder"":40,""fieldLabel"":""Bank Name""},{""isPii"":false,""dataType"":""text"",""fieldKey"":""branch_name"",""sortOrder"":50,""fieldLabel"":""Branch Name""},{""isPii"":false,""dataType"":""text"",""fieldKey"":""holder_name"",""isPrinted"":false,""sortOrder"":60,""fieldLabel"":""Holder Name""},{""isPii"":false,""dataType"":""date"",""fieldKey"":""issue_date"",""sortOrder"":70,""fieldLabel"":""Issue Date"",""validation"":{""message"":""An issue date cannot be in the future"",""notFuture"":true}},{""isPii"":false,""dataType"":""number"",""fieldKey"":""alert_days_before"",""isPrinted"":false,""sortOrder"":80,""fieldLabel"":""Alert Me Before (days)"",""validation"":{""max"":365,""min"":0,""example"":""15"",""message"":""Enter between 0 and 365 days""}},{""isPii"":true,""dataType"":""longtext"",""fieldKey"":""notes"",""isPrinted"":false,""sortOrder"":90,""fieldLabel"":""Notes"",""validation"":{""maxLength"":5000}},{""isPii"":false,""dataType"":""longtext"",""fieldKey"":""custom_fields"",""isPrinted"":false,""sortOrder"":100,""fieldLabel"":""Additional Details"",""validation"":{""maxLength"":5000}}]","document_title,account_number","document_title,account_number,cheque_series,bank_name,branch_name,holder_name,issue_date,alert_days_before,notes,custom_fields","document_title,account_number,cheque_series,bank_name,branch_name,issue_date"
Personal,2,Bank & Investments,bank_investments,Bank locker agreement and inventory list,bank_locker_agreement,true,22051250-4764-4646-8c08-f3671e8a1fd8,baf89c0a-fc0e-416d-b3e8-65b1f09bbac8,true,2026-09-02T16:06:59.734Z,2026-09-18T17:42:19.155Z,"locker_number,annual_rent,inventory_list,notes","[{""isPii"":false,""dataType"":""text"",""fieldKey"":""document_title"",""sortOrder"":10,""fieldLabel"":""Document Title"",""isRequired"":true},{""isPii"":true,""dataType"":""text"",""fieldKey"":""locker_number"",""sortOrder"":20,""fieldLabel"":""Locker Number"",""isRequired"":true,""isIdentifier"":true},{""isPii"":false,""dataType"":""text"",""fieldKey"":""bank_name"",""sortOrder"":30,""fieldLabel"":""Bank Name""},{""isPii"":false,""dataType"":""text"",""fieldKey"":""branch_name"",""sortOrder"":40,""fieldLabel"":""Branch Name""},{""isPii"":true,""dataType"":""currency"",""fieldKey"":""annual_rent"",""sortOrder"":50,""fieldLabel"":""Annual Rent"",""validation"":{""min"":0}},{""isPii"":false,""dataType"":""date"",""fieldKey"":""agreement_date"",""sortOrder"":60,""fieldLabel"":""Agreement Date""},{""isPii"":true,""dataType"":""longtext"",""fieldKey"":""inventory_list"",""isPrinted"":false,""sortOrder"":70,""fieldLabel"":""Inventory List"",""validation"":{""maxLength"":5000}},{""isPii"":false,""dataType"":""text"",""fieldKey"":""holder_name"",""isPrinted"":false,""sortOrder"":80,""fieldLabel"":""Holder Name""},{""isPii"":false,""dataType"":""date"",""fieldKey"":""issue_date"",""sortOrder"":90,""fieldLabel"":""Issue Date"",""validation"":{""message"":""An issue date cannot be in the future"",""notFuture"":true}},{""isPii"":false,""dataType"":""number"",""fieldKey"":""alert_days_before"",""isPrinted"":false,""sortOrder"":100,""fieldLabel"":""Alert Me Before (days)"",""validation"":{""max"":365,""min"":0,""example"":""15"",""message"":""Enter between 0 and 365 days""}},{""isPii"":true,""dataType"":""longtext"",""fieldKey"":""notes"",""isPrinted"":false,""sortOrder"":110,""fieldLabel"":""Notes"",""validation"":{""maxLength"":5000}},{""isPii"":false,""dataType"":""longtext"",""fieldKey"":""custom_fields"",""isPrinted"":false,""sortOrder"":120,""fieldLabel"":""Additional Details"",""validation"":{""maxLength"":5000}}]","document_title,locker_number","document_title,locker_number,bank_name,branch_name,annual_rent,agreement_date,inventory_list,holder_name,issue_date,alert_days_before,notes,custom_fields","document_title,locker_number,bank_name,branch_name,annual_rent,agreement_date,issue_date"
Personal,3,Insurance,insurance,Life insurance policies,life_policies,true,43bf32ac-002d-4773-831d-4d984d2e4e9a,f6e9bdb5-e7bf-4429-9aa2-65092f4e8754,true,2026-09-02T16:06:59.734Z,2026-09-18T17:42:19.155Z,"policy_number,sum_assured,premium_amount,nominee_name,notes","[{""isPii"":false,""dataType"":""text"",""fieldKey"":""document_title"",""sortOrder"":10,""fieldLabel"":""Document Title"",""isRequired"":true},{""isPii"":true,""dataType"":""text"",""fieldKey"":""policy_number"",""sortOrder"":20,""fieldLabel"":""Policy Number"",""isRequired"":true,""isIdentifier"":true},{""isPii"":false,""dataType"":""text"",""fieldKey"":""insurer_name"",""sortOrder"":30,""fieldLabel"":""Insurer Name""},{""isPii"":false,""dataType"":""text"",""fieldKey"":""plan_name"",""sortOrder"":40,""fieldLabel"":""Plan Name""},{""isPii"":true,""dataType"":""currency"",""fieldKey"":""sum_assured"",""sortOrder"":50,""fieldLabel"":""Sum Assured"",""validation"":{""min"":0}},{""isPii"":true,""dataType"":""currency"",""fieldKey"":""premium_amount"",""sortOrder"":60,""fieldLabel"":""Premium Amount"",""validation"":{""min"":0}},{""isPii"":false,""dataType"":""text"",""fieldKey"":""premium_frequency"",""sortOrder"":70,""fieldLabel"":""Premium Frequency""},{""isPii"":true,""dataType"":""text"",""fieldKey"":""nominee_name"",""sortOrder"":80,""fieldLabel"":""Nominee Name""},{""isPii"":false,""dataType"":""number"",""fieldKey"":""policy_term_years"",""sortOrder"":90,""fieldLabel"":""Policy Term (Years)"",""validation"":{""min"":0}},{""isPii"":false,""dataType"":""date"",""fieldKey"":""maturity_date"",""sortOrder"":100,""fieldLabel"":""Maturity Date"",""validation"":{""message"":""Maturity cannot be before the issue date"",""afterField"":""issue_date""},""alertDaysBefore"":45},{""isPii"":false,""dataType"":""date"",""fieldKey"":""renewal_due_date"",""sortOrder"":110,""fieldLabel"":""Renewal Due Date"",""isRequired"":true,""alertDaysBefore"":30},{""isPii"":false,""dataType"":""text"",""fieldKey"":""holder_name"",""isPrinted"":false,""sortOrder"":120,""fieldLabel"":""Holder Name""},{""isPii"":false,""dataType"":""date"",""fieldKey"":""issue_date"",""sortOrder"":130,""fieldLabel"":""Issue Date"",""validation"":{""message"":""An issue date cannot be in the future"",""notFuture"":true}},{""isPii"":false,""dataType"":""number"",""fieldKey"":""alert_days_before"",""isPrinted"":false,""sortOrder"":140,""fieldLabel"":""Alert Me Before (days)"",""validation"":{""max"":365,""min"":0,""example"":""15"",""message"":""Enter between 0 and 365 days""}},{""isPii"":true,""dataType"":""longtext"",""fieldKey"":""notes"",""isPrinted"":false,""sortOrder"":150,""fieldLabel"":""Notes"",""validation"":{""maxLength"":5000}},{""isPii"":false,""dataType"":""longtext"",""fieldKey"":""custom_fields"",""isPrinted"":false,""sortOrder"":160,""fieldLabel"":""Additional Details"",""validation"":{""maxLength"":5000}}]","document_title,policy_number,renewal_due_date","document_title,policy_number,insurer_name,plan_name,sum_assured,premium_amount,premium_frequency,nominee_name,policy_term_years,maturity_date,renewal_due_date,holder_name,issue_date,alert_days_before,notes,custom_fields","document_title,policy_number,insurer_name,plan_name,sum_assured,premium_amount,premium_frequency,nominee_name,policy_term_years,maturity_date,renewal_due_date,issue_date"
Personal,3,Insurance,insurance,Health insurance policies (individual + family floater),health_policies,true,44df46df-31ea-447b-84d9-92c23799b221,97664a83-ca6b-4ca6-9083-5cb513462432,true,2026-09-02T16:06:59.734Z,2026-09-18T17:42:19.155Z,"policy_number,sum_insured,premium_amount,member_names,notes","[{""isPii"":false,""dataType"":""text"",""fieldKey"":""document_title"",""sortOrder"":10,""fieldLabel"":""Document Title"",""isRequired"":true},{""isPii"":true,""dataType"":""text"",""fieldKey"":""policy_number"",""sortOrder"":20,""fieldLabel"":""Policy Number"",""isRequired"":true,""isIdentifier"":true},{""isPii"":false,""dataType"":""text"",""fieldKey"":""insurer_name"",""sortOrder"":30,""fieldLabel"":""Insurer Name""},{""isPii"":false,""dataType"":""text"",""fieldKey"":""plan_name"",""sortOrder"":40,""fieldLabel"":""Plan Name""},{""isPii"":false,""dataType"":""text"",""fieldKey"":""coverage_type"",""sortOrder"":50,""fieldLabel"":""Coverage Type""},{""isPii"":true,""dataType"":""currency"",""fieldKey"":""sum_insured"",""sortOrder"":60,""fieldLabel"":""Sum Insured"",""validation"":{""min"":0}},{""isPii"":true,""dataType"":""currency"",""fieldKey"":""premium_amount"",""sortOrder"":70,""fieldLabel"":""Premium Amount"",""validation"":{""min"":0}},{""isPii"":true,""dataType"":""longtext"",""fieldKey"":""member_names"",""sortOrder"":80,""fieldLabel"":""Covered Members"",""validation"":{""maxLength"":5000}},{""isPii"":false,""dataType"":""date"",""fieldKey"":""renewal_due_date"",""sortOrder"":90,""fieldLabel"":""Renewal Due Date"",""isRequired"":true,""alertDaysBefore"":30},{""isPii"":false,""dataType"":""text"",""fieldKey"":""holder_name"",""isPrinted"":false,""sortOrder"":100,""fieldLabel"":""Holder Name""},{""isPii"":false,""dataType"":""date"",""fieldKey"":""issue_date"",""sortOrder"":110,""fieldLabel"":""Issue Date"",""validation"":{""message"":""An issue date cannot be in the future"",""notFuture"":true}},{""isPii"":false,""dataType"":""number"",""fieldKey"":""alert_days_before"",""isPrinted"":false,""sortOrder"":120,""fieldLabel"":""Alert Me Before (days)"",""validation"":{""max"":365,""min"":0,""example"":""15"",""message"":""Enter between 0 and 365 days""}},{""isPii"":true,""dataType"":""longtext"",""fieldKey"":""notes"",""isPrinted"":false,""sortOrder"":130,""fieldLabel"":""Notes"",""validation"":{""maxLength"":5000}},{""isPii"":false,""dataType"":""longtext"",""fieldKey"":""custom_fields"",""isPrinted"":false,""sortOrder"":140,""fieldLabel"":""Additional Details"",""validation"":{""maxLength"":5000}}]","document_title,policy_number,renewal_due_date","document_title,policy_number,insurer_name,plan_name,coverage_type,sum_insured,premium_amount,member_names,renewal_due_date,holder_name,issue_date,alert_days_before,notes,custom_fields","document_title,policy_number,insurer_name,plan_name,coverage_type,sum_insured,premium_amount,member_names,renewal_due_date,issue_date"
Personal,3,Insurance,insurance,Vehicle insurance,vehicle_policies,true,712f60c5-3ed5-4f88-ba93-9cb2ac871e14,255c0fda-8a7e-463b-8566-ea46913d9fb7,true,2026-09-02T16:06:59.734Z,2026-09-18T17:42:19.155Z,"policy_number,registration_number,idv_amount,premium_amount,notes","[{""isPii"":false,""dataType"":""text"",""fieldKey"":""document_title"",""sortOrder"":10,""fieldLabel"":""Document Title"",""isRequired"":true},{""isPii"":true,""dataType"":""text"",""fieldKey"":""policy_number"",""sortOrder"":20,""fieldLabel"":""Policy Number"",""isRequired"":true,""isIdentifier"":true},{""isPii"":false,""dataType"":""text"",""fieldKey"":""insurer_name"",""sortOrder"":30,""fieldLabel"":""Insurer Name""},{""isPii"":true,""dataType"":""text"",""fieldKey"":""registration_number"",""sortOrder"":40,""fieldLabel"":""Vehicle Registration Number"",""validation"":{""message"":""Enter the number as printed on the document"",""pattern"":""^[A-Za-z0-9][A-Za-z0-9 -]{3,24}$""},""isIdentifier"":true},{""isPii"":false,""dataType"":""text"",""fieldKey"":""coverage_type"",""sortOrder"":50,""fieldLabel"":""Coverage Type""},{""isPii"":true,""dataType"":""currency"",""fieldKey"":""idv_amount"",""sortOrder"":60,""fieldLabel"":""Insured Declared Value"",""validation"":{""min"":0}},{""isPii"":true,""dataType"":""currency"",""fieldKey"":""premium_amount"",""sortOrder"":70,""fieldLabel"":""Premium Amount"",""validation"":{""min"":0}},{""isPii"":false,""dataType"":""date"",""fieldKey"":""valid_from"",""sortOrder"":80,""fieldLabel"":""Valid From""},{""isPii"":false,""dataType"":""date"",""fieldKey"":""valid_to"",""sortOrder"":90,""fieldLabel"":""Valid To"",""isRequired"":true,""validation"":{""message"":""Valid to must be on or after valid from"",""afterField"":""valid_from""},""alertDaysBefore"":30},{""isPii"":false,""dataType"":""text"",""fieldKey"":""holder_name"",""isPrinted"":false,""sortOrder"":100,""fieldLabel"":""Holder Name""},{""isPii"":false,""dataType"":""date"",""fieldKey"":""issue_date"",""sortOrder"":110,""fieldLabel"":""Issue Date"",""validation"":{""message"":""An issue date cannot be in the future"",""notFuture"":true}},{""isPii"":false,""dataType"":""number"",""fieldKey"":""alert_days_before"",""isPrinted"":false,""sortOrder"":120,""fieldLabel"":""Alert Me Before (days)"",""validation"":{""max"":365,""min"":0,""example"":""15"",""message"":""Enter between 0 and 365 days""}},{""isPii"":true,""dataType"":""longtext"",""fieldKey"":""notes"",""isPrinted"":false,""sortOrder"":130,""fieldLabel"":""Notes"",""validation"":{""maxLength"":5000}},{""isPii"":false,""dataType"":""longtext"",""fieldKey"":""custom_fields"",""isPrinted"":false,""sortOrder"":140,""fieldLabel"":""Additional Details"",""validation"":{""maxLength"":5000}}]","document_title,policy_number,valid_to","document_title,policy_number,insurer_name,registration_number,coverage_type,idv_amount,premium_amount,valid_from,valid_to,holder_name,issue_date,alert_days_before,notes,custom_fields","document_title,policy_number,insurer_name,registration_number,coverage_type,idv_amount,premium_amount,valid_from,valid_to,issue_date"
Personal,3,Insurance,insurance,Home / property insurance,home_property_policies,true,9fc4bde0-8957-4577-9b0f-6396193e7290,b5eb6961-fe98-43b7-97b2-ab937b5fc38d,true,2026-09-02T16:06:59.734Z,2026-09-18T17:42:19.155Z,"policy_number,property_address,sum_insured,premium_amount,notes","[{""isPii"":false,""dataType"":""text"",""fieldKey"":""document_title"",""sortOrder"":10,""fieldLabel"":""Document Title"",""isRequired"":true},{""isPii"":true,""dataType"":""text"",""fieldKey"":""policy_number"",""sortOrder"":20,""fieldLabel"":""Policy Number"",""isRequired"":true,""isIdentifier"":true},{""isPii"":false,""dataType"":""text"",""fieldKey"":""insurer_name"",""sortOrder"":30,""fieldLabel"":""Insurer Name""},{""isPii"":true,""dataType"":""longtext"",""fieldKey"":""property_address"",""sortOrder"":40,""fieldLabel"":""Property Address"",""validation"":{""maxLength"":5000}},{""isPii"":false,""dataType"":""text"",""fieldKey"":""coverage_type"",""sortOrder"":50,""fieldLabel"":""Coverage Type""},{""isPii"":true,""dataType"":""currency"",""fieldKey"":""sum_insured"",""sortOrder"":60,""fieldLabel"":""Sum Insured"",""validation"":{""min"":0}},{""isPii"":true,""dataType"":""currency"",""fieldKey"":""premium_amount"",""sortOrder"":70,""fieldLabel"":""Premium Amount"",""validation"":{""min"":0}},{""isPii"":false,""dataType"":""date"",""fieldKey"":""renewal_due_date"",""sortOrder"":80,""fieldLabel"":""Renewal Due Date"",""isRequired"":true,""alertDaysBefore"":30},{""isPii"":false,""dataType"":""text"",""fieldKey"":""holder_name"",""isPrinted"":false,""sortOrder"":90,""fieldLabel"":""Holder Name""},{""isPii"":false,""dataType"":""date"",""fieldKey"":""issue_date"",""sortOrder"":100,""fieldLabel"":""Issue Date"",""validation"":{""message"":""An issue date cannot be in the future"",""notFuture"":true}},{""isPii"":false,""dataType"":""number"",""fieldKey"":""alert_days_before"",""isPrinted"":false,""sortOrder"":110,""fieldLabel"":""Alert Me Before (days)"",""validation"":{""max"":365,""min"":0,""example"":""15"",""message"":""Enter between 0 and 365 days""}},{""isPii"":true,""dataType"":""longtext"",""fieldKey"":""notes"",""isPrinted"":false,""sortOrder"":120,""fieldLabel"":""Notes"",""validation"":{""maxLength"":5000}},{""isPii"":false,""dataType"":""longtext"",""fieldKey"":""custom_fields"",""isPrinted"":false,""sortOrder"":130,""fieldLabel"":""Additional Details"",""validation"":{""maxLength"":5000}}]","document_title,policy_number,renewal_due_date","document_title,policy_number,insurer_name,property_address,coverage_type,sum_insured,premium_amount,renewal_due_date,holder_name,issue_date,alert_days_before,notes,custom_fields","document_title,policy_number,insurer_name,property_address,coverage_type,sum_insured,premium_amount,renewal_due_date,issue_date"
Personal,3,Insurance,insurance,Term insurance,term_policies,true,08f5c7c7-8886-4406-b905-2f7f23bce254,5f56a709-d281-47b2-8e6c-814d4ac2bfdf,true,2026-09-02T16:06:59.734Z,2026-09-18T17:42:19.155Z,"policy_number,sum_assured,premium_amount,nominee_name,notes","[{""isPii"":false,""dataType"":""text"",""fieldKey"":""document_title"",""sortOrder"":10,""fieldLabel"":""Document Title"",""isRequired"":true},{""isPii"":true,""dataType"":""text"",""fieldKey"":""policy_number"",""sortOrder"":20,""fieldLabel"":""Policy Number"",""isRequired"":true,""isIdentifier"":true},{""isPii"":false,""dataType"":""text"",""fieldKey"":""insurer_name"",""sortOrder"":30,""fieldLabel"":""Insurer Name""},{""isPii"":true,""dataType"":""currency"",""fieldKey"":""sum_assured"",""sortOrder"":40,""fieldLabel"":""Sum Assured"",""validation"":{""min"":0}},{""isPii"":true,""dataType"":""currency"",""fieldKey"":""premium_amount"",""sortOrder"":50,""fieldLabel"":""Premium Amount"",""validation"":{""min"":0}},{""isPii"":false,""dataType"":""number"",""fieldKey"":""policy_term_years"",""sortOrder"":60,""fieldLabel"":""Policy Term (Years)"",""validation"":{""min"":0}},{""isPii"":true,""dataType"":""text"",""fieldKey"":""nominee_name"",""sortOrder"":70,""fieldLabel"":""Nominee Name""},{""isPii"":false,""dataType"":""date"",""fieldKey"":""renewal_due_date"",""sortOrder"":80,""fieldLabel"":""Renewal Due Date"",""isRequired"":true,""alertDaysBefore"":30},{""isPii"":false,""dataType"":""text"",""fieldKey"":""holder_name"",""isPrinted"":false,""sortOrder"":90,""fieldLabel"":""Holder Name""},{""isPii"":false,""dataType"":""date"",""fieldKey"":""issue_date"",""sortOrder"":100,""fieldLabel"":""Issue Date"",""validation"":{""message"":""An issue date cannot be in the future"",""notFuture"":true}},{""isPii"":false,""dataType"":""number"",""fieldKey"":""alert_days_before"",""isPrinted"":false,""sortOrder"":110,""fieldLabel"":""Alert Me Before (days)"",""validation"":{""max"":365,""min"":0,""example"":""15"",""message"":""Enter between 0 and 365 days""}},{""isPii"":true,""dataType"":""longtext"",""fieldKey"":""notes"",""isPrinted"":false,""sortOrder"":120,""fieldLabel"":""Notes"",""validation"":{""maxLength"":5000}},{""isPii"":false,""dataType"":""longtext"",""fieldKey"":""custom_fields"",""isPrinted"":false,""sortOrder"":130,""fieldLabel"":""Additional Details"",""validation"":{""maxLength"":5000}}]","document_title,policy_number,renewal_due_date","document_title,policy_number,insurer_name,sum_assured,premium_amount,policy_term_years,nominee_name,renewal_due_date,holder_name,issue_date,alert_days_before,notes,custom_fields","document_title,policy_number,insurer_name,sum_assured,premium_amount,policy_term_years,nominee_name,renewal_due_date,issue_date"
Personal,3,Insurance,insurance,Policy premium receipts,premium_receipts,true,a2f2917a-bbb5-4a82-9345-3f89b62126cf,60785f15-0315-47de-960c-92945581a97f,true,2026-09-02T16:06:59.734Z,2026-09-18T17:42:19.155Z,"receipt_number,policy_number,amount_paid,notes","[{""isPii"":false,""dataType"":""text"",""fieldKey"":""document_title"",""sortOrder"":10,""fieldLabel"":""Document Title"",""isRequired"":true},{""isPii"":true,""dataType"":""text"",""fieldKey"":""receipt_number"",""sortOrder"":20,""fieldLabel"":""Receipt Number"",""isRequired"":true,""isIdentifier"":true},{""isPii"":true,""dataType"":""text"",""fieldKey"":""policy_number"",""sortOrder"":30,""fieldLabel"":""Policy Number"",""isIdentifier"":true},{""isPii"":false,""dataType"":""text"",""fieldKey"":""insurer_name"",""sortOrder"":40,""fieldLabel"":""Insurer Name""},{""isPii"":true,""dataType"":""currency"",""fieldKey"":""amount_paid"",""sortOrder"":50,""fieldLabel"":""Amount Paid"",""validation"":{""min"":0}},{""isPii"":false,""dataType"":""text"",""fieldKey"":""payment_mode"",""sortOrder"":60,""fieldLabel"":""Payment Mode""},{""isPii"":false,""dataType"":""date"",""fieldKey"":""payment_date"",""sortOrder"":70,""fieldLabel"":""Payment Date""},{""isPii"":false,""dataType"":""text"",""fieldKey"":""holder_name"",""isPrinted"":false,""sortOrder"":80,""fieldLabel"":""Holder Name""},{""isPii"":false,""dataType"":""date"",""fieldKey"":""issue_date"",""sortOrder"":90,""fieldLabel"":""Issue Date"",""validation"":{""message"":""An issue date cannot be in the future"",""notFuture"":true}},{""isPii"":false,""dataType"":""number"",""fieldKey"":""alert_days_before"",""isPrinted"":false,""sortOrder"":100,""fieldLabel"":""Alert Me Before (days)"",""validation"":{""max"":365,""min"":0,""example"":""15"",""message"":""Enter between 0 and 365 days""}},{""isPii"":true,""dataType"":""longtext"",""fieldKey"":""notes"",""isPrinted"":false,""sortOrder"":110,""fieldLabel"":""Notes"",""validation"":{""maxLength"":5000}},{""isPii"":false,""dataType"":""longtext"",""fieldKey"":""custom_fields"",""isPrinted"":false,""sortOrder"":120,""fieldLabel"":""Additional Details"",""validation"":{""maxLength"":5000}}]","document_title,receipt_number","document_title,receipt_number,policy_number,insurer_name,amount_paid,payment_mode,payment_date,holder_name,issue_date,alert_days_before,notes,custom_fields","document_title,receipt_number,policy_number,insurer_name,amount_paid,payment_mode,payment_date,issue_date"
Personal,4,Property & Legal,property_legal,Sale deed / property title documents,sale_deed_title,true,80efbc37-76eb-4cc4-be07-774d50f8ce09,a5b1ad06-e224-4bfd-b831-10e69e10b751,true,2026-09-02T16:06:59.734Z,2026-09-18T17:42:19.155Z,"deed_registration_number,property_address,survey_number,seller_name,buyer_name,consideration_amount,notes","[{""isPii"":false,""dataType"":""text"",""fieldKey"":""document_title"",""sortOrder"":10,""fieldLabel"":""Document Title"",""isRequired"":true},{""isPii"":true,""dataType"":""text"",""fieldKey"":""deed_registration_number"",""sortOrder"":20,""fieldLabel"":""Deed Registration Number"",""isRequired"":true,""isIdentifier"":true},{""isPii"":true,""dataType"":""longtext"",""fieldKey"":""property_address"",""sortOrder"":30,""fieldLabel"":""Property Address"",""validation"":{""maxLength"":5000}},{""isPii"":true,""dataType"":""text"",""fieldKey"":""survey_number"",""sortOrder"":40,""fieldLabel"":""Survey Number""},{""isPii"":true,""dataType"":""text"",""fieldKey"":""seller_name"",""sortOrder"":50,""fieldLabel"":""Seller Name""},{""isPii"":true,""dataType"":""text"",""fieldKey"":""buyer_name"",""sortOrder"":60,""fieldLabel"":""Buyer Name""},{""isPii"":true,""dataType"":""currency"",""fieldKey"":""consideration_amount"",""sortOrder"":70,""fieldLabel"":""Consideration Amount"",""validation"":{""min"":0}},{""isPii"":false,""dataType"":""text"",""fieldKey"":""built_up_area"",""sortOrder"":80,""fieldLabel"":""Built-up Area""},{""isPii"":false,""dataType"":""text"",""fieldKey"":""sub_registrar_office"",""sortOrder"":90,""fieldLabel"":""Sub-Registrar Office""},{""isPii"":false,""dataType"":""date"",""fieldKey"":""registration_date"",""sortOrder"":100,""fieldLabel"":""Registration Date""},{""isPii"":false,""dataType"":""text"",""fieldKey"":""holder_name"",""isPrinted"":false,""sortOrder"":110,""fieldLabel"":""Holder Name""},{""isPii"":false,""dataType"":""date"",""fieldKey"":""issue_date"",""sortOrder"":120,""fieldLabel"":""Issue Date"",""validation"":{""message"":""An issue date cannot be in the future"",""notFuture"":true}},{""isPii"":false,""dataType"":""number"",""fieldKey"":""alert_days_before"",""isPrinted"":false,""sortOrder"":130,""fieldLabel"":""Alert Me Before (days)"",""validation"":{""max"":365,""min"":0,""example"":""15"",""message"":""Enter between 0 and 365 days""}},{""isPii"":true,""dataType"":""longtext"",""fieldKey"":""notes"",""isPrinted"":false,""sortOrder"":140,""fieldLabel"":""Notes"",""validation"":{""maxLength"":5000}},{""isPii"":false,""dataType"":""longtext"",""fieldKey"":""custom_fields"",""isPrinted"":false,""sortOrder"":150,""fieldLabel"":""Additional Details"",""validation"":{""maxLength"":5000}}]","document_title,deed_registration_number","document_title,deed_registration_number,property_address,survey_number,seller_name,buyer_name,consideration_amount,built_up_area,sub_registrar_office,registration_date,holder_name,issue_date,alert_days_before,notes,custom_fields","document_title,deed_registration_number,property_address,survey_number,seller_name,buyer_name,consideration_amount,built_up_area,sub_registrar_office,registration_date,issue_date"
Personal,4,Property & Legal,property_legal,Registration and stamp duty receipts,registration_stamp_duty_receipts,true,929a09d0-cc71-4e5e-8025-68b07f329ca3,66f76389-83a6-463e-8ae6-9dc12ce6a152,true,2026-09-02T16:06:59.734Z,2026-09-18T17:42:19.155Z,"receipt_number,stamp_duty_amount,registration_fee,notes","[{""isPii"":false,""dataType"":""text"",""fieldKey"":""document_title"",""sortOrder"":10,""fieldLabel"":""Document Title"",""isRequired"":true},{""isPii"":true,""dataType"":""text"",""fieldKey"":""receipt_number"",""sortOrder"":20,""fieldLabel"":""Receipt Number"",""isRequired"":true,""isIdentifier"":true},{""isPii"":true,""dataType"":""currency"",""fieldKey"":""stamp_duty_amount"",""sortOrder"":30,""fieldLabel"":""Stamp Duty Amount"",""validation"":{""min"":0}},{""isPii"":true,""dataType"":""currency"",""fieldKey"":""registration_fee"",""sortOrder"":40,""fieldLabel"":""Registration Fee"",""validation"":{""min"":0}},{""isPii"":false,""dataType"":""text"",""fieldKey"":""sub_registrar_office"",""sortOrder"":50,""fieldLabel"":""Sub-Registrar Office""},{""isPii"":false,""dataType"":""date"",""fieldKey"":""payment_date"",""sortOrder"":60,""fieldLabel"":""Payment Date""},{""isPii"":false,""dataType"":""text"",""fieldKey"":""holder_name"",""isPrinted"":false,""sortOrder"":70,""fieldLabel"":""Holder Name""},{""isPii"":false,""dataType"":""date"",""fieldKey"":""issue_date"",""sortOrder"":80,""fieldLabel"":""Issue Date"",""validation"":{""message"":""An issue date cannot be in the future"",""notFuture"":true}},{""isPii"":false,""dataType"":""number"",""fieldKey"":""alert_days_before"",""isPrinted"":false,""sortOrder"":90,""fieldLabel"":""Alert Me Before (days)"",""validation"":{""max"":365,""min"":0,""example"":""15"",""message"":""Enter between 0 and 365 days""}},{""isPii"":true,""dataType"":""longtext"",""fieldKey"":""notes"",""isPrinted"":false,""sortOrder"":100,""fieldLabel"":""Notes"",""validation"":{""maxLength"":5000}},{""isPii"":false,""dataType"":""longtext"",""fieldKey"":""custom_fields"",""isPrinted"":false,""sortOrder"":110,""fieldLabel"":""Additional Details"",""validation"":{""maxLength"":5000}}]","document_title,receipt_number","document_title,receipt_number,stamp_duty_amount,registration_fee,sub_registrar_office,payment_date,holder_name,issue_date,alert_days_before,notes,custom_fields","document_title,receipt_number,stamp_duty_amount,registration_fee,sub_registrar_office,payment_date,issue_date"
Personal,4,Property & Legal,property_legal,Encumbrance certificate,encumbrance_certificate,true,a0abab0c-a2a9-4de6-af57-8b4b4747ff2c,a94bcc48-9ea7-407d-8934-e4f829effbc7,true,2026-09-02T16:06:59.734Z,2026-09-18T17:42:19.155Z,"certificate_number,property_address,survey_number,notes","[{""isPii"":false,""dataType"":""text"",""fieldKey"":""document_title"",""sortOrder"":10,""fieldLabel"":""Document Title"",""isRequired"":true},{""isPii"":true,""dataType"":""text"",""fieldKey"":""certificate_number"",""sortOrder"":20,""fieldLabel"":""Certificate Number"",""isRequired"":true,""isIdentifier"":true},{""isPii"":true,""dataType"":""longtext"",""fieldKey"":""property_address"",""sortOrder"":30,""fieldLabel"":""Property Address"",""validation"":{""maxLength"":5000}},{""isPii"":true,""dataType"":""text"",""fieldKey"":""survey_number"",""sortOrder"":40,""fieldLabel"":""Survey Number""},{""isPii"":false,""dataType"":""text"",""fieldKey"":""period_covered"",""sortOrder"":50,""fieldLabel"":""Period Covered""},{""isPii"":false,""dataType"":""text"",""fieldKey"":""issuing_authority"",""sortOrder"":60,""fieldLabel"":""Issuing Authority""},{""isPii"":false,""dataType"":""text"",""fieldKey"":""holder_name"",""isPrinted"":false,""sortOrder"":70,""fieldLabel"":""Holder Name""},{""isPii"":false,""dataType"":""date"",""fieldKey"":""issue_date"",""sortOrder"":80,""fieldLabel"":""Issue Date"",""validation"":{""message"":""An issue date cannot be in the future"",""notFuture"":true}},{""isPii"":false,""dataType"":""number"",""fieldKey"":""alert_days_before"",""isPrinted"":false,""sortOrder"":90,""fieldLabel"":""Alert Me Before (days)"",""validation"":{""max"":365,""min"":0,""example"":""15"",""message"":""Enter between 0 and 365 days""}},{""isPii"":true,""dataType"":""longtext"",""fieldKey"":""notes"",""isPrinted"":false,""sortOrder"":100,""fieldLabel"":""Notes"",""validation"":{""maxLength"":5000}},{""isPii"":false,""dataType"":""longtext"",""fieldKey"":""custom_fields"",""isPrinted"":false,""sortOrder"":110,""fieldLabel"":""Additional Details"",""validation"":{""maxLength"":5000}}]","document_title,certificate_number","document_title,certificate_number,property_address,survey_number,period_covered,issuing_authority,holder_name,issue_date,alert_days_before,notes,custom_fields","document_title,certificate_number,property_address,survey_number,period_covered,issuing_authority,issue_date"
Personal,4,Property & Legal,property_legal,Property tax receipts,property_tax_receipts,true,6fb80e8c-6a9c-4624-b04e-f42139de1d92,774298d4-a397-41bc-920d-e90219f10c4c,true,2026-09-02T16:06:59.734Z,2026-09-18T17:42:19.155Z,"property_id,receipt_number,amount_paid,notes","[{""isPii"":false,""dataType"":""text"",""fieldKey"":""document_title"",""sortOrder"":10,""fieldLabel"":""Document Title"",""isRequired"":true},{""isPii"":true,""dataType"":""text"",""fieldKey"":""property_id"",""sortOrder"":20,""fieldLabel"":""Property ID"",""isRequired"":true},{""isPii"":true,""dataType"":""text"",""fieldKey"":""receipt_number"",""sortOrder"":30,""fieldLabel"":""Receipt Number"",""isIdentifier"":true},{""isPii"":false,""dataType"":""text"",""fieldKey"":""municipal_body"",""sortOrder"":40,""fieldLabel"":""Municipal Body""},{""isPii"":false,""dataType"":""text"",""fieldKey"":""assessment_year"",""sortOrder"":50,""fieldLabel"":""Assessment Year""},{""isPii"":true,""dataType"":""currency"",""fieldKey"":""amount_paid"",""sortOrder"":60,""fieldLabel"":""Amount Paid"",""validation"":{""min"":0}},{""isPii"":false,""dataType"":""date"",""fieldKey"":""payment_date"",""sortOrder"":70,""fieldLabel"":""Payment Date""},{""isPii"":false,""dataType"":""text"",""fieldKey"":""holder_name"",""isPrinted"":false,""sortOrder"":80,""fieldLabel"":""Holder Name""},{""isPii"":false,""dataType"":""date"",""fieldKey"":""issue_date"",""sortOrder"":90,""fieldLabel"":""Issue Date"",""validation"":{""message"":""An issue date cannot be in the future"",""notFuture"":true}},{""isPii"":false,""dataType"":""number"",""fieldKey"":""alert_days_before"",""isPrinted"":false,""sortOrder"":100,""fieldLabel"":""Alert Me Before (days)"",""validation"":{""max"":365,""min"":0,""example"":""15"",""message"":""Enter between 0 and 365 days""}},{""isPii"":true,""dataType"":""longtext"",""fieldKey"":""notes"",""isPrinted"":false,""sortOrder"":110,""fieldLabel"":""Notes"",""validation"":{""maxLength"":5000}},{""isPii"":false,""dataType"":""longtext"",""fieldKey"":""custom_fields"",""isPrinted"":false,""sortOrder"":120,""fieldLabel"":""Additional Details"",""validation"":{""maxLength"":5000}}]","document_title,property_id","document_title,property_id,receipt_number,municipal_body,assessment_year,amount_paid,payment_date,holder_name,issue_date,alert_days_before,notes,custom_fields","document_title,property_id,receipt_number,municipal_body,assessment_year,amount_paid,payment_date,issue_date"
Personal,4,Property & Legal,property_legal,Will / nomination documents,will_nomination,true,a4c6cbea-0a37-448e-aa0f-d054d3f7a5a9,d07bbd14-e718-4928-975d-056b5eaa9790,true,2026-09-02T16:06:59.734Z,2026-09-18T17:42:19.155Z,"registration_number,testator_name,beneficiary_names,executor_name,witness_names,notes","[{""isPii"":false,""dataType"":""text"",""fieldKey"":""document_title"",""sortOrder"":10,""fieldLabel"":""Document Title"",""isRequired"":true},{""isPii"":true,""dataType"":""text"",""fieldKey"":""registration_number"",""sortOrder"":20,""fieldLabel"":""Registration Number"",""validation"":{""message"":""Enter the number as printed on the document"",""pattern"":""^[A-Za-z0-9][A-Za-z0-9 -]{3,24}$""},""isIdentifier"":true},{""isPii"":true,""dataType"":""text"",""fieldKey"":""testator_name"",""sortOrder"":30,""fieldLabel"":""Testator Name"",""isRequired"":true},{""isPii"":true,""dataType"":""longtext"",""fieldKey"":""beneficiary_names"",""sortOrder"":40,""fieldLabel"":""Beneficiary Names"",""validation"":{""maxLength"":5000}},{""isPii"":true,""dataType"":""text"",""fieldKey"":""executor_name"",""sortOrder"":50,""fieldLabel"":""Executor Name""},{""isPii"":true,""dataType"":""longtext"",""fieldKey"":""witness_names"",""sortOrder"":60,""fieldLabel"":""Witness Names"",""validation"":{""maxLength"":5000}},{""isPii"":false,""dataType"":""date"",""fieldKey"":""execution_date"",""sortOrder"":70,""fieldLabel"":""Execution Date"",""isRequired"":true},{""isPii"":false,""dataType"":""text"",""fieldKey"":""holder_name"",""isPrinted"":false,""sortOrder"":80,""fieldLabel"":""Holder Name""},{""isPii"":false,""dataType"":""date"",""fieldKey"":""issue_date"",""sortOrder"":90,""fieldLabel"":""Issue Date"",""validation"":{""message"":""An issue date cannot be in the future"",""notFuture"":true}},{""isPii"":false,""dataType"":""number"",""fieldKey"":""alert_days_before"",""isPrinted"":false,""sortOrder"":100,""fieldLabel"":""Alert Me Before (days)"",""validation"":{""max"":365,""min"":0,""example"":""15"",""message"":""Enter between 0 and 365 days""}},{""isPii"":true,""dataType"":""longtext"",""fieldKey"":""notes"",""isPrinted"":false,""sortOrder"":110,""fieldLabel"":""Notes"",""validation"":{""maxLength"":5000}},{""isPii"":false,""dataType"":""longtext"",""fieldKey"":""custom_fields"",""isPrinted"":false,""sortOrder"":120,""fieldLabel"":""Additional Details"",""validation"":{""maxLength"":5000}}]","document_title,testator_name,execution_date","document_title,registration_number,testator_name,beneficiary_names,executor_name,witness_names,execution_date,holder_name,issue_date,alert_days_before,notes,custom_fields","document_title,registration_number,testator_name,beneficiary_names,executor_name,witness_names,execution_date,issue_date"
Personal,4,Property & Legal,property_legal,Power of attorney,power_of_attorney,true,f55115a7-e2b8-4dd6-89d8-12d7adacfc23,4709a81f-423e-4192-bc52-7ca6b982c164,true,2026-09-02T16:06:59.734Z,2026-09-18T17:42:19.155Z,"registration_number,principal_name,attorney_name,powers_granted,notes","[{""isPii"":false,""dataType"":""text"",""fieldKey"":""document_title"",""sortOrder"":10,""fieldLabel"":""Document Title"",""isRequired"":true},{""isPii"":true,""dataType"":""text"",""fieldKey"":""registration_number"",""sortOrder"":20,""fieldLabel"":""Registration Number"",""validation"":{""message"":""Enter the number as printed on the document"",""pattern"":""^[A-Za-z0-9][A-Za-z0-9 -]{3,24}$""},""isIdentifier"":true},{""isPii"":true,""dataType"":""text"",""fieldKey"":""principal_name"",""sortOrder"":30,""fieldLabel"":""Principal Name"",""isRequired"":true},{""isPii"":true,""dataType"":""text"",""fieldKey"":""attorney_name"",""sortOrder"":40,""fieldLabel"":""Attorney Name""},{""isPii"":true,""dataType"":""longtext"",""fieldKey"":""powers_granted"",""sortOrder"":50,""fieldLabel"":""Powers Granted"",""validation"":{""maxLength"":5000}},{""isPii"":false,""dataType"":""date"",""fieldKey"":""execution_date"",""sortOrder"":60,""fieldLabel"":""Execution Date"",""isRequired"":true},{""isPii"":false,""dataType"":""date"",""fieldKey"":""valid_to"",""sortOrder"":70,""fieldLabel"":""Valid To"",""validation"":{""message"":""Valid to must be on or after valid from"",""afterField"":""valid_from""},""alertDaysBefore"":30},{""isPii"":false,""dataType"":""text"",""fieldKey"":""holder_name"",""isPrinted"":false,""sortOrder"":80,""fieldLabel"":""Holder Name""},{""isPii"":false,""dataType"":""date"",""fieldKey"":""issue_date"",""sortOrder"":90,""fieldLabel"":""Issue Date"",""validation"":{""message"":""An issue date cannot be in the future"",""notFuture"":true}},{""isPii"":false,""dataType"":""number"",""fieldKey"":""alert_days_before"",""isPrinted"":false,""sortOrder"":100,""fieldLabel"":""Alert Me Before (days)"",""validation"":{""max"":365,""min"":0,""example"":""15"",""message"":""Enter between 0 and 365 days""}},{""isPii"":true,""dataType"":""longtext"",""fieldKey"":""notes"",""isPrinted"":false,""sortOrder"":110,""fieldLabel"":""Notes"",""validation"":{""maxLength"":5000}},{""isPii"":false,""dataType"":""longtext"",""fieldKey"":""custom_fields"",""isPrinted"":false,""sortOrder"":120,""fieldLabel"":""Additional Details"",""validation"":{""maxLength"":5000}}]","document_title,principal_name,execution_date","document_title,registration_number,principal_name,attorney_name,powers_granted,execution_date,valid_to,holder_name,issue_date,alert_days_before,notes,custom_fields","document_title,registration_number,principal_name,attorney_name,powers_granted,execution_date,valid_to,issue_date"
Personal,4,Property & Legal,property_legal,Khata / mutation certificates (state-specific land records),khata_mutation_certificates,true,3122d276-f86e-4150-913b-e330f3b4ab9f,3d86cbb0-6999-4384-89ba-c1ee9e9d35f0,true,2026-09-02T16:06:59.734Z,2026-09-18T17:42:19.155Z,"khata_number,property_address,survey_number,owner_name,notes","[{""isPii"":false,""dataType"":""text"",""fieldKey"":""document_title"",""sortOrder"":10,""fieldLabel"":""Document Title"",""isRequired"":true},{""isPii"":true,""dataType"":""text"",""fieldKey"":""khata_number"",""sortOrder"":20,""fieldLabel"":""Khata Number"",""isRequired"":true},{""isPii"":true,""dataType"":""longtext"",""fieldKey"":""property_address"",""sortOrder"":30,""fieldLabel"":""Property Address"",""validation"":{""maxLength"":5000}},{""isPii"":true,""dataType"":""text"",""fieldKey"":""survey_number"",""sortOrder"":40,""fieldLabel"":""Survey Number""},{""isPii"":true,""dataType"":""text"",""fieldKey"":""owner_name"",""sortOrder"":50,""fieldLabel"":""Owner Name""},{""isPii"":false,""dataType"":""text"",""fieldKey"":""municipal_body"",""sortOrder"":60,""fieldLabel"":""Municipal Body""},{""isPii"":false,""dataType"":""date"",""fieldKey"":""mutation_date"",""sortOrder"":70,""fieldLabel"":""Mutation Date""},{""isPii"":false,""dataType"":""text"",""fieldKey"":""holder_name"",""isPrinted"":false,""sortOrder"":80,""fieldLabel"":""Holder Name""},{""isPii"":false,""dataType"":""date"",""fieldKey"":""issue_date"",""sortOrder"":90,""fieldLabel"":""Issue Date"",""validation"":{""message"":""An issue date cannot be in the future"",""notFuture"":true}},{""isPii"":false,""dataType"":""number"",""fieldKey"":""alert_days_before"",""isPrinted"":false,""sortOrder"":100,""fieldLabel"":""Alert Me Before (days)"",""validation"":{""max"":365,""min"":0,""example"":""15"",""message"":""Enter between 0 and 365 days""}},{""isPii"":true,""dataType"":""longtext"",""fieldKey"":""notes"",""isPrinted"":false,""sortOrder"":110,""fieldLabel"":""Notes"",""validation"":{""maxLength"":5000}},{""isPii"":false,""dataType"":""longtext"",""fieldKey"":""custom_fields"",""isPrinted"":false,""sortOrder"":120,""fieldLabel"":""Additional Details"",""validation"":{""maxLength"":5000}}]","document_title,khata_number","document_title,khata_number,property_address,survey_number,owner_name,municipal_body,mutation_date,holder_name,issue_date,alert_days_before,notes,custom_fields","document_title,khata_number,property_address,survey_number,owner_name,municipal_body,mutation_date,issue_date"
Personal,4,Property & Legal,property_legal,Divorce decree / custody documents,divorce_custody,true,f1858efd-1c56-463c-92b4-96866653fd4c,251e7327-aec8-40be-acef-a69ae80d9306,true,2026-09-02T16:06:59.734Z,2026-09-18T17:42:19.155Z,"case_number,party_names,custody_terms,notes","[{""isPii"":false,""dataType"":""text"",""fieldKey"":""document_title"",""sortOrder"":10,""fieldLabel"":""Document Title"",""isRequired"":true},{""isPii"":true,""dataType"":""text"",""fieldKey"":""case_number"",""sortOrder"":20,""fieldLabel"":""Case Number"",""isRequired"":true},{""isPii"":true,""dataType"":""longtext"",""fieldKey"":""party_names"",""sortOrder"":30,""fieldLabel"":""Party Names"",""validation"":{""maxLength"":5000}},{""isPii"":true,""dataType"":""longtext"",""fieldKey"":""custody_terms"",""sortOrder"":40,""fieldLabel"":""Custody Terms"",""validation"":{""maxLength"":5000}},{""isPii"":false,""dataType"":""text"",""fieldKey"":""court_name"",""sortOrder"":50,""fieldLabel"":""Court Name""},{""isPii"":false,""dataType"":""date"",""fieldKey"":""decree_date"",""sortOrder"":60,""fieldLabel"":""Decree Date""},{""isPii"":false,""dataType"":""text"",""fieldKey"":""holder_name"",""isPrinted"":false,""sortOrder"":70,""fieldLabel"":""Holder Name""},{""isPii"":false,""dataType"":""date"",""fieldKey"":""issue_date"",""sortOrder"":80,""fieldLabel"":""Issue Date"",""validation"":{""message"":""An issue date cannot be in the future"",""notFuture"":true}},{""isPii"":false,""dataType"":""number"",""fieldKey"":""alert_days_before"",""isPrinted"":false,""sortOrder"":90,""fieldLabel"":""Alert Me Before (days)"",""validation"":{""max"":365,""min"":0,""example"":""15"",""message"":""Enter between 0 and 365 days""}},{""isPii"":true,""dataType"":""longtext"",""fieldKey"":""notes"",""isPrinted"":false,""sortOrder"":100,""fieldLabel"":""Notes"",""validation"":{""maxLength"":5000}},{""isPii"":false,""dataType"":""longtext"",""fieldKey"":""custom_fields"",""isPrinted"":false,""sortOrder"":110,""fieldLabel"":""Additional Details"",""validation"":{""maxLength"":5000}}]","document_title,case_number","document_title,case_number,party_names,custody_terms,court_name,decree_date,holder_name,issue_date,alert_days_before,notes,custom_fields","document_title,case_number,party_names,custody_terms,court_name,decree_date,issue_date"
Personal,5,Education,education,"Mark sheets and certificates (school, college)",marksheets_certificates,true,360de534-6e7d-470a-8862-4531a1c48846,29ee06c5-110d-4950-80a6-d04d55620c06,true,2026-09-02T16:06:59.734Z,2026-09-18T17:42:19.155Z,"roll_number,student_name,marks_obtained,percentage,notes","[{""isPii"":false,""dataType"":""text"",""fieldKey"":""document_title"",""sortOrder"":10,""fieldLabel"":""Document Title"",""isRequired"":true},{""isPii"":true,""dataType"":""text"",""fieldKey"":""roll_number"",""sortOrder"":20,""fieldLabel"":""Roll Number"",""isRequired"":true},{""isPii"":true,""dataType"":""text"",""fieldKey"":""student_name"",""sortOrder"":30,""fieldLabel"":""Student Name""},{""isPii"":false,""dataType"":""text"",""fieldKey"":""board_university"",""sortOrder"":40,""fieldLabel"":""Board / University""},{""isPii"":false,""dataType"":""text"",""fieldKey"":""institution_name"",""sortOrder"":50,""fieldLabel"":""Institution Name""},{""isPii"":false,""dataType"":""text"",""fieldKey"":""exam_name"",""sortOrder"":60,""fieldLabel"":""Examination""},{""isPii"":false,""dataType"":""text"",""fieldKey"":""passing_year"",""sortOrder"":70,""fieldLabel"":""Year of Passing""},{""isPii"":true,""dataType"":""text"",""fieldKey"":""marks_obtained"",""sortOrder"":80,""fieldLabel"":""Marks Obtained""},{""isPii"":true,""dataType"":""number"",""fieldKey"":""percentage"",""sortOrder"":90,""fieldLabel"":""Percentage"",""validation"":{""min"":0}},{""isPii"":false,""dataType"":""text"",""fieldKey"":""holder_name"",""isPrinted"":false,""sortOrder"":100,""fieldLabel"":""Holder Name""},{""isPii"":false,""dataType"":""date"",""fieldKey"":""issue_date"",""sortOrder"":110,""fieldLabel"":""Issue Date"",""validation"":{""message"":""An issue date cannot be in the future"",""notFuture"":true}},{""isPii"":false,""dataType"":""number"",""fieldKey"":""alert_days_before"",""isPrinted"":false,""sortOrder"":120,""fieldLabel"":""Alert Me Before (days)"",""validation"":{""max"":365,""min"":0,""example"":""15"",""message"":""Enter between 0 and 365 days""}},{""isPii"":true,""dataType"":""longtext"",""fieldKey"":""notes"",""isPrinted"":false,""sortOrder"":130,""fieldLabel"":""Notes"",""validation"":{""maxLength"":5000}},{""isPii"":false,""dataType"":""longtext"",""fieldKey"":""custom_fields"",""isPrinted"":false,""sortOrder"":140,""fieldLabel"":""Additional Details"",""validation"":{""maxLength"":5000}}]","document_title,roll_number","document_title,roll_number,student_name,board_university,institution_name,exam_name,passing_year,marks_obtained,percentage,holder_name,issue_date,alert_days_before,notes,custom_fields","document_title,roll_number,student_name,board_university,institution_name,exam_name,passing_year,marks_obtained,percentage,issue_date"
Personal,5,Education,education,Degree / diploma certificates,degree_diploma,true,f35a6b50-c9ad-4cf3-9ae0-31e148b84d5a,3bacc5ab-c35b-4a3a-bcc6-1311390686ba,true,2026-09-02T16:06:59.734Z,2026-09-18T17:42:19.155Z,"certificate_number,student_name,grade,notes","[{""isPii"":false,""dataType"":""text"",""fieldKey"":""document_title"",""sortOrder"":10,""fieldLabel"":""Document Title"",""isRequired"":true},{""isPii"":true,""dataType"":""text"",""fieldKey"":""certificate_number"",""sortOrder"":20,""fieldLabel"":""Certificate Number"",""isRequired"":true,""isIdentifier"":true},{""isPii"":true,""dataType"":""text"",""fieldKey"":""student_name"",""sortOrder"":30,""fieldLabel"":""Student Name""},{""isPii"":false,""dataType"":""text"",""fieldKey"":""degree_name"",""sortOrder"":40,""fieldLabel"":""Degree / Diploma""},{""isPii"":false,""dataType"":""text"",""fieldKey"":""specialization"",""sortOrder"":50,""fieldLabel"":""Specialization""},{""isPii"":false,""dataType"":""text"",""fieldKey"":""board_university"",""sortOrder"":60,""fieldLabel"":""Board / University""},{""isPii"":false,""dataType"":""text"",""fieldKey"":""passing_year"",""sortOrder"":70,""fieldLabel"":""Year of Passing""},{""isPii"":true,""dataType"":""text"",""fieldKey"":""grade"",""sortOrder"":80,""fieldLabel"":""Grade / Class""},{""isPii"":false,""dataType"":""text"",""fieldKey"":""holder_name"",""isPrinted"":false,""sortOrder"":90,""fieldLabel"":""Holder Name""},{""isPii"":false,""dataType"":""date"",""fieldKey"":""issue_date"",""sortOrder"":100,""fieldLabel"":""Issue Date"",""validation"":{""message"":""An issue date cannot be in the future"",""notFuture"":true}},{""isPii"":false,""dataType"":""number"",""fieldKey"":""alert_days_before"",""isPrinted"":false,""sortOrder"":110,""fieldLabel"":""Alert Me Before (days)"",""validation"":{""max"":365,""min"":0,""example"":""15"",""message"":""Enter between 0 and 365 days""}},{""isPii"":true,""dataType"":""longtext"",""fieldKey"":""notes"",""isPrinted"":false,""sortOrder"":120,""fieldLabel"":""Notes"",""validation"":{""maxLength"":5000}},{""isPii"":false,""dataType"":""longtext"",""fieldKey"":""custom_fields"",""isPrinted"":false,""sortOrder"":130,""fieldLabel"":""Additional Details"",""validation"":{""maxLength"":5000}}]","document_title,certificate_number","document_title,certificate_number,student_name,degree_name,specialization,board_university,passing_year,grade,holder_name,issue_date,alert_days_before,notes,custom_fields","document_title,certificate_number,student_name,degree_name,specialization,board_university,passing_year,grade,issue_date"
Personal,5,Education,education,Migration and transfer certificates,migration_transfer,true,c449c603-00d5-43ed-bf37-44996785f08c,f6c7ef25-9152-40e5-880c-d8ed2b261b49,true,2026-09-02T16:06:59.734Z,2026-09-18T17:42:19.155Z,"certificate_number,student_name,notes","[{""isPii"":false,""dataType"":""text"",""fieldKey"":""document_title"",""sortOrder"":10,""fieldLabel"":""Document Title"",""isRequired"":true},{""isPii"":true,""dataType"":""text"",""fieldKey"":""certificate_number"",""sortOrder"":20,""fieldLabel"":""Certificate Number"",""isRequired"":true,""isIdentifier"":true},{""isPii"":true,""dataType"":""text"",""fieldKey"":""student_name"",""sortOrder"":30,""fieldLabel"":""Student Name""},{""isPii"":false,""dataType"":""text"",""fieldKey"":""institution_name"",""sortOrder"":40,""fieldLabel"":""Institution Name""},{""isPii"":false,""dataType"":""text"",""fieldKey"":""board_university"",""sortOrder"":50,""fieldLabel"":""Board / University""},{""isPii"":false,""dataType"":""text"",""fieldKey"":""holder_name"",""isPrinted"":false,""sortOrder"":60,""fieldLabel"":""Holder Name""},{""isPii"":false,""dataType"":""date"",""fieldKey"":""issue_date"",""sortOrder"":70,""fieldLabel"":""Issue Date"",""validation"":{""message"":""An issue date cannot be in the future"",""notFuture"":true}},{""isPii"":false,""dataType"":""number"",""fieldKey"":""alert_days_before"",""isPrinted"":false,""sortOrder"":80,""fieldLabel"":""Alert Me Before (days)"",""validation"":{""max"":365,""min"":0,""example"":""15"",""message"":""Enter between 0 and 365 days""}},{""isPii"":true,""dataType"":""longtext"",""fieldKey"":""notes"",""isPrinted"":false,""sortOrder"":90,""fieldLabel"":""Notes"",""validation"":{""maxLength"":5000}},{""isPii"":false,""dataType"":""longtext"",""fieldKey"":""custom_fields"",""isPrinted"":false,""sortOrder"":100,""fieldLabel"":""Additional Details"",""validation"":{""maxLength"":5000}}]","document_title,certificate_number","document_title,certificate_number,student_name,institution_name,board_university,holder_name,issue_date,alert_days_before,notes,custom_fields","document_title,certificate_number,student_name,institution_name,board_university,issue_date"
Personal,5,Education,education,Entrance exam scorecards,entrance_exam_scorecards,true,3e06b5ff-4101-4b3b-b717-4a6e6c6f3b04,a8759da8-ecbe-40a9-be2d-a1b63fdff551,true,2026-09-02T16:06:59.734Z,2026-09-18T17:42:19.155Z,"roll_number,candidate_name,score,rank_obtained,notes","[{""isPii"":false,""dataType"":""text"",""fieldKey"":""document_title"",""sortOrder"":10,""fieldLabel"":""Document Title"",""isRequired"":true},{""isPii"":true,""dataType"":""text"",""fieldKey"":""roll_number"",""sortOrder"":20,""fieldLabel"":""Roll Number"",""isRequired"":true},{""isPii"":true,""dataType"":""text"",""fieldKey"":""candidate_name"",""sortOrder"":30,""fieldLabel"":""Candidate Name""},{""isPii"":false,""dataType"":""text"",""fieldKey"":""exam_name"",""sortOrder"":40,""fieldLabel"":""Examination""},{""isPii"":false,""dataType"":""text"",""fieldKey"":""exam_year"",""sortOrder"":50,""fieldLabel"":""Exam Year""},{""isPii"":true,""dataType"":""text"",""fieldKey"":""score"",""sortOrder"":60,""fieldLabel"":""Score""},{""isPii"":true,""dataType"":""text"",""fieldKey"":""rank_obtained"",""sortOrder"":70,""fieldLabel"":""Rank""},{""isPii"":false,""dataType"":""text"",""fieldKey"":""holder_name"",""isPrinted"":false,""sortOrder"":80,""fieldLabel"":""Holder Name""},{""isPii"":false,""dataType"":""date"",""fieldKey"":""issue_date"",""sortOrder"":90,""fieldLabel"":""Issue Date"",""validation"":{""message"":""An issue date cannot be in the future"",""notFuture"":true}},{""isPii"":false,""dataType"":""number"",""fieldKey"":""alert_days_before"",""isPrinted"":false,""sortOrder"":100,""fieldLabel"":""Alert Me Before (days)"",""validation"":{""max"":365,""min"":0,""example"":""15"",""message"":""Enter between 0 and 365 days""}},{""isPii"":true,""dataType"":""longtext"",""fieldKey"":""notes"",""isPrinted"":false,""sortOrder"":110,""fieldLabel"":""Notes"",""validation"":{""maxLength"":5000}},{""isPii"":false,""dataType"":""longtext"",""fieldKey"":""custom_fields"",""isPrinted"":false,""sortOrder"":120,""fieldLabel"":""Additional Details"",""validation"":{""maxLength"":5000}}]","document_title,roll_number","document_title,roll_number,candidate_name,exam_name,exam_year,score,rank_obtained,holder_name,issue_date,alert_days_before,notes,custom_fields","document_title,roll_number,candidate_name,exam_name,exam_year,score,rank_obtained,issue_date"
Personal,5,Education,education,Bonafide certificate,bonafide_certificate,true,34a01ac0-d261-497e-ab75-3789353a4200,1303364a-cc0e-4ab3-b77b-cc47afb11241,true,2026-09-08T08:13:51.982Z,2026-09-08T08:13:51.982Z,notes,"[{""isPii"":false,""dataType"":""text"",""fieldKey"":""document_title"",""moduleKey"":""education"",""sortOrder"":10,""fieldLabel"":""Document Title"",""isRequired"":true,""documentKey"":""bonafide_certificate""},{""isPii"":false,""dataType"":""text"",""fieldKey"":""holder_name"",""isPrinted"":false,""moduleKey"":""education"",""sortOrder"":20,""fieldLabel"":""Holder Name"",""documentKey"":""bonafide_certificate""},{""isPii"":false,""dataType"":""date"",""fieldKey"":""issue_date"",""moduleKey"":""education"",""sortOrder"":30,""fieldLabel"":""Issue Date"",""validation"":{""message"":""An issue date cannot be in the future"",""notFuture"":true},""documentKey"":""bonafide_certificate""},{""isPii"":false,""dataType"":""number"",""fieldKey"":""alert_days_before"",""isPrinted"":false,""moduleKey"":""education"",""sortOrder"":40,""fieldLabel"":""Alert Me Before (days)"",""validation"":{""max"":365,""min"":0,""example"":""15"",""message"":""Enter between 0 and 365 days""},""documentKey"":""bonafide_certificate""},{""isPii"":true,""dataType"":""longtext"",""fieldKey"":""notes"",""isPrinted"":false,""moduleKey"":""education"",""sortOrder"":50,""fieldLabel"":""Notes"",""validation"":{""maxLength"":5000},""documentKey"":""bonafide_certificate""},{""isPii"":false,""dataType"":""longtext"",""fieldKey"":""custom_fields"",""isPrinted"":false,""moduleKey"":""education"",""sortOrder"":60,""fieldLabel"":""Additional Details"",""validation"":{""maxLength"":5000},""documentKey"":""bonafide_certificate""}]",document_title,"document_title,holder_name,issue_date,alert_days_before,notes,custom_fields","document_title,issue_date"
Personal,6,Health & Medical,health_medical,Medical records and prescriptions,records_prescriptions,true,d2d8deb6-e742-49a9-884c-f2e73dafcd87,2a751603-8753-461b-ac56-8541cb625bd3,true,2026-09-02T16:06:59.734Z,2026-09-18T17:42:19.155Z,"patient_name,diagnosis,prescription_text,notes","[{""isPii"":false,""dataType"":""text"",""fieldKey"":""document_title"",""sortOrder"":10,""fieldLabel"":""Document Title"",""isRequired"":true},{""isPii"":true,""dataType"":""text"",""fieldKey"":""patient_name"",""sortOrder"":20,""fieldLabel"":""Patient Name"",""isRequired"":true},{""isPii"":true,""dataType"":""longtext"",""fieldKey"":""diagnosis"",""sortOrder"":30,""fieldLabel"":""Diagnosis"",""validation"":{""maxLength"":5000}},{""isPii"":true,""dataType"":""longtext"",""fieldKey"":""prescription_text"",""sortOrder"":40,""fieldLabel"":""Prescription"",""validation"":{""maxLength"":5000}},{""isPii"":false,""dataType"":""text"",""fieldKey"":""doctor_name"",""sortOrder"":50,""fieldLabel"":""Doctor Name""},{""isPii"":false,""dataType"":""text"",""fieldKey"":""hospital_name"",""sortOrder"":60,""fieldLabel"":""Hospital / Clinic""},{""isPii"":false,""dataType"":""date"",""fieldKey"":""visit_date"",""sortOrder"":70,""fieldLabel"":""Visit Date"",""isRequired"":true,""validation"":{""message"":""A visit date cannot be in the future"",""notFuture"":true}},{""isPii"":false,""dataType"":""text"",""fieldKey"":""holder_name"",""isPrinted"":false,""sortOrder"":80,""fieldLabel"":""Holder Name""},{""isPii"":false,""dataType"":""date"",""fieldKey"":""issue_date"",""sortOrder"":90,""fieldLabel"":""Issue Date"",""validation"":{""message"":""An issue date cannot be in the future"",""notFuture"":true}},{""isPii"":false,""dataType"":""number"",""fieldKey"":""alert_days_before"",""isPrinted"":false,""sortOrder"":100,""fieldLabel"":""Alert Me Before (days)"",""validation"":{""max"":365,""min"":0,""example"":""15"",""message"":""Enter between 0 and 365 days""}},{""isPii"":true,""dataType"":""longtext"",""fieldKey"":""notes"",""isPrinted"":false,""sortOrder"":110,""fieldLabel"":""Notes"",""validation"":{""maxLength"":5000}},{""isPii"":false,""dataType"":""longtext"",""fieldKey"":""custom_fields"",""isPrinted"":false,""sortOrder"":120,""fieldLabel"":""Additional Details"",""validation"":{""maxLength"":5000}}]","document_title,patient_name,visit_date","document_title,patient_name,diagnosis,prescription_text,doctor_name,hospital_name,visit_date,holder_name,issue_date,alert_days_before,notes,custom_fields","document_title,patient_name,diagnosis,prescription_text,doctor_name,hospital_name,visit_date,issue_date"
Personal,6,Health & Medical,health_medical,Vaccination certificates,vaccination_certificates,true,582f693a-3fec-4760-a68b-babe8bad5b08,0ad3a72f-9522-48d2-a91d-490fe054ce5f,true,2026-09-02T16:06:59.734Z,2026-09-18T17:42:19.155Z,"beneficiary_name,beneficiary_id,notes","[{""isPii"":false,""dataType"":""text"",""fieldKey"":""document_title"",""sortOrder"":10,""fieldLabel"":""Document Title"",""isRequired"":true},{""isPii"":true,""dataType"":""text"",""fieldKey"":""beneficiary_name"",""sortOrder"":20,""fieldLabel"":""Beneficiary Name"",""isRequired"":true},{""isPii"":true,""dataType"":""text"",""fieldKey"":""beneficiary_id"",""sortOrder"":30,""fieldLabel"":""Beneficiary ID""},{""isPii"":false,""dataType"":""text"",""fieldKey"":""vaccine_name"",""sortOrder"":40,""fieldLabel"":""Vaccine"",""isRequired"":true},{""isPii"":false,""dataType"":""number"",""fieldKey"":""dose_number"",""sortOrder"":50,""fieldLabel"":""Dose Number"",""validation"":{""min"":0}},{""isPii"":false,""dataType"":""text"",""fieldKey"":""vaccination_centre"",""sortOrder"":60,""fieldLabel"":""Vaccination Centre""},{""isPii"":false,""dataType"":""date"",""fieldKey"":""vaccination_date"",""sortOrder"":70,""fieldLabel"":""Vaccination Date"",""isRequired"":true,""validation"":{""message"":""A vaccination date cannot be in the future"",""notFuture"":true}},{""isPii"":false,""dataType"":""text"",""fieldKey"":""holder_name"",""isPrinted"":false,""sortOrder"":80,""fieldLabel"":""Holder Name""},{""isPii"":false,""dataType"":""date"",""fieldKey"":""issue_date"",""sortOrder"":90,""fieldLabel"":""Issue Date"",""validation"":{""message"":""An issue date cannot be in the future"",""notFuture"":true}},{""isPii"":false,""dataType"":""number"",""fieldKey"":""alert_days_before"",""isPrinted"":false,""sortOrder"":100,""fieldLabel"":""Alert Me Before (days)"",""validation"":{""max"":365,""min"":0,""example"":""15"",""message"":""Enter between 0 and 365 days""}},{""isPii"":true,""dataType"":""longtext"",""fieldKey"":""notes"",""isPrinted"":false,""sortOrder"":110,""fieldLabel"":""Notes"",""validation"":{""maxLength"":5000}},{""isPii"":false,""dataType"":""longtext"",""fieldKey"":""custom_fields"",""isPrinted"":false,""sortOrder"":120,""fieldLabel"":""Additional Details"",""validation"":{""maxLength"":5000}}]","document_title,beneficiary_name,vaccine_name,vaccination_date","document_title,beneficiary_name,beneficiary_id,vaccine_name,dose_number,vaccination_centre,vaccination_date,holder_name,issue_date,alert_days_before,notes,custom_fields","document_title,beneficiary_name,beneficiary_id,vaccine_name,dose_number,vaccination_centre,vaccination_date,issue_date"
Personal,6,Health & Medical,health_medical,Health check-up reports,checkup_reports,true,f3f53b59-5ac3-4661-82b7-0dce62727f31,f152091a-b8bb-4cc7-b71d-5a7d449e9c58,true,2026-09-02T16:06:59.734Z,2026-09-18T17:42:19.155Z,"patient_name,test_results,notes","[{""isPii"":false,""dataType"":""text"",""fieldKey"":""document_title"",""sortOrder"":10,""fieldLabel"":""Document Title"",""isRequired"":true},{""isPii"":true,""dataType"":""text"",""fieldKey"":""patient_name"",""sortOrder"":20,""fieldLabel"":""Patient Name"",""isRequired"":true},{""isPii"":true,""dataType"":""longtext"",""fieldKey"":""test_results"",""sortOrder"":30,""fieldLabel"":""Test Results"",""validation"":{""maxLength"":5000}},{""isPii"":false,""dataType"":""text"",""fieldKey"":""lab_name"",""sortOrder"":40,""fieldLabel"":""Laboratory""},{""isPii"":false,""dataType"":""text"",""fieldKey"":""referring_doctor"",""sortOrder"":50,""fieldLabel"":""Referring Doctor""},{""isPii"":false,""dataType"":""date"",""fieldKey"":""report_date"",""sortOrder"":60,""fieldLabel"":""Report Date"",""isRequired"":true},{""isPii"":false,""dataType"":""text"",""fieldKey"":""holder_name"",""isPrinted"":false,""sortOrder"":70,""fieldLabel"":""Holder Name""},{""isPii"":false,""dataType"":""date"",""fieldKey"":""issue_date"",""sortOrder"":80,""fieldLabel"":""Issue Date"",""validation"":{""message"":""An issue date cannot be in the future"",""notFuture"":true}},{""isPii"":false,""dataType"":""number"",""fieldKey"":""alert_days_before"",""isPrinted"":false,""sortOrder"":90,""fieldLabel"":""Alert Me Before (days)"",""validation"":{""max"":365,""min"":0,""example"":""15"",""message"":""Enter between 0 and 365 days""}},{""isPii"":true,""dataType"":""longtext"",""fieldKey"":""notes"",""isPrinted"":false,""sortOrder"":100,""fieldLabel"":""Notes"",""validation"":{""maxLength"":5000}},{""isPii"":false,""dataType"":""longtext"",""fieldKey"":""custom_fields"",""isPrinted"":false,""sortOrder"":110,""fieldLabel"":""Additional Details"",""validation"":{""maxLength"":5000}}]","document_title,patient_name,report_date","document_title,patient_name,test_results,lab_name,referring_doctor,report_date,holder_name,issue_date,alert_days_before,notes,custom_fields","document_title,patient_name,test_results,lab_name,referring_doctor,report_date,issue_date"
Personal,6,Health & Medical,health_medical,Hospital discharge summaries,discharge_summaries,true,087d946e-c955-4a07-af46-28d7084afa22,ba777f6c-7bf4-4670-91e2-57ace6813d67,true,2026-09-02T16:06:59.734Z,2026-09-18T17:42:19.155Z,"patient_name,diagnosis,treatment_summary,notes","[{""isPii"":false,""dataType"":""text"",""fieldKey"":""document_title"",""sortOrder"":10,""fieldLabel"":""Document Title"",""isRequired"":true},{""isPii"":true,""dataType"":""text"",""fieldKey"":""patient_name"",""sortOrder"":20,""fieldLabel"":""Patient Name"",""isRequired"":true},{""isPii"":true,""dataType"":""longtext"",""fieldKey"":""diagnosis"",""sortOrder"":30,""fieldLabel"":""Diagnosis"",""validation"":{""maxLength"":5000}},{""isPii"":true,""dataType"":""longtext"",""fieldKey"":""treatment_summary"",""sortOrder"":40,""fieldLabel"":""Treatment Summary"",""validation"":{""maxLength"":5000}},{""isPii"":false,""dataType"":""text"",""fieldKey"":""hospital_name"",""sortOrder"":50,""fieldLabel"":""Hospital""},{""isPii"":false,""dataType"":""date"",""fieldKey"":""admission_date"",""sortOrder"":60,""fieldLabel"":""Admission Date"",""isRequired"":true,""validation"":{""message"":""An admission date cannot be in the future"",""notFuture"":true}},{""isPii"":false,""dataType"":""date"",""fieldKey"":""discharge_date"",""sortOrder"":70,""fieldLabel"":""Discharge Date"",""validation"":{""message"":""Discharge cannot be before admission"",""afterField"":""admission_date""}},{""isPii"":false,""dataType"":""text"",""fieldKey"":""holder_name"",""isPrinted"":false,""sortOrder"":80,""fieldLabel"":""Holder Name""},{""isPii"":false,""dataType"":""date"",""fieldKey"":""issue_date"",""sortOrder"":90,""fieldLabel"":""Issue Date"",""validation"":{""message"":""An issue date cannot be in the future"",""notFuture"":true}},{""isPii"":false,""dataType"":""number"",""fieldKey"":""alert_days_before"",""isPrinted"":false,""sortOrder"":100,""fieldLabel"":""Alert Me Before (days)"",""validation"":{""max"":365,""min"":0,""example"":""15"",""message"":""Enter between 0 and 365 days""}},{""isPii"":true,""dataType"":""longtext"",""fieldKey"":""notes"",""isPrinted"":false,""sortOrder"":110,""fieldLabel"":""Notes"",""validation"":{""maxLength"":5000}},{""isPii"":false,""dataType"":""longtext"",""fieldKey"":""custom_fields"",""isPrinted"":false,""sortOrder"":120,""fieldLabel"":""Additional Details"",""validation"":{""maxLength"":5000}}]","document_title,patient_name,admission_date","document_title,patient_name,diagnosis,treatment_summary,hospital_name,admission_date,discharge_date,holder_name,issue_date,alert_days_before,notes,custom_fields","document_title,patient_name,diagnosis,treatment_summary,hospital_name,admission_date,discharge_date,issue_date"
Personal,6,Health & Medical,health_medical,Health insurance claim documents,insurance_claims,true,a4c07988-80a3-48c7-9911-4c06cfed46f6,9d4b1bd2-9ff4-495e-ba16-c88e7526170e,true,2026-09-02T16:06:59.734Z,2026-09-18T17:42:19.155Z,"claim_number,policy_number,patient_name,claim_amount,approved_amount,notes","[{""isPii"":false,""dataType"":""text"",""fieldKey"":""document_title"",""sortOrder"":10,""fieldLabel"":""Document Title"",""isRequired"":true},{""isPii"":true,""dataType"":""text"",""fieldKey"":""claim_number"",""sortOrder"":20,""fieldLabel"":""Claim Number"",""isRequired"":true,""isIdentifier"":true},{""isPii"":true,""dataType"":""text"",""fieldKey"":""policy_number"",""sortOrder"":30,""fieldLabel"":""Policy Number"",""isIdentifier"":true},{""isPii"":true,""dataType"":""text"",""fieldKey"":""patient_name"",""sortOrder"":40,""fieldLabel"":""Patient Name""},{""isPii"":false,""dataType"":""text"",""fieldKey"":""insurer_name"",""sortOrder"":50,""fieldLabel"":""Insurer Name""},{""isPii"":true,""dataType"":""currency"",""fieldKey"":""claim_amount"",""sortOrder"":60,""fieldLabel"":""Claim Amount"",""validation"":{""min"":0}},{""isPii"":true,""dataType"":""currency"",""fieldKey"":""approved_amount"",""sortOrder"":70,""fieldLabel"":""Approved Amount"",""validation"":{""min"":0}},{""isPii"":false,""dataType"":""text"",""fieldKey"":""claim_status"",""sortOrder"":80,""fieldLabel"":""Claim Status""},{""isPii"":false,""dataType"":""date"",""fieldKey"":""claim_date"",""sortOrder"":90,""fieldLabel"":""Claim Date""},{""isPii"":false,""dataType"":""text"",""fieldKey"":""holder_name"",""isPrinted"":false,""sortOrder"":100,""fieldLabel"":""Holder Name""},{""isPii"":false,""dataType"":""date"",""fieldKey"":""issue_date"",""sortOrder"":110,""fieldLabel"":""Issue Date"",""validation"":{""message"":""An issue date cannot be in the future"",""notFuture"":true}},{""isPii"":false,""dataType"":""number"",""fieldKey"":""alert_days_before"",""isPrinted"":false,""sortOrder"":120,""fieldLabel"":""Alert Me Before (days)"",""validation"":{""max"":365,""min"":0,""example"":""15"",""message"":""Enter between 0 and 365 days""}},{""isPii"":true,""dataType"":""longtext"",""fieldKey"":""notes"",""isPrinted"":false,""sortOrder"":130,""fieldLabel"":""Notes"",""validation"":{""maxLength"":5000}},{""isPii"":false,""dataType"":""longtext"",""fieldKey"":""custom_fields"",""isPrinted"":false,""sortOrder"":140,""fieldLabel"":""Additional Details"",""validation"":{""maxLength"":5000}}]","document_title,claim_number","document_title,claim_number,policy_number,patient_name,insurer_name,claim_amount,approved_amount,claim_status,claim_date,holder_name,issue_date,alert_days_before,notes,custom_fields","document_title,claim_number,policy_number,patient_name,insurer_name,claim_amount,approved_amount,claim_status,claim_date,issue_date"
Personal,6,Health & Medical,health_medical,Disability certificate,disability_certificate,true,cc212a00-fbd3-4b95-87a3-c61457bc3b39,6fe83614-5a1b-48ce-ba18-e1c3f4e2ec37,true,2026-09-02T16:06:59.734Z,2026-09-18T17:42:19.155Z,"certificate_number,person_name,disability_type,disability_percentage,notes","[{""isPii"":false,""dataType"":""text"",""fieldKey"":""document_title"",""sortOrder"":10,""fieldLabel"":""Document Title"",""isRequired"":true},{""isPii"":true,""dataType"":""text"",""fieldKey"":""certificate_number"",""sortOrder"":20,""fieldLabel"":""Certificate Number"",""isRequired"":true,""isIdentifier"":true},{""isPii"":true,""dataType"":""text"",""fieldKey"":""person_name"",""sortOrder"":30,""fieldLabel"":""Person Name""},{""isPii"":true,""dataType"":""text"",""fieldKey"":""disability_type"",""sortOrder"":40,""fieldLabel"":""Disability Type""},{""isPii"":true,""dataType"":""number"",""fieldKey"":""disability_percentage"",""sortOrder"":50,""fieldLabel"":""Disability Percentage"",""validation"":{""min"":0}},{""isPii"":false,""dataType"":""text"",""fieldKey"":""issuing_authority"",""sortOrder"":60,""fieldLabel"":""Issuing Authority""},{""isPii"":false,""dataType"":""date"",""fieldKey"":""valid_to"",""sortOrder"":70,""fieldLabel"":""Valid To"",""validation"":{""message"":""Valid to must be on or after valid from"",""afterField"":""valid_from""},""alertDaysBefore"":30},{""isPii"":false,""dataType"":""text"",""fieldKey"":""holder_name"",""isPrinted"":false,""sortOrder"":80,""fieldLabel"":""Holder Name""},{""isPii"":false,""dataType"":""date"",""fieldKey"":""issue_date"",""sortOrder"":90,""fieldLabel"":""Issue Date"",""validation"":{""message"":""An issue date cannot be in the future"",""notFuture"":true}},{""isPii"":false,""dataType"":""number"",""fieldKey"":""alert_days_before"",""isPrinted"":false,""sortOrder"":100,""fieldLabel"":""Alert Me Before (days)"",""validation"":{""max"":365,""min"":0,""example"":""15"",""message"":""Enter between 0 and 365 days""}},{""isPii"":true,""dataType"":""longtext"",""fieldKey"":""notes"",""isPrinted"":false,""sortOrder"":110,""fieldLabel"":""Notes"",""validation"":{""maxLength"":5000}},{""isPii"":false,""dataType"":""longtext"",""fieldKey"":""custom_fields"",""isPrinted"":false,""sortOrder"":120,""fieldLabel"":""Additional Details"",""validation"":{""maxLength"":5000}}]","document_title,certificate_number","document_title,certificate_number,person_name,disability_type,disability_percentage,issuing_authority,valid_to,holder_name,issue_date,alert_days_before,notes,custom_fields","document_title,certificate_number,person_name,disability_type,disability_percentage,issuing_authority,valid_to,issue_date"
Personal,7,Employment,employment,Offer / appointment letters,offer_appointment_letters,true,2de089c5-1556-4939-864a-784c722fd973,582ff779-0e64-4b85-ae4f-b2836f494101,true,2026-09-02T16:06:59.734Z,2026-09-18T17:42:19.155Z,"employee_name,annual_ctc,notes","[{""isPii"":false,""dataType"":""text"",""fieldKey"":""document_title"",""sortOrder"":10,""fieldLabel"":""Document Title"",""isRequired"":true},{""isPii"":true,""dataType"":""text"",""fieldKey"":""employee_name"",""sortOrder"":20,""fieldLabel"":""Employee Name""},{""isPii"":false,""dataType"":""text"",""fieldKey"":""employer_name"",""sortOrder"":30,""fieldLabel"":""Employer Name"",""isRequired"":true},{""isPii"":false,""dataType"":""text"",""fieldKey"":""designation"",""sortOrder"":40,""fieldLabel"":""Designation""},{""isPii"":true,""dataType"":""currency"",""fieldKey"":""annual_ctc"",""sortOrder"":50,""fieldLabel"":""Annual CTC"",""validation"":{""min"":0}},{""isPii"":false,""dataType"":""text"",""fieldKey"":""work_location"",""sortOrder"":60,""fieldLabel"":""Work Location""},{""isPii"":false,""dataType"":""date"",""fieldKey"":""joining_date"",""sortOrder"":70,""fieldLabel"":""Joining Date"",""isRequired"":true},{""isPii"":false,""dataType"":""text"",""fieldKey"":""holder_name"",""isPrinted"":false,""sortOrder"":80,""fieldLabel"":""Holder Name""},{""isPii"":false,""dataType"":""date"",""fieldKey"":""issue_date"",""sortOrder"":90,""fieldLabel"":""Issue Date"",""validation"":{""message"":""An issue date cannot be in the future"",""notFuture"":true}},{""isPii"":false,""dataType"":""number"",""fieldKey"":""alert_days_before"",""isPrinted"":false,""sortOrder"":100,""fieldLabel"":""Alert Me Before (days)"",""validation"":{""max"":365,""min"":0,""example"":""15"",""message"":""Enter between 0 and 365 days""}},{""isPii"":true,""dataType"":""longtext"",""fieldKey"":""notes"",""isPrinted"":false,""sortOrder"":110,""fieldLabel"":""Notes"",""validation"":{""maxLength"":5000}},{""isPii"":false,""dataType"":""longtext"",""fieldKey"":""custom_fields"",""isPrinted"":false,""sortOrder"":120,""fieldLabel"":""Additional Details"",""validation"":{""maxLength"":5000}}]","document_title,employer_name,joining_date","document_title,employee_name,employer_name,designation,annual_ctc,work_location,joining_date,holder_name,issue_date,alert_days_before,notes,custom_fields","document_title,employee_name,employer_name,designation,annual_ctc,work_location,joining_date,issue_date"
Personal,7,Employment,employment,Salary slips,salary_slips,true,2d71aef5-d07c-4e34-84a9-403bc764efd1,4fd59c07-a0c9-416d-85ee-ae5dc8566373,true,2026-09-02T16:06:59.734Z,2026-09-18T17:42:19.155Z,"employee_id,employee_name,gross_salary,total_deductions,net_salary,uan_number,notes","[{""isPii"":false,""dataType"":""text"",""fieldKey"":""document_title"",""sortOrder"":10,""fieldLabel"":""Document Title"",""isRequired"":true},{""isPii"":true,""dataType"":""text"",""fieldKey"":""employee_id"",""sortOrder"":20,""fieldLabel"":""Employee ID"",""isRequired"":true},{""isPii"":true,""dataType"":""text"",""fieldKey"":""employee_name"",""sortOrder"":30,""fieldLabel"":""Employee Name""},{""isPii"":false,""dataType"":""text"",""fieldKey"":""employer_name"",""sortOrder"":40,""fieldLabel"":""Employer Name""},{""isPii"":false,""dataType"":""text"",""fieldKey"":""pay_period"",""sortOrder"":50,""fieldLabel"":""Pay Period""},{""isPii"":true,""dataType"":""currency"",""fieldKey"":""gross_salary"",""sortOrder"":60,""fieldLabel"":""Gross Salary"",""validation"":{""min"":0}},{""isPii"":true,""dataType"":""currency"",""fieldKey"":""total_deductions"",""sortOrder"":70,""fieldLabel"":""Total Deductions"",""validation"":{""min"":0}},{""isPii"":true,""dataType"":""currency"",""fieldKey"":""net_salary"",""sortOrder"":80,""fieldLabel"":""Net Salary"",""validation"":{""min"":0}},{""isPii"":true,""dataType"":""text"",""fieldKey"":""uan_number"",""sortOrder"":90,""fieldLabel"":""UAN Number"",""validation"":{""message"":""UAN is 12 digits"",""pattern"":""^[0-9]{12}$"",""maxLength"":12},""isIdentifier"":false},{""isPii"":false,""dataType"":""text"",""fieldKey"":""holder_name"",""isPrinted"":false,""sortOrder"":100,""fieldLabel"":""Holder Name""},{""isPii"":false,""dataType"":""date"",""fieldKey"":""issue_date"",""sortOrder"":110,""fieldLabel"":""Issue Date"",""validation"":{""message"":""An issue date cannot be in the future"",""notFuture"":true}},{""isPii"":false,""dataType"":""number"",""fieldKey"":""alert_days_before"",""isPrinted"":false,""sortOrder"":120,""fieldLabel"":""Alert Me Before (days)"",""validation"":{""max"":365,""min"":0,""example"":""15"",""message"":""Enter between 0 and 365 days""}},{""isPii"":true,""dataType"":""longtext"",""fieldKey"":""notes"",""isPrinted"":false,""sortOrder"":130,""fieldLabel"":""Notes"",""validation"":{""maxLength"":5000}},{""isPii"":false,""dataType"":""longtext"",""fieldKey"":""custom_fields"",""isPrinted"":false,""sortOrder"":140,""fieldLabel"":""Additional Details"",""validation"":{""maxLength"":5000}}]","document_title,employee_id","document_title,employee_id,employee_name,employer_name,pay_period,gross_salary,total_deductions,net_salary,uan_number,holder_name,issue_date,alert_days_before,notes,custom_fields","document_title,employee_id,employee_name,employer_name,pay_period,gross_salary,total_deductions,net_salary,uan_number,issue_date"
Personal,7,Employment,employment,Experience / relieving letters,experience_relieving_letters,true,6ad187d1-4f19-4c9a-9891-504cf10a297c,a9a0f4d0-c2ea-42e3-856c-2cc2cffa7910,true,2026-09-02T16:06:59.734Z,2026-09-18T17:42:19.155Z,"employee_name,notes","[{""isPii"":false,""dataType"":""text"",""fieldKey"":""document_title"",""sortOrder"":10,""fieldLabel"":""Document Title"",""isRequired"":true},{""isPii"":true,""dataType"":""text"",""fieldKey"":""employee_name"",""sortOrder"":20,""fieldLabel"":""Employee Name""},{""isPii"":false,""dataType"":""text"",""fieldKey"":""employer_name"",""sortOrder"":30,""fieldLabel"":""Employer Name"",""isRequired"":true},{""isPii"":false,""dataType"":""text"",""fieldKey"":""designation"",""sortOrder"":40,""fieldLabel"":""Designation""},{""isPii"":false,""dataType"":""date"",""fieldKey"":""employment_from"",""sortOrder"":50,""fieldLabel"":""Employed From"",""isRequired"":true},{""isPii"":false,""dataType"":""date"",""fieldKey"":""employment_to"",""sortOrder"":60,""fieldLabel"":""Employed To"",""isRequired"":true,""validation"":{""message"":""End date must be on or after the start date"",""afterField"":""employment_from""},""alertDaysBefore"":45},{""isPii"":false,""dataType"":""text"",""fieldKey"":""holder_name"",""isPrinted"":false,""sortOrder"":70,""fieldLabel"":""Holder Name""},{""isPii"":false,""dataType"":""date"",""fieldKey"":""issue_date"",""sortOrder"":80,""fieldLabel"":""Issue Date"",""validation"":{""message"":""An issue date cannot be in the future"",""notFuture"":true}},{""isPii"":false,""dataType"":""number"",""fieldKey"":""alert_days_before"",""isPrinted"":false,""sortOrder"":90,""fieldLabel"":""Alert Me Before (days)"",""validation"":{""max"":365,""min"":0,""example"":""15"",""message"":""Enter between 0 and 365 days""}},{""isPii"":true,""dataType"":""longtext"",""fieldKey"":""notes"",""isPrinted"":false,""sortOrder"":100,""fieldLabel"":""Notes"",""validation"":{""maxLength"":5000}},{""isPii"":false,""dataType"":""longtext"",""fieldKey"":""custom_fields"",""isPrinted"":false,""sortOrder"":110,""fieldLabel"":""Additional Details"",""validation"":{""maxLength"":5000}}]","document_title,employer_name,employment_from,employment_to","document_title,employee_name,employer_name,designation,employment_from,employment_to,holder_name,issue_date,alert_days_before,notes,custom_fields","document_title,employee_name,employer_name,designation,employment_from,employment_to,issue_date"
Personal,7,Employment,employment,EPF UAN documents,epf_uan_documents,true,328bfd4b-5e7d-4856-bedc-d47a0b73e68d,f096ba3e-c2bb-4e48-8565-53a94bc292de,true,2026-09-02T16:06:59.734Z,2026-09-18T17:42:19.155Z,"uan_number,pf_account_number,member_name,pf_balance,notes","[{""isPii"":false,""dataType"":""text"",""fieldKey"":""document_title"",""sortOrder"":10,""fieldLabel"":""Document Title"",""isRequired"":true},{""isPii"":true,""dataType"":""text"",""fieldKey"":""uan_number"",""sortOrder"":20,""fieldLabel"":""UAN Number"",""isRequired"":true,""validation"":{""message"":""UAN is 12 digits"",""pattern"":""^[0-9]{12}$"",""maxLength"":12},""isIdentifier"":true},{""isPii"":true,""dataType"":""text"",""fieldKey"":""pf_account_number"",""sortOrder"":30,""fieldLabel"":""PF Account Number"",""isIdentifier"":true},{""isPii"":true,""dataType"":""text"",""fieldKey"":""member_name"",""sortOrder"":40,""fieldLabel"":""Member Name""},{""isPii"":false,""dataType"":""text"",""fieldKey"":""employer_name"",""sortOrder"":50,""fieldLabel"":""Employer Name""},{""isPii"":true,""dataType"":""currency"",""fieldKey"":""pf_balance"",""sortOrder"":60,""fieldLabel"":""PF Balance"",""validation"":{""min"":0}},{""isPii"":false,""dataType"":""text"",""fieldKey"":""holder_name"",""isPrinted"":false,""sortOrder"":70,""fieldLabel"":""Holder Name""},{""isPii"":false,""dataType"":""date"",""fieldKey"":""issue_date"",""sortOrder"":80,""fieldLabel"":""Issue Date"",""validation"":{""message"":""An issue date cannot be in the future"",""notFuture"":true}},{""isPii"":false,""dataType"":""number"",""fieldKey"":""alert_days_before"",""isPrinted"":false,""sortOrder"":90,""fieldLabel"":""Alert Me Before (days)"",""validation"":{""max"":365,""min"":0,""example"":""15"",""message"":""Enter between 0 and 365 days""}},{""isPii"":true,""dataType"":""longtext"",""fieldKey"":""notes"",""isPrinted"":false,""sortOrder"":100,""fieldLabel"":""Notes"",""validation"":{""maxLength"":5000}},{""isPii"":false,""dataType"":""longtext"",""fieldKey"":""custom_fields"",""isPrinted"":false,""sortOrder"":110,""fieldLabel"":""Additional Details"",""validation"":{""maxLength"":5000}}]","document_title,uan_number","document_title,uan_number,pf_account_number,member_name,employer_name,pf_balance,holder_name,issue_date,alert_days_before,notes,custom_fields","document_title,uan_number,pf_account_number,member_name,employer_name,pf_balance,issue_date"
Personal,8,Vehicle,vehicle,RC (Registration Certificate),registration_certificate,true,93230e30-a284-4759-81f1-c3fc396d89e5,cda55492-9cc4-4001-ac08-790c328c39d3,true,2026-09-02T16:06:59.734Z,2026-09-18T17:42:19.155Z,"registration_number,chassis_number,engine_number,owner_name,notes","[{""isPii"":false,""dataType"":""text"",""fieldKey"":""document_title"",""sortOrder"":10,""fieldLabel"":""Document Title"",""isRequired"":true},{""isPii"":true,""dataType"":""text"",""fieldKey"":""registration_number"",""sortOrder"":20,""fieldLabel"":""Registration Number"",""isRequired"":true,""validation"":{""message"":""Enter the number as printed on the document"",""pattern"":""^[A-Za-z0-9][A-Za-z0-9 -]{3,24}$""},""isIdentifier"":true},{""isPii"":true,""dataType"":""text"",""fieldKey"":""chassis_number"",""sortOrder"":30,""fieldLabel"":""Chassis Number"",""isIdentifier"":true},{""isPii"":true,""dataType"":""text"",""fieldKey"":""engine_number"",""sortOrder"":40,""fieldLabel"":""Engine Number"",""isIdentifier"":true},{""isPii"":true,""dataType"":""text"",""fieldKey"":""owner_name"",""sortOrder"":50,""fieldLabel"":""Owner Name""},{""isPii"":false,""dataType"":""text"",""fieldKey"":""vehicle_make_model"",""sortOrder"":60,""fieldLabel"":""Make & Model""},{""isPii"":false,""dataType"":""text"",""fieldKey"":""vehicle_class"",""sortOrder"":70,""fieldLabel"":""Vehicle Class""},{""isPii"":false,""dataType"":""text"",""fieldKey"":""fuel_type"",""sortOrder"":80,""fieldLabel"":""Fuel Type""},{""isPii"":false,""dataType"":""date"",""fieldKey"":""registration_date"",""sortOrder"":90,""fieldLabel"":""Registration Date""},{""isPii"":false,""dataType"":""date"",""fieldKey"":""valid_to"",""sortOrder"":100,""fieldLabel"":""Valid To"",""isRequired"":true,""validation"":{""message"":""Valid to must be on or after valid from"",""afterField"":""valid_from""},""alertDaysBefore"":30},{""isPii"":false,""dataType"":""text"",""fieldKey"":""holder_name"",""isPrinted"":false,""sortOrder"":110,""fieldLabel"":""Holder Name""},{""isPii"":false,""dataType"":""date"",""fieldKey"":""issue_date"",""sortOrder"":120,""fieldLabel"":""Issue Date"",""validation"":{""message"":""An issue date cannot be in the future"",""notFuture"":true}},{""isPii"":false,""dataType"":""number"",""fieldKey"":""alert_days_before"",""isPrinted"":false,""sortOrder"":130,""fieldLabel"":""Alert Me Before (days)"",""validation"":{""max"":365,""min"":0,""example"":""15"",""message"":""Enter between 0 and 365 days""}},{""isPii"":true,""dataType"":""longtext"",""fieldKey"":""notes"",""isPrinted"":false,""sortOrder"":140,""fieldLabel"":""Notes"",""validation"":{""maxLength"":5000}},{""isPii"":false,""dataType"":""longtext"",""fieldKey"":""custom_fields"",""isPrinted"":false,""sortOrder"":150,""fieldLabel"":""Additional Details"",""validation"":{""maxLength"":5000}}]","document_title,registration_number,valid_to","document_title,registration_number,chassis_number,engine_number,owner_name,vehicle_make_model,vehicle_class,fuel_type,registration_date,valid_to,holder_name,issue_date,alert_days_before,notes,custom_fields","document_title,registration_number,chassis_number,engine_number,owner_name,vehicle_make_model,vehicle_class,fuel_type,registration_date,valid_to,issue_date"
Personal,8,Vehicle,vehicle,PUC certificate,puc_certificate,true,156965a5-d9b0-4a32-bc07-43cd4299cca7,9fe498fe-aa30-4711-8905-a5ba2bc5710f,true,2026-09-02T16:06:59.734Z,2026-09-18T17:42:19.155Z,"certificate_number,registration_number,notes","[{""isPii"":false,""dataType"":""text"",""fieldKey"":""document_title"",""sortOrder"":10,""fieldLabel"":""Document Title"",""isRequired"":true},{""isPii"":true,""dataType"":""text"",""fieldKey"":""certificate_number"",""sortOrder"":20,""fieldLabel"":""Certificate Number"",""isRequired"":true,""isIdentifier"":true},{""isPii"":true,""dataType"":""text"",""fieldKey"":""registration_number"",""sortOrder"":30,""fieldLabel"":""Registration Number"",""validation"":{""message"":""Enter the number as printed on the document"",""pattern"":""^[A-Za-z0-9][A-Za-z0-9 -]{3,24}$""},""isIdentifier"":true},{""isPii"":false,""dataType"":""text"",""fieldKey"":""testing_centre"",""sortOrder"":40,""fieldLabel"":""Testing Centre""},{""isPii"":false,""dataType"":""date"",""fieldKey"":""test_date"",""sortOrder"":50,""fieldLabel"":""Test Date""},{""isPii"":false,""dataType"":""date"",""fieldKey"":""valid_to"",""sortOrder"":60,""fieldLabel"":""Valid To"",""isRequired"":true,""validation"":{""message"":""Valid to must be on or after valid from"",""afterField"":""valid_from""},""alertDaysBefore"":30},{""isPii"":false,""dataType"":""text"",""fieldKey"":""holder_name"",""isPrinted"":false,""sortOrder"":70,""fieldLabel"":""Holder Name""},{""isPii"":false,""dataType"":""date"",""fieldKey"":""issue_date"",""sortOrder"":80,""fieldLabel"":""Issue Date"",""validation"":{""message"":""An issue date cannot be in the future"",""notFuture"":true}},{""isPii"":false,""dataType"":""number"",""fieldKey"":""alert_days_before"",""isPrinted"":false,""sortOrder"":90,""fieldLabel"":""Alert Me Before (days)"",""validation"":{""max"":365,""min"":0,""example"":""15"",""message"":""Enter between 0 and 365 days""}},{""isPii"":true,""dataType"":""longtext"",""fieldKey"":""notes"",""isPrinted"":false,""sortOrder"":100,""fieldLabel"":""Notes"",""validation"":{""maxLength"":5000}},{""isPii"":false,""dataType"":""longtext"",""fieldKey"":""custom_fields"",""isPrinted"":false,""sortOrder"":110,""fieldLabel"":""Additional Details"",""validation"":{""maxLength"":5000}}]","document_title,certificate_number,valid_to","document_title,certificate_number,registration_number,testing_centre,test_date,valid_to,holder_name,issue_date,alert_days_before,notes,custom_fields","document_title,certificate_number,registration_number,testing_centre,test_date,valid_to,issue_date"
Personal,8,Vehicle,vehicle,Purchase invoice,purchase_invoice,true,b3385f44-b11c-4509-b013-b8c31e86c654,eed66e16-b8a3-4d3b-86fd-3ef44bded444,true,2026-09-02T16:06:59.734Z,2026-09-18T17:42:19.155Z,"invoice_number,chassis_number,invoice_amount,notes","[{""isPii"":false,""dataType"":""text"",""fieldKey"":""document_title"",""sortOrder"":10,""fieldLabel"":""Document Title"",""isRequired"":true},{""isPii"":true,""dataType"":""text"",""fieldKey"":""invoice_number"",""sortOrder"":20,""fieldLabel"":""Invoice Number"",""isRequired"":true,""isIdentifier"":true},{""isPii"":true,""dataType"":""text"",""fieldKey"":""chassis_number"",""sortOrder"":30,""fieldLabel"":""Chassis Number"",""isIdentifier"":true},{""isPii"":false,""dataType"":""text"",""fieldKey"":""dealer_name"",""sortOrder"":40,""fieldLabel"":""Dealer Name""},{""isPii"":false,""dataType"":""text"",""fieldKey"":""vehicle_make_model"",""sortOrder"":50,""fieldLabel"":""Make & Model""},{""isPii"":true,""dataType"":""currency"",""fieldKey"":""invoice_amount"",""sortOrder"":60,""fieldLabel"":""Invoice Amount"",""validation"":{""min"":0}},{""isPii"":false,""dataType"":""date"",""fieldKey"":""invoice_date"",""sortOrder"":70,""fieldLabel"":""Invoice Date""},{""isPii"":false,""dataType"":""text"",""fieldKey"":""holder_name"",""isPrinted"":false,""sortOrder"":80,""fieldLabel"":""Holder Name""},{""isPii"":false,""dataType"":""date"",""fieldKey"":""issue_date"",""sortOrder"":90,""fieldLabel"":""Issue Date"",""validation"":{""message"":""An issue date cannot be in the future"",""notFuture"":true}},{""isPii"":false,""dataType"":""number"",""fieldKey"":""alert_days_before"",""isPrinted"":false,""sortOrder"":100,""fieldLabel"":""Alert Me Before (days)"",""validation"":{""max"":365,""min"":0,""example"":""15"",""message"":""Enter between 0 and 365 days""}},{""isPii"":true,""dataType"":""longtext"",""fieldKey"":""notes"",""isPrinted"":false,""sortOrder"":110,""fieldLabel"":""Notes"",""validation"":{""maxLength"":5000}},{""isPii"":false,""dataType"":""longtext"",""fieldKey"":""custom_fields"",""isPrinted"":false,""sortOrder"":120,""fieldLabel"":""Additional Details"",""validation"":{""maxLength"":5000}}]","document_title,invoice_number","document_title,invoice_number,chassis_number,dealer_name,vehicle_make_model,invoice_amount,invoice_date,holder_name,issue_date,alert_days_before,notes,custom_fields","document_title,invoice_number,chassis_number,dealer_name,vehicle_make_model,invoice_amount,invoice_date,issue_date"
Personal,8,Vehicle,vehicle,Vehicle insurance,insurance_cross_ref,true,ecbf8973-4aa8-4cad-b991-43ce6c4519fa,e84d2745-e4f8-4acd-8b80-9523535ec176,true,2026-09-02T16:06:59.734Z,2026-09-18T17:42:19.155Z,"policy_number,registration_number,notes","[{""isPii"":false,""dataType"":""text"",""fieldKey"":""document_title"",""sortOrder"":10,""fieldLabel"":""Document Title"",""isRequired"":true},{""isPii"":true,""dataType"":""text"",""fieldKey"":""policy_number"",""sortOrder"":20,""fieldLabel"":""Policy Number"",""isRequired"":true,""isIdentifier"":true},{""isPii"":true,""dataType"":""text"",""fieldKey"":""registration_number"",""sortOrder"":30,""fieldLabel"":""Registration Number"",""validation"":{""message"":""Enter the number as printed on the document"",""pattern"":""^[A-Za-z0-9][A-Za-z0-9 -]{3,24}$""},""isIdentifier"":true},{""isPii"":false,""dataType"":""text"",""fieldKey"":""insurer_name"",""sortOrder"":40,""fieldLabel"":""Insurer Name""},{""isPii"":false,""dataType"":""date"",""fieldKey"":""valid_to"",""sortOrder"":50,""fieldLabel"":""Valid To"",""isRequired"":true,""validation"":{""message"":""Valid to must be on or after valid from"",""afterField"":""valid_from""},""alertDaysBefore"":30},{""isPii"":false,""dataType"":""text"",""fieldKey"":""holder_name"",""isPrinted"":false,""sortOrder"":60,""fieldLabel"":""Holder Name""},{""isPii"":false,""dataType"":""date"",""fieldKey"":""issue_date"",""sortOrder"":70,""fieldLabel"":""Issue Date"",""validation"":{""message"":""An issue date cannot be in the future"",""notFuture"":true}},{""isPii"":false,""dataType"":""number"",""fieldKey"":""alert_days_before"",""isPrinted"":false,""sortOrder"":80,""fieldLabel"":""Alert Me Before (days)"",""validation"":{""max"":365,""min"":0,""example"":""15"",""message"":""Enter between 0 and 365 days""}},{""isPii"":true,""dataType"":""longtext"",""fieldKey"":""notes"",""isPrinted"":false,""sortOrder"":90,""fieldLabel"":""Notes"",""validation"":{""maxLength"":5000}},{""isPii"":false,""dataType"":""longtext"",""fieldKey"":""custom_fields"",""isPrinted"":false,""sortOrder"":100,""fieldLabel"":""Additional Details"",""validation"":{""maxLength"":5000}}]","document_title,policy_number,valid_to","document_title,policy_number,registration_number,insurer_name,valid_to,holder_name,issue_date,alert_days_before,notes,custom_fields","document_title,policy_number,registration_number,insurer_name,valid_to,issue_date"
Personal,9,Civil & Government Records,civil_government,Marriage certificate,marriage_certificate,true,ba953bfa-7f4e-466c-b285-ed7d742c3d59,886a9f24-b660-48d6-8294-052b89bed5fc,true,2026-09-02T16:06:59.734Z,2026-09-18T17:42:19.155Z,"registration_number,spouse_names,notes","[{""isPii"":false,""dataType"":""text"",""fieldKey"":""document_title"",""sortOrder"":10,""fieldLabel"":""Document Title"",""isRequired"":true},{""isPii"":true,""dataType"":""text"",""fieldKey"":""registration_number"",""sortOrder"":20,""fieldLabel"":""Registration Number"",""isRequired"":true,""validation"":{""message"":""Enter the number as printed on the document"",""pattern"":""^[A-Za-z0-9][A-Za-z0-9 -]{3,24}$""},""isIdentifier"":true},{""isPii"":true,""dataType"":""longtext"",""fieldKey"":""spouse_names"",""sortOrder"":30,""fieldLabel"":""Spouse Names"",""validation"":{""maxLength"":5000}},{""isPii"":false,""dataType"":""text"",""fieldKey"":""place_of_marriage"",""sortOrder"":40,""fieldLabel"":""Place of Marriage""},{""isPii"":false,""dataType"":""date"",""fieldKey"":""marriage_date"",""sortOrder"":50,""fieldLabel"":""Marriage Date""},{""isPii"":false,""dataType"":""text"",""fieldKey"":""issuing_authority"",""sortOrder"":60,""fieldLabel"":""Issuing Authority""},{""isPii"":false,""dataType"":""text"",""fieldKey"":""holder_name"",""isPrinted"":false,""sortOrder"":70,""fieldLabel"":""Holder Name""},{""isPii"":false,""dataType"":""date"",""fieldKey"":""issue_date"",""sortOrder"":80,""fieldLabel"":""Issue Date"",""validation"":{""message"":""An issue date cannot be in the future"",""notFuture"":true}},{""isPii"":false,""dataType"":""number"",""fieldKey"":""alert_days_before"",""isPrinted"":false,""sortOrder"":90,""fieldLabel"":""Alert Me Before (days)"",""validation"":{""max"":365,""min"":0,""example"":""15"",""message"":""Enter between 0 and 365 days""}},{""isPii"":true,""dataType"":""longtext"",""fieldKey"":""notes"",""isPrinted"":false,""sortOrder"":100,""fieldLabel"":""Notes"",""validation"":{""maxLength"":5000}},{""isPii"":false,""dataType"":""longtext"",""fieldKey"":""custom_fields"",""isPrinted"":false,""sortOrder"":110,""fieldLabel"":""Additional Details"",""validation"":{""maxLength"":5000}}]","document_title,registration_number","document_title,registration_number,spouse_names,place_of_marriage,marriage_date,issuing_authority,holder_name,issue_date,alert_days_before,notes,custom_fields","document_title,registration_number,spouse_names,place_of_marriage,marriage_date,issuing_authority,issue_date"
Personal,9,Civil & Government Records,civil_government,Domicile certificate,domicile_certificate,true,c91a5c9c-8d5e-49bc-a7d6-400afaa26522,7b28f5a0-a0a2-4b0b-9b7e-e8eac6546199,true,2026-09-02T16:06:59.734Z,2026-09-18T17:42:19.155Z,"certificate_number,applicant_name,notes","[{""isPii"":false,""dataType"":""text"",""fieldKey"":""document_title"",""sortOrder"":10,""fieldLabel"":""Document Title"",""isRequired"":true},{""isPii"":true,""dataType"":""text"",""fieldKey"":""certificate_number"",""sortOrder"":20,""fieldLabel"":""Certificate Number"",""isRequired"":true,""isIdentifier"":true},{""isPii"":true,""dataType"":""text"",""fieldKey"":""applicant_name"",""sortOrder"":30,""fieldLabel"":""Applicant Name""},{""isPii"":false,""dataType"":""text"",""fieldKey"":""state_name"",""sortOrder"":40,""fieldLabel"":""State""},{""isPii"":false,""dataType"":""text"",""fieldKey"":""issuing_authority"",""sortOrder"":50,""fieldLabel"":""Issuing Authority""},{""isPii"":false,""dataType"":""date"",""fieldKey"":""valid_to"",""sortOrder"":60,""fieldLabel"":""Valid To"",""validation"":{""message"":""Valid to must be on or after valid from"",""afterField"":""valid_from""},""alertDaysBefore"":30},{""isPii"":false,""dataType"":""text"",""fieldKey"":""holder_name"",""isPrinted"":false,""sortOrder"":70,""fieldLabel"":""Holder Name""},{""isPii"":false,""dataType"":""date"",""fieldKey"":""issue_date"",""sortOrder"":80,""fieldLabel"":""Issue Date"",""validation"":{""message"":""An issue date cannot be in the future"",""notFuture"":true}},{""isPii"":false,""dataType"":""number"",""fieldKey"":""alert_days_before"",""isPrinted"":false,""sortOrder"":90,""fieldLabel"":""Alert Me Before (days)"",""validation"":{""max"":365,""min"":0,""example"":""15"",""message"":""Enter between 0 and 365 days""}},{""isPii"":true,""dataType"":""longtext"",""fieldKey"":""notes"",""isPrinted"":false,""sortOrder"":100,""fieldLabel"":""Notes"",""validation"":{""maxLength"":5000}},{""isPii"":false,""dataType"":""longtext"",""fieldKey"":""custom_fields"",""isPrinted"":false,""sortOrder"":110,""fieldLabel"":""Additional Details"",""validation"":{""maxLength"":5000}}]","document_title,certificate_number","document_title,certificate_number,applicant_name,state_name,issuing_authority,valid_to,holder_name,issue_date,alert_days_before,notes,custom_fields","document_title,certificate_number,applicant_name,state_name,issuing_authority,valid_to,issue_date"
Personal,9,Civil & Government Records,civil_government,Caste / income certificates,caste_income_certificates,true,49c846fd-87f9-45f7-9b68-d24595d60175,30e8f51c-1bf4-4989-82b8-d4d11cf6444e,true,2026-09-02T16:06:59.734Z,2026-09-18T17:42:19.155Z,"certificate_number,applicant_name,declared_value,notes","[{""isPii"":false,""dataType"":""text"",""fieldKey"":""document_title"",""sortOrder"":10,""fieldLabel"":""Document Title"",""isRequired"":true},{""isPii"":true,""dataType"":""text"",""fieldKey"":""certificate_number"",""sortOrder"":20,""fieldLabel"":""Certificate Number"",""isRequired"":true,""isIdentifier"":true},{""isPii"":true,""dataType"":""text"",""fieldKey"":""applicant_name"",""sortOrder"":30,""fieldLabel"":""Applicant Name""},{""isPii"":false,""dataType"":""text"",""fieldKey"":""certificate_kind"",""sortOrder"":40,""fieldLabel"":""Certificate Kind""},{""isPii"":true,""dataType"":""text"",""fieldKey"":""declared_value"",""sortOrder"":50,""fieldLabel"":""Caste / Declared Income""},{""isPii"":false,""dataType"":""text"",""fieldKey"":""issuing_authority"",""sortOrder"":60,""fieldLabel"":""Issuing Authority""},{""isPii"":false,""dataType"":""date"",""fieldKey"":""valid_to"",""sortOrder"":70,""fieldLabel"":""Valid To"",""validation"":{""message"":""Valid to must be on or after valid from"",""afterField"":""valid_from""},""alertDaysBefore"":30},{""isPii"":false,""dataType"":""text"",""fieldKey"":""holder_name"",""isPrinted"":false,""sortOrder"":80,""fieldLabel"":""Holder Name""},{""isPii"":false,""dataType"":""date"",""fieldKey"":""issue_date"",""sortOrder"":90,""fieldLabel"":""Issue Date"",""validation"":{""message"":""An issue date cannot be in the future"",""notFuture"":true}},{""isPii"":false,""dataType"":""number"",""fieldKey"":""alert_days_before"",""isPrinted"":false,""sortOrder"":100,""fieldLabel"":""Alert Me Before (days)"",""validation"":{""max"":365,""min"":0,""example"":""15"",""message"":""Enter between 0 and 365 days""}},{""isPii"":true,""dataType"":""longtext"",""fieldKey"":""notes"",""isPrinted"":false,""sortOrder"":110,""fieldLabel"":""Notes"",""validation"":{""maxLength"":5000}},{""isPii"":false,""dataType"":""longtext"",""fieldKey"":""custom_fields"",""isPrinted"":false,""sortOrder"":120,""fieldLabel"":""Additional Details"",""validation"":{""maxLength"":5000}}]","document_title,certificate_number","document_title,certificate_number,applicant_name,certificate_kind,declared_value,issuing_authority,valid_to,holder_name,issue_date,alert_days_before,notes,custom_fields","document_title,certificate_number,applicant_name,certificate_kind,declared_value,issuing_authority,valid_to,issue_date"
Personal,9,Civil & Government Records,civil_government,Senior citizen card,senior_citizen_card,true,544d99b2-46b5-4668-8070-e355a196030f,ac9a1108-e1f5-4dad-8081-b2e492370b95,true,2026-09-02T16:06:59.734Z,2026-09-18T17:42:19.155Z,"card_number,date_of_birth,notes","[{""isPii"":false,""dataType"":""text"",""fieldKey"":""document_title"",""sortOrder"":10,""fieldLabel"":""Document Title"",""isRequired"":true},{""isPii"":true,""dataType"":""text"",""fieldKey"":""card_number"",""isPrinted"":false,""sortOrder"":20,""fieldLabel"":""Card Number"",""isRequired"":true,""isIdentifier"":true},{""isPii"":true,""dataType"":""date"",""fieldKey"":""date_of_birth"",""sortOrder"":30,""fieldLabel"":""Date of Birth"",""validation"":{""message"":""A date of birth cannot be in the future"",""notFuture"":true}},{""isPii"":false,""dataType"":""text"",""fieldKey"":""issuing_authority"",""sortOrder"":40,""fieldLabel"":""Issuing Authority""},{""isPii"":false,""dataType"":""date"",""fieldKey"":""valid_to"",""sortOrder"":50,""fieldLabel"":""Valid To"",""validation"":{""message"":""Valid to must be on or after valid from"",""afterField"":""valid_from""},""alertDaysBefore"":30},{""isPii"":false,""dataType"":""text"",""fieldKey"":""holder_name"",""isPrinted"":false,""sortOrder"":60,""fieldLabel"":""Holder Name""},{""isPii"":false,""dataType"":""date"",""fieldKey"":""issue_date"",""sortOrder"":70,""fieldLabel"":""Issue Date"",""validation"":{""message"":""An issue date cannot be in the future"",""notFuture"":true}},{""isPii"":false,""dataType"":""number"",""fieldKey"":""alert_days_before"",""isPrinted"":false,""sortOrder"":80,""fieldLabel"":""Alert Me Before (days)"",""validation"":{""max"":365,""min"":0,""example"":""15"",""message"":""Enter between 0 and 365 days""}},{""isPii"":true,""dataType"":""longtext"",""fieldKey"":""notes"",""isPrinted"":false,""sortOrder"":90,""fieldLabel"":""Notes"",""validation"":{""maxLength"":5000}},{""isPii"":false,""dataType"":""longtext"",""fieldKey"":""custom_fields"",""isPrinted"":false,""sortOrder"":100,""fieldLabel"":""Additional Details"",""validation"":{""maxLength"":5000}}]","document_title,card_number","document_title,card_number,date_of_birth,issuing_authority,valid_to,holder_name,issue_date,alert_days_before,notes,custom_fields","document_title,date_of_birth,issuing_authority,valid_to,issue_date"
Personal,9,Civil & Government Records,civil_government,OCI card / visa / residency permits (NRI documents),oci_visa_residency,true,1eb832d8-d7bf-4cb1-bb59-2f6bd784742d,eeacad5f-b639-43a9-93c3-b966c0426714,true,2026-09-02T16:06:59.734Z,2026-09-18T17:42:19.155Z,"document_number,passport_number,notes","[{""isPii"":false,""dataType"":""text"",""fieldKey"":""document_title"",""sortOrder"":10,""fieldLabel"":""Document Title"",""isRequired"":true},{""isPii"":true,""dataType"":""text"",""fieldKey"":""document_number"",""sortOrder"":20,""fieldLabel"":""Document Number"",""isRequired"":true,""isIdentifier"":true},{""isPii"":true,""dataType"":""text"",""fieldKey"":""passport_number"",""sortOrder"":30,""fieldLabel"":""Passport Number"",""validation"":{""message"":""An Indian passport number is a letter followed by 7 digits"",""pattern"":""^[A-Za-z][0-9]{7}$"",""maxLength"":12},""isIdentifier"":true},{""isPii"":false,""dataType"":""text"",""fieldKey"":""document_kind"",""sortOrder"":40,""fieldLabel"":""Document Kind""},{""isPii"":false,""dataType"":""text"",""fieldKey"":""country_name"",""sortOrder"":50,""fieldLabel"":""Country""},{""isPii"":false,""dataType"":""text"",""fieldKey"":""issuing_authority"",""sortOrder"":60,""fieldLabel"":""Issuing Authority""},{""isPii"":false,""dataType"":""date"",""fieldKey"":""valid_from"",""sortOrder"":70,""fieldLabel"":""Valid From""},{""isPii"":false,""dataType"":""date"",""fieldKey"":""valid_to"",""sortOrder"":80,""fieldLabel"":""Valid To"",""isRequired"":true,""validation"":{""message"":""Valid to must be on or after valid from"",""afterField"":""valid_from""},""alertDaysBefore"":30},{""isPii"":false,""dataType"":""text"",""fieldKey"":""holder_name"",""isPrinted"":false,""sortOrder"":90,""fieldLabel"":""Holder Name""},{""isPii"":false,""dataType"":""date"",""fieldKey"":""issue_date"",""sortOrder"":100,""fieldLabel"":""Issue Date"",""validation"":{""message"":""An issue date cannot be in the future"",""notFuture"":true}},{""isPii"":false,""dataType"":""number"",""fieldKey"":""alert_days_before"",""isPrinted"":false,""sortOrder"":110,""fieldLabel"":""Alert Me Before (days)"",""validation"":{""max"":365,""min"":0,""example"":""15"",""message"":""Enter between 0 and 365 days""}},{""isPii"":true,""dataType"":""longtext"",""fieldKey"":""notes"",""isPrinted"":false,""sortOrder"":120,""fieldLabel"":""Notes"",""validation"":{""maxLength"":5000}},{""isPii"":false,""dataType"":""longtext"",""fieldKey"":""custom_fields"",""isPrinted"":false,""sortOrder"":130,""fieldLabel"":""Additional Details"",""validation"":{""maxLength"":5000}}]","document_title,document_number,valid_to","document_title,document_number,passport_number,document_kind,country_name,issuing_authority,valid_from,valid_to,holder_name,issue_date,alert_days_before,notes,custom_fields","document_title,document_number,passport_number,document_kind,country_name,issuing_authority,valid_from,valid_to,issue_date"
Personal,10,Warranty & AMC,warranty_amc,Appliance warranties,appliance_warranties,true,7e45749a-b7d3-45ea-a625-b99bf9ca96f5,314be1bd-c019-4c30-82d2-95f5d4c39b33,true,2026-09-02T16:06:59.734Z,2026-09-18T17:42:19.155Z,"serial_number,support_contact,notes","[{""isPii"":false,""dataType"":""text"",""fieldKey"":""document_title"",""sortOrder"":10,""fieldLabel"":""Document Title"",""isRequired"":true},{""isPii"":true,""dataType"":""text"",""fieldKey"":""serial_number"",""sortOrder"":20,""fieldLabel"":""Serial Number"",""isRequired"":true},{""isPii"":false,""dataType"":""text"",""fieldKey"":""product_name"",""sortOrder"":30,""fieldLabel"":""Product""},{""isPii"":false,""dataType"":""text"",""fieldKey"":""brand_name"",""sortOrder"":40,""fieldLabel"":""Brand""},{""isPii"":false,""dataType"":""text"",""fieldKey"":""dealer_name"",""sortOrder"":50,""fieldLabel"":""Dealer""},{""isPii"":false,""dataType"":""date"",""fieldKey"":""purchase_date"",""sortOrder"":60,""fieldLabel"":""Purchase Date"",""validation"":{""message"":""A purchase date cannot be in the future"",""notFuture"":true}},{""isPii"":false,""dataType"":""number"",""fieldKey"":""warranty_months"",""sortOrder"":70,""fieldLabel"":""Warranty (Months)"",""validation"":{""min"":0}},{""isPii"":false,""dataType"":""date"",""fieldKey"":""warranty_expiry"",""sortOrder"":80,""fieldLabel"":""Warranty Expiry"",""isRequired"":true,""validation"":{""message"":""Warranty expiry cannot be before the purchase date"",""afterField"":""purchase_date""},""alertDaysBefore"":15},{""isPii"":true,""dataType"":""text"",""fieldKey"":""support_contact"",""sortOrder"":90,""fieldLabel"":""Support Contact"",""validation"":{""message"":""Enter a valid contact number"",""pattern"":""^[+0-9][0-9 ()-]{5,19}$""}},{""isPii"":false,""dataType"":""text"",""fieldKey"":""holder_name"",""isPrinted"":false,""sortOrder"":100,""fieldLabel"":""Holder Name""},{""isPii"":false,""dataType"":""date"",""fieldKey"":""issue_date"",""sortOrder"":110,""fieldLabel"":""Issue Date"",""validation"":{""message"":""An issue date cannot be in the future"",""notFuture"":true}},{""isPii"":false,""dataType"":""number"",""fieldKey"":""alert_days_before"",""isPrinted"":false,""sortOrder"":120,""fieldLabel"":""Alert Me Before (days)"",""validation"":{""max"":365,""min"":0,""example"":""15"",""message"":""Enter between 0 and 365 days""}},{""isPii"":true,""dataType"":""longtext"",""fieldKey"":""notes"",""isPrinted"":false,""sortOrder"":130,""fieldLabel"":""Notes"",""validation"":{""maxLength"":5000}},{""isPii"":false,""dataType"":""longtext"",""fieldKey"":""custom_fields"",""isPrinted"":false,""sortOrder"":140,""fieldLabel"":""Additional Details"",""validation"":{""maxLength"":5000}}]","document_title,serial_number,warranty_expiry","document_title,serial_number,product_name,brand_name,dealer_name,purchase_date,warranty_months,warranty_expiry,support_contact,holder_name,issue_date,alert_days_before,notes,custom_fields","document_title,serial_number,product_name,brand_name,dealer_name,purchase_date,warranty_months,warranty_expiry,support_contact,issue_date"
Personal,10,Warranty & AMC,warranty_amc,AMC contracts,amc_contracts,true,50306ed0-cae3-4d20-a9d2-442461efceb4,3834826b-e0d0-4302-869d-9c69636de13b,true,2026-09-02T16:06:59.734Z,2026-09-18T17:42:19.155Z,"contract_number,contract_amount,support_contact,notes","[{""isPii"":false,""dataType"":""text"",""fieldKey"":""document_title"",""sortOrder"":10,""fieldLabel"":""Document Title"",""isRequired"":true},{""isPii"":true,""dataType"":""text"",""fieldKey"":""contract_number"",""sortOrder"":20,""fieldLabel"":""Contract Number"",""isRequired"":true,""isIdentifier"":true},{""isPii"":false,""dataType"":""text"",""fieldKey"":""service_provider"",""sortOrder"":30,""fieldLabel"":""Service Provider""},{""isPii"":false,""dataType"":""text"",""fieldKey"":""asset_covered"",""sortOrder"":40,""fieldLabel"":""Asset Covered""},{""isPii"":true,""dataType"":""currency"",""fieldKey"":""contract_amount"",""sortOrder"":50,""fieldLabel"":""Contract Amount"",""validation"":{""min"":0}},{""isPii"":false,""dataType"":""date"",""fieldKey"":""valid_from"",""sortOrder"":60,""fieldLabel"":""Valid From""},{""isPii"":false,""dataType"":""date"",""fieldKey"":""valid_to"",""sortOrder"":70,""fieldLabel"":""Valid To"",""isRequired"":true,""validation"":{""message"":""Valid to must be on or after valid from"",""afterField"":""valid_from""},""alertDaysBefore"":30},{""isPii"":true,""dataType"":""text"",""fieldKey"":""support_contact"",""sortOrder"":80,""fieldLabel"":""Support Contact"",""validation"":{""message"":""Enter a valid contact number"",""pattern"":""^[+0-9][0-9 ()-]{5,19}$""}},{""isPii"":false,""dataType"":""text"",""fieldKey"":""holder_name"",""isPrinted"":false,""sortOrder"":90,""fieldLabel"":""Holder Name""},{""isPii"":false,""dataType"":""date"",""fieldKey"":""issue_date"",""sortOrder"":100,""fieldLabel"":""Issue Date"",""validation"":{""message"":""An issue date cannot be in the future"",""notFuture"":true}},{""isPii"":false,""dataType"":""number"",""fieldKey"":""alert_days_before"",""isPrinted"":false,""sortOrder"":110,""fieldLabel"":""Alert Me Before (days)"",""validation"":{""max"":365,""min"":0,""example"":""15"",""message"":""Enter between 0 and 365 days""}},{""isPii"":true,""dataType"":""longtext"",""fieldKey"":""notes"",""isPrinted"":false,""sortOrder"":120,""fieldLabel"":""Notes"",""validation"":{""maxLength"":5000}},{""isPii"":false,""dataType"":""longtext"",""fieldKey"":""custom_fields"",""isPrinted"":false,""sortOrder"":130,""fieldLabel"":""Additional Details"",""validation"":{""maxLength"":5000}}]","document_title,contract_number,valid_to","document_title,contract_number,service_provider,asset_covered,contract_amount,valid_from,valid_to,support_contact,holder_name,issue_date,alert_days_before,notes,custom_fields","document_title,contract_number,service_provider,asset_covered,contract_amount,valid_from,valid_to,support_contact,issue_date"
Personal,11,Rentals & Subscriptions,rentals_subscriptions,Rental agreements,rental_agreements,true,45a16027-3b99-4140-bf6b-39a56bd6b7fc,507437d7-1a01-4a05-9bdd-c82f309ffb80,true,2026-09-02T16:06:59.734Z,2026-09-18T17:42:19.155Z,"agreement_number,property_address,landlord_name,tenant_name,monthly_rent,deposit_amount,notes","[{""isPii"":false,""dataType"":""text"",""fieldKey"":""document_title"",""sortOrder"":10,""fieldLabel"":""Document Title"",""isRequired"":true},{""isPii"":true,""dataType"":""text"",""fieldKey"":""agreement_number"",""sortOrder"":20,""fieldLabel"":""Agreement Number"",""isIdentifier"":true},{""isPii"":true,""dataType"":""longtext"",""fieldKey"":""property_address"",""sortOrder"":30,""fieldLabel"":""Property Address"",""isRequired"":true,""validation"":{""maxLength"":5000}},{""isPii"":true,""dataType"":""text"",""fieldKey"":""landlord_name"",""sortOrder"":40,""fieldLabel"":""Landlord Name""},{""isPii"":true,""dataType"":""text"",""fieldKey"":""tenant_name"",""sortOrder"":50,""fieldLabel"":""Tenant Name""},{""isPii"":true,""dataType"":""currency"",""fieldKey"":""monthly_rent"",""sortOrder"":60,""fieldLabel"":""Monthly Rent"",""validation"":{""min"":0}},{""isPii"":true,""dataType"":""currency"",""fieldKey"":""deposit_amount"",""sortOrder"":70,""fieldLabel"":""Security Deposit"",""validation"":{""min"":0}},{""isPii"":false,""dataType"":""date"",""fieldKey"":""lease_from"",""sortOrder"":80,""fieldLabel"":""Lease From"",""isRequired"":true},{""isPii"":false,""dataType"":""date"",""fieldKey"":""lease_to"",""sortOrder"":90,""fieldLabel"":""Lease To"",""isRequired"":true,""validation"":{""message"":""Lease end must be on or after lease start"",""afterField"":""lease_from""},""alertDaysBefore"":45},{""isPii"":false,""dataType"":""text"",""fieldKey"":""holder_name"",""isPrinted"":false,""sortOrder"":100,""fieldLabel"":""Holder Name""},{""isPii"":false,""dataType"":""date"",""fieldKey"":""issue_date"",""sortOrder"":110,""fieldLabel"":""Issue Date"",""validation"":{""message"":""An issue date cannot be in the future"",""notFuture"":true}},{""isPii"":false,""dataType"":""number"",""fieldKey"":""alert_days_before"",""isPrinted"":false,""sortOrder"":120,""fieldLabel"":""Alert Me Before (days)"",""validation"":{""max"":365,""min"":0,""example"":""15"",""message"":""Enter between 0 and 365 days""}},{""isPii"":true,""dataType"":""longtext"",""fieldKey"":""notes"",""isPrinted"":false,""sortOrder"":130,""fieldLabel"":""Notes"",""validation"":{""maxLength"":5000}},{""isPii"":false,""dataType"":""longtext"",""fieldKey"":""custom_fields"",""isPrinted"":false,""sortOrder"":140,""fieldLabel"":""Additional Details"",""validation"":{""maxLength"":5000}}]","document_title,property_address,lease_from,lease_to","document_title,agreement_number,property_address,landlord_name,tenant_name,monthly_rent,deposit_amount,lease_from,lease_to,holder_name,issue_date,alert_days_before,notes,custom_fields","document_title,agreement_number,property_address,landlord_name,tenant_name,monthly_rent,deposit_amount,lease_from,lease_to,issue_date"
Personal,11,Rentals & Subscriptions,rentals_subscriptions,"Subscription receipts / contracts (OTT, SaaS, gym, etc.)",subscription_receipts,true,0f16d8eb-9879-404e-ac45-fb733d02e134,76feaf83-c12e-4d49-8ce7-7d4c20689be9,true,2026-09-02T16:06:59.734Z,2026-09-18T17:42:19.155Z,"subscription_id,amount_paid,notes","[{""isPii"":false,""dataType"":""text"",""fieldKey"":""document_title"",""sortOrder"":10,""fieldLabel"":""Document Title"",""isRequired"":true},{""isPii"":true,""dataType"":""text"",""fieldKey"":""subscription_id"",""sortOrder"":20,""fieldLabel"":""Subscription ID"",""isRequired"":true,""isIdentifier"":true},{""isPii"":false,""dataType"":""text"",""fieldKey"":""service_name"",""sortOrder"":30,""fieldLabel"":""Service""},{""isPii"":false,""dataType"":""text"",""fieldKey"":""plan_name"",""sortOrder"":40,""fieldLabel"":""Plan""},{""isPii"":false,""dataType"":""text"",""fieldKey"":""billing_cycle"",""sortOrder"":50,""fieldLabel"":""Billing Cycle""},{""isPii"":true,""dataType"":""currency"",""fieldKey"":""amount_paid"",""sortOrder"":60,""fieldLabel"":""Amount Paid"",""validation"":{""min"":0}},{""isPii"":false,""dataType"":""date"",""fieldKey"":""renewal_due_date"",""sortOrder"":70,""fieldLabel"":""Renewal Due Date"",""isRequired"":true,""alertDaysBefore"":30},{""isPii"":false,""dataType"":""text"",""fieldKey"":""holder_name"",""isPrinted"":false,""sortOrder"":80,""fieldLabel"":""Holder Name""},{""isPii"":false,""dataType"":""date"",""fieldKey"":""issue_date"",""sortOrder"":90,""fieldLabel"":""Issue Date"",""validation"":{""message"":""An issue date cannot be in the future"",""notFuture"":true}},{""isPii"":false,""dataType"":""number"",""fieldKey"":""alert_days_before"",""isPrinted"":false,""sortOrder"":100,""fieldLabel"":""Alert Me Before (days)"",""validation"":{""max"":365,""min"":0,""example"":""15"",""message"":""Enter between 0 and 365 days""}},{""isPii"":true,""dataType"":""longtext"",""fieldKey"":""notes"",""isPrinted"":false,""sortOrder"":110,""fieldLabel"":""Notes"",""validation"":{""maxLength"":5000}},{""isPii"":false,""dataType"":""longtext"",""fieldKey"":""custom_fields"",""isPrinted"":false,""sortOrder"":120,""fieldLabel"":""Additional Details"",""validation"":{""maxLength"":5000}}]","document_title,subscription_id,renewal_due_date","document_title,subscription_id,service_name,plan_name,billing_cycle,amount_paid,renewal_due_date,holder_name,issue_date,alert_days_before,notes,custom_fields","document_title,subscription_id,service_name,plan_name,billing_cycle,amount_paid,renewal_due_date,issue_date"
Personal,12,Utility Bills,utility_bills,Electricity bills,electricity,true,1bb04782-b3cd-4f91-af77-63dfd8409e11,69611a86-c002-4dd6-820a-f9d3de468d5b,true,2026-09-02T16:06:59.734Z,2026-09-18T17:42:19.155Z,"consumer_number,service_address,bill_amount,notes","[{""isPii"":false,""dataType"":""text"",""fieldKey"":""document_title"",""sortOrder"":10,""fieldLabel"":""Document Title"",""isRequired"":true},{""isPii"":true,""dataType"":""text"",""fieldKey"":""consumer_number"",""sortOrder"":20,""fieldLabel"":""Consumer Number"",""isRequired"":true,""isIdentifier"":true},{""isPii"":false,""dataType"":""text"",""fieldKey"":""provider_name"",""sortOrder"":30,""fieldLabel"":""Provider""},{""isPii"":true,""dataType"":""longtext"",""fieldKey"":""service_address"",""sortOrder"":40,""fieldLabel"":""Service Address"",""validation"":{""maxLength"":5000}},{""isPii"":false,""dataType"":""text"",""fieldKey"":""billing_period"",""sortOrder"":50,""fieldLabel"":""Billing Period""},{""isPii"":false,""dataType"":""number"",""fieldKey"":""units_consumed"",""sortOrder"":60,""fieldLabel"":""Units Consumed"",""validation"":{""min"":0}},{""isPii"":true,""dataType"":""currency"",""fieldKey"":""bill_amount"",""sortOrder"":70,""fieldLabel"":""Bill Amount"",""validation"":{""min"":0}},{""isPii"":false,""dataType"":""date"",""fieldKey"":""due_date"",""sortOrder"":80,""fieldLabel"":""Due Date"",""isRequired"":true,""alertDaysBefore"":7},{""isPii"":false,""dataType"":""text"",""fieldKey"":""holder_name"",""isPrinted"":false,""sortOrder"":90,""fieldLabel"":""Holder Name""},{""isPii"":false,""dataType"":""date"",""fieldKey"":""issue_date"",""sortOrder"":100,""fieldLabel"":""Issue Date"",""validation"":{""message"":""An issue date cannot be in the future"",""notFuture"":true}},{""isPii"":false,""dataType"":""number"",""fieldKey"":""alert_days_before"",""isPrinted"":false,""sortOrder"":110,""fieldLabel"":""Alert Me Before (days)"",""validation"":{""max"":365,""min"":0,""example"":""15"",""message"":""Enter between 0 and 365 days""}},{""isPii"":true,""dataType"":""longtext"",""fieldKey"":""notes"",""isPrinted"":false,""sortOrder"":120,""fieldLabel"":""Notes"",""validation"":{""maxLength"":5000}},{""isPii"":false,""dataType"":""longtext"",""fieldKey"":""custom_fields"",""isPrinted"":false,""sortOrder"":130,""fieldLabel"":""Additional Details"",""validation"":{""maxLength"":5000}}]","document_title,consumer_number,due_date","document_title,consumer_number,provider_name,service_address,billing_period,units_consumed,bill_amount,due_date,holder_name,issue_date,alert_days_before,notes,custom_fields","document_title,consumer_number,provider_name,service_address,billing_period,units_consumed,bill_amount,due_date,issue_date"
Personal,12,Utility Bills,utility_bills,Gas bills,gas,true,b026c5ad-2bc8-4c8d-8f98-a670ec5014a0,e73c7729-d820-4ba2-81a7-731117e88988,true,2026-09-02T16:06:59.734Z,2026-09-18T17:42:19.155Z,"consumer_number,service_address,bill_amount,notes","[{""isPii"":false,""dataType"":""text"",""fieldKey"":""document_title"",""sortOrder"":10,""fieldLabel"":""Document Title"",""isRequired"":true},{""isPii"":true,""dataType"":""text"",""fieldKey"":""consumer_number"",""sortOrder"":20,""fieldLabel"":""Consumer Number"",""isRequired"":true,""isIdentifier"":true},{""isPii"":false,""dataType"":""text"",""fieldKey"":""provider_name"",""sortOrder"":30,""fieldLabel"":""Provider""},{""isPii"":false,""dataType"":""text"",""fieldKey"":""connection_type"",""sortOrder"":40,""fieldLabel"":""Connection Type""},{""isPii"":true,""dataType"":""longtext"",""fieldKey"":""service_address"",""sortOrder"":50,""fieldLabel"":""Service Address"",""validation"":{""maxLength"":5000}},{""isPii"":false,""dataType"":""text"",""fieldKey"":""billing_period"",""sortOrder"":60,""fieldLabel"":""Billing Period""},{""isPii"":true,""dataType"":""currency"",""fieldKey"":""bill_amount"",""sortOrder"":70,""fieldLabel"":""Bill Amount"",""validation"":{""min"":0}},{""isPii"":false,""dataType"":""date"",""fieldKey"":""due_date"",""sortOrder"":80,""fieldLabel"":""Due Date"",""isRequired"":true,""alertDaysBefore"":7},{""isPii"":false,""dataType"":""text"",""fieldKey"":""holder_name"",""isPrinted"":false,""sortOrder"":90,""fieldLabel"":""Holder Name""},{""isPii"":false,""dataType"":""date"",""fieldKey"":""issue_date"",""sortOrder"":100,""fieldLabel"":""Issue Date"",""validation"":{""message"":""An issue date cannot be in the future"",""notFuture"":true}},{""isPii"":false,""dataType"":""number"",""fieldKey"":""alert_days_before"",""isPrinted"":false,""sortOrder"":110,""fieldLabel"":""Alert Me Before (days)"",""validation"":{""max"":365,""min"":0,""example"":""15"",""message"":""Enter between 0 and 365 days""}},{""isPii"":true,""dataType"":""longtext"",""fieldKey"":""notes"",""isPrinted"":false,""sortOrder"":120,""fieldLabel"":""Notes"",""validation"":{""maxLength"":5000}},{""isPii"":false,""dataType"":""longtext"",""fieldKey"":""custom_fields"",""isPrinted"":false,""sortOrder"":130,""fieldLabel"":""Additional Details"",""validation"":{""maxLength"":5000}}]","document_title,consumer_number,due_date","document_title,consumer_number,provider_name,connection_type,service_address,billing_period,bill_amount,due_date,holder_name,issue_date,alert_days_before,notes,custom_fields","document_title,consumer_number,provider_name,connection_type,service_address,billing_period,bill_amount,due_date,issue_date"
Personal,12,Utility Bills,utility_bills,Water bills,water,true,774976cc-9a2a-4370-8008-45bb8503de66,566e7bcf-0b26-46c4-af7e-32d9f1d21aa6,true,2026-09-02T16:06:59.734Z,2026-09-18T17:42:19.155Z,"consumer_number,service_address,bill_amount,notes","[{""isPii"":false,""dataType"":""text"",""fieldKey"":""document_title"",""sortOrder"":10,""fieldLabel"":""Document Title"",""isRequired"":true},{""isPii"":true,""dataType"":""text"",""fieldKey"":""consumer_number"",""sortOrder"":20,""fieldLabel"":""Consumer Number"",""isRequired"":true,""isIdentifier"":true},{""isPii"":false,""dataType"":""text"",""fieldKey"":""provider_name"",""sortOrder"":30,""fieldLabel"":""Provider""},{""isPii"":false,""dataType"":""text"",""fieldKey"":""billing_period"",""sortOrder"":40,""fieldLabel"":""Billing Period""},{""isPii"":true,""dataType"":""longtext"",""fieldKey"":""service_address"",""sortOrder"":50,""fieldLabel"":""Service Address"",""validation"":{""maxLength"":5000}},{""isPii"":true,""dataType"":""currency"",""fieldKey"":""bill_amount"",""sortOrder"":60,""fieldLabel"":""Bill Amount"",""validation"":{""min"":0}},{""isPii"":false,""dataType"":""date"",""fieldKey"":""due_date"",""sortOrder"":70,""fieldLabel"":""Due Date"",""isRequired"":true,""alertDaysBefore"":7},{""isPii"":false,""dataType"":""text"",""fieldKey"":""holder_name"",""isPrinted"":false,""sortOrder"":80,""fieldLabel"":""Holder Name""},{""isPii"":false,""dataType"":""date"",""fieldKey"":""issue_date"",""sortOrder"":90,""fieldLabel"":""Issue Date"",""validation"":{""message"":""An issue date cannot be in the future"",""notFuture"":true}},{""isPii"":false,""dataType"":""number"",""fieldKey"":""alert_days_before"",""isPrinted"":false,""sortOrder"":100,""fieldLabel"":""Alert Me Before (days)"",""validation"":{""max"":365,""min"":0,""example"":""15"",""message"":""Enter between 0 and 365 days""}},{""isPii"":true,""dataType"":""longtext"",""fieldKey"":""notes"",""isPrinted"":false,""sortOrder"":110,""fieldLabel"":""Notes"",""validation"":{""maxLength"":5000}},{""isPii"":false,""dataType"":""longtext"",""fieldKey"":""custom_fields"",""isPrinted"":false,""sortOrder"":120,""fieldLabel"":""Additional Details"",""validation"":{""maxLength"":5000}}]","document_title,consumer_number,due_date","document_title,consumer_number,provider_name,billing_period,service_address,bill_amount,due_date,holder_name,issue_date,alert_days_before,notes,custom_fields","document_title,consumer_number,provider_name,billing_period,service_address,bill_amount,due_date,issue_date"
Personal,13,Tax & Compliance,tax_compliance,"TDS certificates (Form 16A, 26AS)",tds_certificates,true,0531fffd-efb9-4c0a-9743-f5b2954aec59,72198d1d-2875-4138-9df1-58711b27231b,true,2026-09-02T16:06:59.734Z,2026-09-18T17:42:19.155Z,"certificate_number,pan_number,deductor_tan,tds_amount,taxable_value,tax_paid,notes","[{""isPii"":false,""dataType"":""text"",""fieldKey"":""document_title"",""sortOrder"":10,""fieldLabel"":""Document Title"",""isRequired"":true},{""isPii"":true,""dataType"":""text"",""fieldKey"":""certificate_number"",""sortOrder"":20,""fieldLabel"":""Certificate Number"",""isRequired"":true,""isIdentifier"":true},{""isPii"":true,""dataType"":""text"",""fieldKey"":""pan_number"",""sortOrder"":30,""fieldLabel"":""PAN Number"",""validation"":{""example"":""ABCDE1234F"",""message"":""PAN is 5 letters, 4 digits, 1 letter — e.g. ABCDE1234F"",""pattern"":""^[A-Za-z]{5}[0-9]{4}[A-Za-z]$"",""maxLength"":10}},{""isPii"":true,""dataType"":""text"",""fieldKey"":""deductor_tan"",""sortOrder"":40,""fieldLabel"":""Deductor TAN""},{""isPii"":false,""dataType"":""text"",""fieldKey"":""deductor_name"",""sortOrder"":50,""fieldLabel"":""Deductor Name""},{""isPii"":false,""dataType"":""text"",""fieldKey"":""form_kind"",""sortOrder"":60,""fieldLabel"":""Form Kind""},{""isPii"":false,""dataType"":""text"",""fieldKey"":""assessment_year"",""sortOrder"":70,""fieldLabel"":""Assessment Year""},{""isPii"":true,""dataType"":""currency"",""fieldKey"":""tds_amount"",""sortOrder"":80,""fieldLabel"":""TDS Amount"",""validation"":{""min"":0}},{""isPii"":true,""dataType"":""currency"",""fieldKey"":""taxable_value"",""sortOrder"":90,""fieldLabel"":""Taxable Amount"",""validation"":{""min"":0}},{""isPii"":true,""dataType"":""currency"",""fieldKey"":""tax_paid"",""sortOrder"":100,""fieldLabel"":""Tax Paid"",""validation"":{""min"":0}},{""isPii"":false,""dataType"":""text"",""fieldKey"":""holder_name"",""isPrinted"":false,""sortOrder"":110,""fieldLabel"":""Holder Name""},{""isPii"":false,""dataType"":""date"",""fieldKey"":""issue_date"",""sortOrder"":120,""fieldLabel"":""Issue Date"",""validation"":{""message"":""An issue date cannot be in the future"",""notFuture"":true}},{""isPii"":false,""dataType"":""number"",""fieldKey"":""alert_days_before"",""isPrinted"":false,""sortOrder"":130,""fieldLabel"":""Alert Me Before (days)"",""validation"":{""max"":365,""min"":0,""example"":""15"",""message"":""Enter between 0 and 365 days""}},{""isPii"":true,""dataType"":""longtext"",""fieldKey"":""notes"",""isPrinted"":false,""sortOrder"":140,""fieldLabel"":""Notes"",""validation"":{""maxLength"":5000}},{""isPii"":false,""dataType"":""longtext"",""fieldKey"":""custom_fields"",""isPrinted"":false,""sortOrder"":150,""fieldLabel"":""Additional Details"",""validation"":{""maxLength"":5000}}]","document_title,certificate_number","document_title,certificate_number,pan_number,deductor_tan,deductor_name,form_kind,assessment_year,tds_amount,taxable_value,tax_paid,holder_name,issue_date,alert_days_before,notes,custom_fields","document_title,certificate_number,pan_number,deductor_tan,deductor_name,form_kind,assessment_year,tds_amount,taxable_value,tax_paid,issue_date"
Personal,13,Tax & Compliance,tax_compliance,Advance tax payment receipts,advance_tax_receipts,true,f1c3917b-58e0-4baf-9dce-fcc31af1ef53,52c83fb1-df9a-4aef-a7a9-19b170f36acd,true,2026-09-02T16:06:59.734Z,2026-09-18T17:42:19.155Z,"challan_number,pan_number,amount_paid,taxable_value,tax_paid,notes","[{""isPii"":false,""dataType"":""text"",""fieldKey"":""document_title"",""sortOrder"":10,""fieldLabel"":""Document Title"",""isRequired"":true},{""isPii"":true,""dataType"":""text"",""fieldKey"":""challan_number"",""sortOrder"":20,""fieldLabel"":""Challan Number"",""isRequired"":true,""isIdentifier"":true},{""isPii"":true,""dataType"":""text"",""fieldKey"":""pan_number"",""sortOrder"":30,""fieldLabel"":""PAN Number"",""validation"":{""example"":""ABCDE1234F"",""message"":""PAN is 5 letters, 4 digits, 1 letter — e.g. ABCDE1234F"",""pattern"":""^[A-Za-z]{5}[0-9]{4}[A-Za-z]$"",""maxLength"":10}},{""isPii"":false,""dataType"":""text"",""fieldKey"":""bank_name"",""sortOrder"":40,""fieldLabel"":""Bank Name""},{""isPii"":false,""dataType"":""text"",""fieldKey"":""assessment_year"",""sortOrder"":50,""fieldLabel"":""Assessment Year""},{""isPii"":true,""dataType"":""currency"",""fieldKey"":""amount_paid"",""sortOrder"":60,""fieldLabel"":""Amount Paid"",""validation"":{""min"":0}},{""isPii"":false,""dataType"":""date"",""fieldKey"":""payment_date"",""sortOrder"":70,""fieldLabel"":""Payment Date""},{""isPii"":true,""dataType"":""currency"",""fieldKey"":""taxable_value"",""sortOrder"":80,""fieldLabel"":""Taxable Amount"",""validation"":{""min"":0}},{""isPii"":true,""dataType"":""currency"",""fieldKey"":""tax_paid"",""sortOrder"":90,""fieldLabel"":""Tax Paid"",""validation"":{""min"":0}},{""isPii"":false,""dataType"":""text"",""fieldKey"":""holder_name"",""isPrinted"":false,""sortOrder"":100,""fieldLabel"":""Holder Name""},{""isPii"":false,""dataType"":""date"",""fieldKey"":""issue_date"",""sortOrder"":110,""fieldLabel"":""Issue Date"",""validation"":{""message"":""An issue date cannot be in the future"",""notFuture"":true}},{""isPii"":false,""dataType"":""number"",""fieldKey"":""alert_days_before"",""isPrinted"":false,""sortOrder"":120,""fieldLabel"":""Alert Me Before (days)"",""validation"":{""max"":365,""min"":0,""example"":""15"",""message"":""Enter between 0 and 365 days""}},{""isPii"":true,""dataType"":""longtext"",""fieldKey"":""notes"",""isPrinted"":false,""sortOrder"":130,""fieldLabel"":""Notes"",""validation"":{""maxLength"":5000}},{""isPii"":false,""dataType"":""longtext"",""fieldKey"":""custom_fields"",""isPrinted"":false,""sortOrder"":140,""fieldLabel"":""Additional Details"",""validation"":{""maxLength"":5000}}]","document_title,challan_number","document_title,challan_number,pan_number,bank_name,assessment_year,amount_paid,payment_date,taxable_value,tax_paid,holder_name,issue_date,alert_days_before,notes,custom_fields","document_title,challan_number,pan_number,bank_name,assessment_year,amount_paid,payment_date,taxable_value,tax_paid,issue_date"
Personal,13,Tax & Compliance,tax_compliance,Wealth / asset declaration documents,wealth_asset_declarations,true,912d9151-ca09-46a6-8615-190e7100a6c7,363c3f5c-1c71-4df6-9698-cc5dfa5f73a1,true,2026-09-02T16:06:59.734Z,2026-09-18T17:42:19.155Z,"declaration_number,pan_number,total_assets_value,total_liabilities_value,asset_details,notes","[{""isPii"":false,""dataType"":""text"",""fieldKey"":""document_title"",""sortOrder"":10,""fieldLabel"":""Document Title"",""isRequired"":true},{""isPii"":true,""dataType"":""text"",""fieldKey"":""declaration_number"",""sortOrder"":20,""fieldLabel"":""Declaration Number"",""isIdentifier"":true},{""isPii"":true,""dataType"":""text"",""fieldKey"":""pan_number"",""sortOrder"":30,""fieldLabel"":""PAN Number"",""validation"":{""example"":""ABCDE1234F"",""message"":""PAN is 5 letters, 4 digits, 1 letter — e.g. ABCDE1234F"",""pattern"":""^[A-Za-z]{5}[0-9]{4}[A-Za-z]$"",""maxLength"":10}},{""isPii"":false,""dataType"":""text"",""fieldKey"":""assessment_year"",""sortOrder"":40,""fieldLabel"":""Assessment Year"",""isRequired"":true},{""isPii"":true,""dataType"":""currency"",""fieldKey"":""total_assets_value"",""sortOrder"":50,""fieldLabel"":""Total Assets Value"",""validation"":{""min"":0}},{""isPii"":true,""dataType"":""currency"",""fieldKey"":""total_liabilities_value"",""sortOrder"":60,""fieldLabel"":""Total Liabilities Value"",""validation"":{""min"":0}},{""isPii"":true,""dataType"":""longtext"",""fieldKey"":""asset_details"",""sortOrder"":70,""fieldLabel"":""Asset Details"",""validation"":{""maxLength"":5000}},{""isPii"":false,""dataType"":""text"",""fieldKey"":""holder_name"",""isPrinted"":false,""sortOrder"":80,""fieldLabel"":""Holder Name""},{""isPii"":false,""dataType"":""date"",""fieldKey"":""issue_date"",""sortOrder"":90,""fieldLabel"":""Issue Date"",""validation"":{""message"":""An issue date cannot be in the future"",""notFuture"":true}},{""isPii"":false,""dataType"":""number"",""fieldKey"":""alert_days_before"",""isPrinted"":false,""sortOrder"":100,""fieldLabel"":""Alert Me Before (days)"",""validation"":{""max"":365,""min"":0,""example"":""15"",""message"":""Enter between 0 and 365 days""}},{""isPii"":true,""dataType"":""longtext"",""fieldKey"":""notes"",""isPrinted"":false,""sortOrder"":110,""fieldLabel"":""Notes"",""validation"":{""maxLength"":5000}},{""isPii"":false,""dataType"":""longtext"",""fieldKey"":""custom_fields"",""isPrinted"":false,""sortOrder"":120,""fieldLabel"":""Additional Details"",""validation"":{""maxLength"":5000}}]","document_title,assessment_year","document_title,declaration_number,pan_number,assessment_year,total_assets_value,total_liabilities_value,asset_details,holder_name,issue_date,alert_days_before,notes,custom_fields","document_title,declaration_number,pan_number,assessment_year,total_assets_value,total_liabilities_value,asset_details,issue_date"
Personal,13,Tax & Compliance,tax_compliance,Pension Payment Order (PPO) / retirement pension statements,pension_payment_order,true,5e365b78-85ae-40cd-b1b7-ceaf26b8b129,dac1e83b-c430-4e5c-b834-8b4aacad85a2,true,2026-09-02T16:06:59.734Z,2026-09-18T17:42:19.155Z,"ppo_number,pensioner_name,bank_account_number,monthly_pension,notes","[{""isPii"":false,""dataType"":""text"",""fieldKey"":""document_title"",""sortOrder"":10,""fieldLabel"":""Document Title"",""isRequired"":true},{""isPii"":true,""dataType"":""text"",""fieldKey"":""ppo_number"",""sortOrder"":20,""fieldLabel"":""PPO Number"",""isRequired"":true,""isIdentifier"":true},{""isPii"":true,""dataType"":""text"",""fieldKey"":""pensioner_name"",""sortOrder"":30,""fieldLabel"":""Pensioner Name""},{""isPii"":true,""dataType"":""text"",""fieldKey"":""bank_account_number"",""sortOrder"":40,""fieldLabel"":""Bank Account Number"",""isIdentifier"":true},{""isPii"":false,""dataType"":""text"",""fieldKey"":""disbursing_authority"",""sortOrder"":50,""fieldLabel"":""Disbursing Authority""},{""isPii"":true,""dataType"":""currency"",""fieldKey"":""monthly_pension"",""sortOrder"":60,""fieldLabel"":""Monthly Pension"",""validation"":{""min"":0}},{""isPii"":false,""dataType"":""date"",""fieldKey"":""retirement_date"",""sortOrder"":70,""fieldLabel"":""Retirement Date""},{""isPii"":false,""dataType"":""text"",""fieldKey"":""holder_name"",""isPrinted"":false,""sortOrder"":80,""fieldLabel"":""Holder Name""},{""isPii"":false,""dataType"":""date"",""fieldKey"":""issue_date"",""sortOrder"":90,""fieldLabel"":""Issue Date"",""validation"":{""message"":""An issue date cannot be in the future"",""notFuture"":true}},{""isPii"":false,""dataType"":""number"",""fieldKey"":""alert_days_before"",""isPrinted"":false,""sortOrder"":100,""fieldLabel"":""Alert Me Before (days)"",""validation"":{""max"":365,""min"":0,""example"":""15"",""message"":""Enter between 0 and 365 days""}},{""isPii"":true,""dataType"":""longtext"",""fieldKey"":""notes"",""isPrinted"":false,""sortOrder"":110,""fieldLabel"":""Notes"",""validation"":{""maxLength"":5000}},{""isPii"":false,""dataType"":""longtext"",""fieldKey"":""custom_fields"",""isPrinted"":false,""sortOrder"":120,""fieldLabel"":""Additional Details"",""validation"":{""maxLength"":5000}}]","document_title,ppo_number","document_title,ppo_number,pensioner_name,bank_account_number,disbursing_authority,monthly_pension,retirement_date,holder_name,issue_date,alert_days_before,notes,custom_fields","document_title,ppo_number,pensioner_name,bank_account_number,disbursing_authority,monthly_pension,retirement_date,issue_date"
Personal,15,Others,other,Others,uncategorized,true,ccc7ec31-9545-4985-bfe7-acd091af89fc,490c109e-51b3-4b69-abd7-ca970a3ad69f,true,2026-09-02T16:06:59.734Z,2026-09-18T17:42:19.155Z,"aadhaar_number,date_of_birth,address,pan_number,father_name,passport_number,file_number,voter_id_number,relation_name,license_number,blood_group,registration_number,mother_name,date_of_death,ration_card_number,member_names,account_number,ifsc_code,closing_balance,customer_id,net_banking_username,cards,fd_receipt_number,principal_amount,maturity_amount,nominee_name,folio_number,units_held,current_value,demat_account_number,holdings_value,client_id,login_username,loan_account_number,loan_amount,emi_amount,card_last_four,total_due,credit_limit,card_number,card_expiry,cvv,acknowledgement_number,gross_income,tax_paid,uan_number,cheque_series,locker_number,annual_rent,inventory_list,policy_number,sum_assured,premium_amount,sum_insured,idv_amount,property_address,receipt_number,amount_paid,deed_registration_number,survey_number,seller_name,buyer_name,consideration_amount,stamp_duty_amount,registration_fee,certificate_number,property_id,testator_name,beneficiary_names,executor_name,witness_names,principal_name,attorney_name,powers_granted,khata_number,owner_name,case_number,party_names,custody_terms,roll_number,student_name,marks_obtained,percentage,grade,candidate_name,score,rank_obtained,patient_name,diagnosis,prescription_text,beneficiary_name,beneficiary_id,test_results,treatment_summary,claim_number,claim_amount,approved_amount,person_name,disability_type,disability_percentage,employee_name,annual_ctc,employee_id,gross_salary,total_deductions,net_salary,pf_account_number,member_name,pf_balance,chassis_number,engine_number,invoice_number,invoice_amount,spouse_names,applicant_name,declared_value,document_number,serial_number,support_contact,contract_number,contract_amount,agreement_number,landlord_name,tenant_name,monthly_rent,deposit_amount,subscription_id,consumer_number,service_address,bill_amount,deductor_tan,tds_amount,taxable_value,challan_number,declaration_number,total_assets_value,total_liabilities_value,asset_details,ppo_number,pensioner_name,bank_account_number,monthly_pension,reference_number,amount,application_number,arn_number,branch_details,capital_contribution,cin_number,cin_or_llpin,contract_value,counterparty_name,employee_count,gstin,iec_code,key_terms,net_profit,partner_names,principal_place,sanctioned_amount,srn_number,tan_number,tax_amount,tax_payable,total_amount,total_assets,total_revenue,notes","[{""isPii"":false,""dataType"":""text"",""fieldKey"":""document_title"",""sortOrder"":10,""fieldLabel"":""Document Title"",""isRequired"":true},{""isPii"":true,""dataType"":""text"",""fieldKey"":""aadhaar_number"",""sortOrder"":20,""fieldLabel"":""Aadhaar Number"",""isRequired"":false,""validation"":{""example"":""1234 5678 9012"",""message"":""Aadhaar is 12 digits, e.g. 1234 5678 9012"",""pattern"":""^[0-9]{4} ?[0-9]{4} ?[0-9]{4}$""},""isIdentifier"":true},{""isPii"":true,""dataType"":""date"",""fieldKey"":""date_of_birth"",""sortOrder"":30,""fieldLabel"":""Date of Birth"",""isRequired"":false,""validation"":{""message"":""A date of birth cannot be in the future"",""notFuture"":true}},{""isPii"":false,""dataType"":""text"",""fieldKey"":""gender"",""sortOrder"":40,""fieldLabel"":""Gender"",""isRequired"":false},{""isPii"":true,""dataType"":""longtext"",""fieldKey"":""address"",""sortOrder"":50,""fieldLabel"":""Address"",""isRequired"":false,""validation"":{""maxLength"":5000}},{""isPii"":true,""dataType"":""text"",""fieldKey"":""pan_number"",""sortOrder"":60,""fieldLabel"":""PAN Number"",""isRequired"":false,""validation"":{""example"":""ABCDE1234F"",""message"":""PAN is 5 letters, 4 digits, 1 letter — e.g. ABCDE1234F"",""pattern"":""^[A-Za-z]{5}[0-9]{4}[A-Za-z]$"",""maxLength"":10}},{""isPii"":true,""dataType"":""text"",""fieldKey"":""father_name"",""sortOrder"":70,""fieldLabel"":""Father's Name"",""isRequired"":false},{""isPii"":true,""dataType"":""text"",""fieldKey"":""passport_number"",""sortOrder"":80,""fieldLabel"":""Passport Number"",""isRequired"":false,""validation"":{""message"":""An Indian passport number is a letter followed by 7 digits"",""pattern"":""^[A-Za-z][0-9]{7}$"",""maxLength"":12},""isIdentifier"":true},{""isPii"":false,""dataType"":""text"",""fieldKey"":""place_of_birth"",""sortOrder"":90,""fieldLabel"":""Place of Birth"",""isRequired"":false},{""isPii"":false,""dataType"":""text"",""fieldKey"":""place_of_issue"",""sortOrder"":100,""fieldLabel"":""Place of Issue"",""isRequired"":false},{""isPii"":false,""dataType"":""text"",""fieldKey"":""issuing_authority"",""sortOrder"":110,""fieldLabel"":""Issuing Authority"",""isRequired"":false},{""isPii"":false,""dataType"":""date"",""fieldKey"":""expiry_date"",""sortOrder"":120,""fieldLabel"":""Expiry Date"",""isRequired"":false,""validation"":{""message"":""Expiry cannot be before the issue date"",""afterField"":""issue_date""},""alertDaysBefore"":30},{""isPii"":false,""dataType"":""text"",""fieldKey"":""nationality"",""sortOrder"":130,""fieldLabel"":""Nationality"",""isRequired"":false},{""isPii"":true,""dataType"":""text"",""fieldKey"":""file_number"",""sortOrder"":140,""fieldLabel"":""File Number"",""isRequired"":false},{""isPii"":true,""dataType"":""text"",""fieldKey"":""voter_id_number"",""sortOrder"":150,""fieldLabel"":""Voter ID Number"",""isRequired"":false,""validation"":{""message"":""EPIC number is 3 letters followed by 7 digits"",""pattern"":""^[A-Za-z]{3}[0-9]{7}$"",""maxLength"":10},""isIdentifier"":true},{""isPii"":false,""dataType"":""text"",""fieldKey"":""constituency"",""sortOrder"":160,""fieldLabel"":""Constituency"",""isRequired"":false},{""isPii"":true,""dataType"":""text"",""fieldKey"":""relation_name"",""sortOrder"":170,""fieldLabel"":""Father's / Husband's Name"",""isRequired"":false},{""isPii"":true,""dataType"":""text"",""fieldKey"":""license_number"",""sortOrder"":180,""fieldLabel"":""License Number"",""isRequired"":false,""isIdentifier"":true},{""isPii"":false,""dataType"":""text"",""fieldKey"":""vehicle_classes"",""sortOrder"":190,""fieldLabel"":""Vehicle Classes"",""isRequired"":false},{""isPii"":true,""dataType"":""text"",""fieldKey"":""blood_group"",""sortOrder"":200,""fieldLabel"":""Blood Group"",""isRequired"":false},{""isPii"":false,""dataType"":""date"",""fieldKey"":""valid_from"",""sortOrder"":210,""fieldLabel"":""Valid From"",""isRequired"":false},{""isPii"":true,""dataType"":""text"",""fieldKey"":""registration_number"",""sortOrder"":220,""fieldLabel"":""Registration Number"",""isRequired"":false,""validation"":{""message"":""Enter the number as printed on the document"",""pattern"":""^[A-Za-z0-9][A-Za-z0-9 -]{3,24}$""},""isIdentifier"":true},{""isPii"":true,""dataType"":""text"",""fieldKey"":""mother_name"",""sortOrder"":230,""fieldLabel"":""Mother's Name"",""isRequired"":false},{""isPii"":true,""dataType"":""date"",""fieldKey"":""date_of_death"",""sortOrder"":240,""fieldLabel"":""Date of Death"",""isRequired"":false,""validation"":{""message"":""A date of death cannot be in the future"",""notFuture"":true}},{""isPii"":false,""dataType"":""text"",""fieldKey"":""place_of_death"",""sortOrder"":250,""fieldLabel"":""Place of Death"",""isRequired"":false},{""isPii"":true,""dataType"":""text"",""fieldKey"":""ration_card_number"",""sortOrder"":260,""fieldLabel"":""Ration Card Number"",""isRequired"":false,""isIdentifier"":true},{""isPii"":false,""dataType"":""text"",""fieldKey"":""card_category"",""sortOrder"":270,""fieldLabel"":""Card Category"",""isRequired"":false},{""isPii"":true,""dataType"":""longtext"",""fieldKey"":""member_names"",""sortOrder"":280,""fieldLabel"":""Member Names"",""isRequired"":false,""validation"":{""maxLength"":5000}},{""isPii"":true,""dataType"":""text"",""fieldKey"":""account_number"",""sortOrder"":290,""fieldLabel"":""Account Number"",""isRequired"":false,""isIdentifier"":true},{""isPii"":true,""dataType"":""text"",""fieldKey"":""ifsc_code"",""sortOrder"":300,""fieldLabel"":""IFSC Code"",""isRequired"":false,""validation"":{""example"":""HDFC0001234"",""message"":""IFSC is 4 letters, a zero, then 6 characters — e.g. HDFC0001234"",""pattern"":""^[A-Za-z]{4}0[A-Za-z0-9]{6}$"",""maxLength"":11}},{""isPii"":false,""dataType"":""text"",""fieldKey"":""bank_name"",""sortOrder"":310,""fieldLabel"":""Bank Name"",""isRequired"":false},{""isPii"":false,""dataType"":""text"",""fieldKey"":""branch_name"",""sortOrder"":320,""fieldLabel"":""Branch Name"",""isRequired"":false},{""isPii"":false,""dataType"":""text"",""fieldKey"":""account_type"",""sortOrder"":330,""fieldLabel"":""Account Type"",""isRequired"":false},{""isPii"":false,""dataType"":""text"",""fieldKey"":""statement_period"",""sortOrder"":340,""fieldLabel"":""Statement Period"",""isRequired"":false},{""isPii"":true,""dataType"":""currency"",""fieldKey"":""closing_balance"",""sortOrder"":350,""fieldLabel"":""Closing Balance"",""isRequired"":false,""validation"":{""min"":0}},{""isPii"":true,""dataType"":""text"",""fieldKey"":""customer_id"",""sortOrder"":360,""fieldLabel"":""Customer ID"",""isRequired"":false},{""isPii"":true,""dataType"":""text"",""fieldKey"":""net_banking_username"",""isPrinted"":false,""sortOrder"":370,""fieldLabel"":""Net Banking Username"",""isRequired"":false},{""isPii"":true,""dataType"":""longtext"",""fieldKey"":""cards"",""isPrinted"":false,""sortOrder"":380,""fieldLabel"":""Linked Cards"",""isRequired"":false,""validation"":{""maxLength"":5000}},{""isPii"":true,""dataType"":""text"",""fieldKey"":""fd_receipt_number"",""sortOrder"":390,""fieldLabel"":""FD Receipt Number"",""isRequired"":false,""isIdentifier"":true},{""isPii"":true,""dataType"":""currency"",""fieldKey"":""principal_amount"",""sortOrder"":400,""fieldLabel"":""Principal Amount"",""isRequired"":false,""validation"":{""min"":0}},{""isPii"":false,""dataType"":""number"",""fieldKey"":""interest_rate"",""sortOrder"":410,""fieldLabel"":""Interest Rate (%)"",""isRequired"":false,""validation"":{""min"":0}},{""isPii"":true,""dataType"":""currency"",""fieldKey"":""maturity_amount"",""sortOrder"":420,""fieldLabel"":""Maturity Amount"",""isRequired"":false,""validation"":{""min"":0}},{""isPii"":false,""dataType"":""date"",""fieldKey"":""maturity_date"",""sortOrder"":430,""fieldLabel"":""Maturity Date"",""isRequired"":false,""validation"":{""message"":""Maturity cannot be before the issue date"",""afterField"":""issue_date""},""alertDaysBefore"":45},{""isPii"":true,""dataType"":""text"",""fieldKey"":""nominee_name"",""sortOrder"":440,""fieldLabel"":""Nominee Name"",""isRequired"":false},{""isPii"":true,""dataType"":""text"",""fieldKey"":""folio_number"",""sortOrder"":450,""fieldLabel"":""Folio Number"",""isRequired"":false,""isIdentifier"":true},{""isPii"":false,""dataType"":""text"",""fieldKey"":""fund_house"",""sortOrder"":460,""fieldLabel"":""Fund House"",""isRequired"":false},{""isPii"":false,""dataType"":""text"",""fieldKey"":""scheme_name"",""sortOrder"":470,""fieldLabel"":""Scheme Name"",""isRequired"":false},{""isPii"":true,""dataType"":""number"",""fieldKey"":""units_held"",""sortOrder"":480,""fieldLabel"":""Units Held"",""isRequired"":false,""validation"":{""min"":0}},{""isPii"":true,""dataType"":""currency"",""fieldKey"":""current_value"",""sortOrder"":490,""fieldLabel"":""Current Value"",""isRequired"":false,""validation"":{""min"":0}},{""isPii"":true,""dataType"":""text"",""fieldKey"":""demat_account_number"",""sortOrder"":500,""fieldLabel"":""Demat Account Number"",""isRequired"":false,""isIdentifier"":true},{""isPii"":false,""dataType"":""text"",""fieldKey"":""depository"",""sortOrder"":510,""fieldLabel"":""Depository"",""isRequired"":false},{""isPii"":false,""dataType"":""text"",""fieldKey"":""depository_participant"",""sortOrder"":520,""fieldLabel"":""Depository Participant"",""isRequired"":false},{""isPii"":false,""dataType"":""text"",""fieldKey"":""broker_name"",""sortOrder"":530,""fieldLabel"":""Broker Name"",""isRequired"":false},{""isPii"":true,""dataType"":""currency"",""fieldKey"":""holdings_value"",""sortOrder"":540,""fieldLabel"":""Holdings Value"",""isRequired"":false,""validation"":{""min"":0}},{""isPii"":true,""dataType"":""text"",""fieldKey"":""client_id"",""sortOrder"":550,""fieldLabel"":""Client ID"",""isRequired"":false,""isIdentifier"":true},{""isPii"":true,""dataType"":""text"",""fieldKey"":""login_username"",""isPrinted"":false,""sortOrder"":560,""fieldLabel"":""Login Username"",""isRequired"":false},{""isPii"":true,""dataType"":""text"",""fieldKey"":""loan_account_number"",""sortOrder"":570,""fieldLabel"":""Loan Account Number"",""isRequired"":false,""isIdentifier"":true},{""isPii"":false,""dataType"":""text"",""fieldKey"":""lender_name"",""sortOrder"":580,""fieldLabel"":""Lender Name"",""isRequired"":false},{""isPii"":false,""dataType"":""text"",""fieldKey"":""loan_type"",""sortOrder"":590,""fieldLabel"":""Loan Type"",""isRequired"":false},{""isPii"":true,""dataType"":""currency"",""fieldKey"":""loan_amount"",""sortOrder"":600,""fieldLabel"":""Loan Amount"",""isRequired"":false,""validation"":{""min"":0}},{""isPii"":false,""dataType"":""number"",""fieldKey"":""tenure_months"",""sortOrder"":610,""fieldLabel"":""Tenure (Months)"",""isRequired"":false,""validation"":{""min"":0}},{""isPii"":true,""dataType"":""currency"",""fieldKey"":""emi_amount"",""sortOrder"":620,""fieldLabel"":""EMI Amount"",""isRequired"":false,""validation"":{""min"":0}},{""isPii"":false,""dataType"":""date"",""fieldKey"":""disbursal_date"",""sortOrder"":630,""fieldLabel"":""Disbursal Date"",""isRequired"":false},{""isPii"":true,""dataType"":""text"",""fieldKey"":""card_last_four"",""sortOrder"":640,""fieldLabel"":""Card Last 4 Digits"",""isRequired"":false},{""isPii"":false,""dataType"":""text"",""fieldKey"":""issuer_name"",""sortOrder"":650,""fieldLabel"":""Issuer Name"",""isRequired"":false},{""isPii"":true,""dataType"":""currency"",""fieldKey"":""total_due"",""sortOrder"":660,""fieldLabel"":""Total Amount Due"",""isRequired"":false,""validation"":{""min"":0}},{""isPii"":true,""dataType"":""currency"",""fieldKey"":""credit_limit"",""sortOrder"":670,""fieldLabel"":""Credit Limit"",""isRequired"":false,""validation"":{""min"":0}},{""isPii"":false,""dataType"":""date"",""fieldKey"":""due_date"",""sortOrder"":680,""fieldLabel"":""Payment Due Date"",""isRequired"":false,""alertDaysBefore"":7},{""isPii"":false,""dataType"":""text"",""fieldKey"":""card_network"",""sortOrder"":690,""fieldLabel"":""Card Network"",""isRequired"":false},{""isPii"":false,""dataType"":""text"",""fieldKey"":""card_type"",""sortOrder"":700,""fieldLabel"":""Card Type"",""isRequired"":false},{""isPii"":true,""dataType"":""text"",""fieldKey"":""card_number"",""isPrinted"":false,""sortOrder"":710,""fieldLabel"":""Card Number"",""isRequired"":false,""isIdentifier"":true},{""isPii"":true,""dataType"":""text"",""fieldKey"":""card_expiry"",""isPrinted"":false,""sortOrder"":720,""fieldLabel"":""Card Expiry"",""isRequired"":false},{""isPii"":true,""dataType"":""text"",""fieldKey"":""cvv"",""isPrinted"":false,""sortOrder"":730,""fieldLabel"":""CVV"",""isRequired"":false},{""isPii"":true,""dataType"":""text"",""fieldKey"":""acknowledgement_number"",""sortOrder"":740,""fieldLabel"":""Acknowledgement Number"",""isRequired"":false,""isIdentifier"":true},{""isPii"":false,""dataType"":""text"",""fieldKey"":""assessment_year"",""sortOrder"":750,""fieldLabel"":""Assessment Year"",""isRequired"":false},{""isPii"":false,""dataType"":""text"",""fieldKey"":""employer_name"",""sortOrder"":760,""fieldLabel"":""Employer Name"",""isRequired"":false},{""isPii"":true,""dataType"":""currency"",""fieldKey"":""gross_income"",""sortOrder"":770,""fieldLabel"":""Gross Income"",""isRequired"":false,""validation"":{""min"":0}},{""isPii"":true,""dataType"":""currency"",""fieldKey"":""tax_paid"",""sortOrder"":780,""fieldLabel"":""Tax Paid"",""isRequired"":false,""validation"":{""min"":0}},{""isPii"":true,""dataType"":""text"",""fieldKey"":""uan_number"",""sortOrder"":790,""fieldLabel"":""UAN Number"",""isRequired"":false,""validation"":{""message"":""UAN is 12 digits"",""pattern"":""^[0-9]{12}$"",""maxLength"":12},""isIdentifier"":true},{""isPii"":false,""dataType"":""text"",""fieldKey"":""scheme_type"",""sortOrder"":800,""fieldLabel"":""Scheme Type"",""isRequired"":false},{""isPii"":true,""dataType"":""text"",""fieldKey"":""cheque_series"",""sortOrder"":810,""fieldLabel"":""Cheque Series"",""isRequired"":false},{""isPii"":true,""dataType"":""text"",""fieldKey"":""locker_number"",""sortOrder"":820,""fieldLabel"":""Locker Number"",""isRequired"":false,""isIdentifier"":true},{""isPii"":true,""dataType"":""currency"",""fieldKey"":""annual_rent"",""sortOrder"":830,""fieldLabel"":""Annual Rent"",""isRequired"":false,""validation"":{""min"":0}},{""isPii"":false,""dataType"":""date"",""fieldKey"":""agreement_date"",""sortOrder"":840,""fieldLabel"":""Agreement Date"",""isRequired"":false},{""isPii"":true,""dataType"":""longtext"",""fieldKey"":""inventory_list"",""isPrinted"":false,""sortOrder"":850,""fieldLabel"":""Inventory List"",""isRequired"":false,""validation"":{""maxLength"":5000}},{""isPii"":true,""dataType"":""text"",""fieldKey"":""policy_number"",""sortOrder"":860,""fieldLabel"":""Policy Number"",""isRequired"":false,""isIdentifier"":true},{""isPii"":false,""dataType"":""text"",""fieldKey"":""insurer_name"",""sortOrder"":870,""fieldLabel"":""Insurer Name"",""isRequired"":false},{""isPii"":false,""dataType"":""text"",""fieldKey"":""plan_name"",""sortOrder"":880,""fieldLabel"":""Plan Name"",""isRequired"":false},{""isPii"":true,""dataType"":""currency"",""fieldKey"":""sum_assured"",""sortOrder"":890,""fieldLabel"":""Sum Assured"",""isRequired"":false,""validation"":{""min"":0}},{""isPii"":true,""dataType"":""currency"",""fieldKey"":""premium_amount"",""sortOrder"":900,""fieldLabel"":""Premium Amount"",""isRequired"":false,""validation"":{""min"":0}},{""isPii"":false,""dataType"":""text"",""fieldKey"":""premium_frequency"",""sortOrder"":910,""fieldLabel"":""Premium Frequency"",""isRequired"":false},{""isPii"":false,""dataType"":""number"",""fieldKey"":""policy_term_years"",""sortOrder"":920,""fieldLabel"":""Policy Term (Years)"",""isRequired"":false,""validation"":{""min"":0}},{""isPii"":false,""dataType"":""date"",""fieldKey"":""renewal_due_date"",""sortOrder"":930,""fieldLabel"":""Renewal Due Date"",""isRequired"":false,""alertDaysBefore"":30},{""isPii"":false,""dataType"":""text"",""fieldKey"":""coverage_type"",""sortOrder"":940,""fieldLabel"":""Coverage Type"",""isRequired"":false},{""isPii"":true,""dataType"":""currency"",""fieldKey"":""sum_insured"",""sortOrder"":950,""fieldLabel"":""Sum Insured"",""isRequired"":false,""validation"":{""min"":0}},{""isPii"":true,""dataType"":""currency"",""fieldKey"":""idv_amount"",""sortOrder"":960,""fieldLabel"":""Insured Declared Value"",""isRequired"":false,""validation"":{""min"":0}},{""isPii"":false,""dataType"":""date"",""fieldKey"":""valid_to"",""sortOrder"":970,""fieldLabel"":""Valid To"",""isRequired"":false,""validation"":{""message"":""Valid to must be on or after valid from"",""afterField"":""valid_from""},""alertDaysBefore"":30},{""isPii"":true,""dataType"":""longtext"",""fieldKey"":""property_address"",""sortOrder"":980,""fieldLabel"":""Property Address"",""isRequired"":false,""validation"":{""maxLength"":5000}},{""isPii"":true,""dataType"":""text"",""fieldKey"":""receipt_number"",""sortOrder"":990,""fieldLabel"":""Receipt Number"",""isRequired"":false,""isIdentifier"":true},{""isPii"":true,""dataType"":""currency"",""fieldKey"":""amount_paid"",""sortOrder"":1000,""fieldLabel"":""Amount Paid"",""isRequired"":false,""validation"":{""min"":0}},{""isPii"":false,""dataType"":""text"",""fieldKey"":""payment_mode"",""sortOrder"":1010,""fieldLabel"":""Payment Mode"",""isRequired"":false},{""isPii"":false,""dataType"":""date"",""fieldKey"":""payment_date"",""sortOrder"":1020,""fieldLabel"":""Payment Date"",""isRequired"":false},{""isPii"":true,""dataType"":""text"",""fieldKey"":""deed_registration_number"",""sortOrder"":1030,""fieldLabel"":""Deed Registration Number"",""isRequired"":false,""isIdentifier"":true},{""isPii"":true,""dataType"":""text"",""fieldKey"":""survey_number"",""sortOrder"":1040,""fieldLabel"":""Survey Number"",""isRequired"":false},{""isPii"":true,""dataType"":""text"",""fieldKey"":""seller_name"",""sortOrder"":1050,""fieldLabel"":""Seller Name"",""isRequired"":false},{""isPii"":true,""dataType"":""text"",""fieldKey"":""buyer_name"",""sortOrder"":1060,""fieldLabel"":""Buyer Name"",""isRequired"":false},{""isPii"":true,""dataType"":""currency"",""fieldKey"":""consideration_amount"",""sortOrder"":1070,""fieldLabel"":""Consideration Amount"",""isRequired"":false,""validation"":{""min"":0}},{""isPii"":false,""dataType"":""text"",""fieldKey"":""built_up_area"",""sortOrder"":1080,""fieldLabel"":""Built-up Area"",""isRequired"":false},{""isPii"":false,""dataType"":""text"",""fieldKey"":""sub_registrar_office"",""sortOrder"":1090,""fieldLabel"":""Sub-Registrar Office"",""isRequired"":false},{""isPii"":false,""dataType"":""date"",""fieldKey"":""registration_date"",""sortOrder"":1100,""fieldLabel"":""Registration Date"",""isRequired"":false},{""isPii"":true,""dataType"":""currency"",""fieldKey"":""stamp_duty_amount"",""sortOrder"":1110,""fieldLabel"":""Stamp Duty Amount"",""isRequired"":false,""validation"":{""min"":0}},{""isPii"":true,""dataType"":""currency"",""fieldKey"":""registration_fee"",""sortOrder"":1120,""fieldLabel"":""Registration Fee"",""isRequired"":false,""validation"":{""min"":0}},{""isPii"":true,""dataType"":""text"",""fieldKey"":""certificate_number"",""sortOrder"":1130,""fieldLabel"":""Certificate Number"",""isRequired"":false,""isIdentifier"":true},{""isPii"":false,""dataType"":""text"",""fieldKey"":""period_covered"",""sortOrder"":1140,""fieldLabel"":""Period Covered"",""isRequired"":false},{""isPii"":true,""dataType"":""text"",""fieldKey"":""property_id"",""sortOrder"":1150,""fieldLabel"":""Property ID"",""isRequired"":false},{""isPii"":false,""dataType"":""text"",""fieldKey"":""municipal_body"",""sortOrder"":1160,""fieldLabel"":""Municipal Body"",""isRequired"":false},{""isPii"":true,""dataType"":""text"",""fieldKey"":""testator_name"",""sortOrder"":1170,""fieldLabel"":""Testator Name"",""isRequired"":false},{""isPii"":true,""dataType"":""longtext"",""fieldKey"":""beneficiary_names"",""sortOrder"":1180,""fieldLabel"":""Beneficiary Names"",""isRequired"":false,""validation"":{""maxLength"":5000}},{""isPii"":true,""dataType"":""text"",""fieldKey"":""executor_name"",""sortOrder"":1190,""fieldLabel"":""Executor Name"",""isRequired"":false},{""isPii"":true,""dataType"":""longtext"",""fieldKey"":""witness_names"",""sortOrder"":1200,""fieldLabel"":""Witness Names"",""isRequired"":false,""validation"":{""maxLength"":5000}},{""isPii"":false,""dataType"":""date"",""fieldKey"":""execution_date"",""sortOrder"":1210,""fieldLabel"":""Execution Date"",""isRequired"":false},{""isPii"":true,""dataType"":""text"",""fieldKey"":""principal_name"",""sortOrder"":1220,""fieldLabel"":""Principal Name"",""isRequired"":false},{""isPii"":true,""dataType"":""text"",""fieldKey"":""attorney_name"",""sortOrder"":1230,""fieldLabel"":""Attorney Name"",""isRequired"":false},{""isPii"":true,""dataType"":""longtext"",""fieldKey"":""powers_granted"",""sortOrder"":1240,""fieldLabel"":""Powers Granted"",""isRequired"":false,""validation"":{""maxLength"":5000}},{""isPii"":true,""dataType"":""text"",""fieldKey"":""khata_number"",""sortOrder"":1250,""fieldLabel"":""Khata Number"",""isRequired"":false},{""isPii"":true,""dataType"":""text"",""fieldKey"":""owner_name"",""sortOrder"":1260,""fieldLabel"":""Owner Name"",""isRequired"":false},{""isPii"":false,""dataType"":""date"",""fieldKey"":""mutation_date"",""sortOrder"":1270,""fieldLabel"":""Mutation Date"",""isRequired"":false},{""isPii"":true,""dataType"":""text"",""fieldKey"":""case_number"",""sortOrder"":1280,""fieldLabel"":""Case Number"",""isRequired"":false},{""isPii"":true,""dataType"":""longtext"",""fieldKey"":""party_names"",""sortOrder"":1290,""fieldLabel"":""Party Names"",""isRequired"":false,""validation"":{""maxLength"":5000}},{""isPii"":true,""dataType"":""longtext"",""fieldKey"":""custody_terms"",""sortOrder"":1300,""fieldLabel"":""Custody Terms"",""isRequired"":false,""validation"":{""maxLength"":5000}},{""isPii"":false,""dataType"":""text"",""fieldKey"":""court_name"",""sortOrder"":1310,""fieldLabel"":""Court Name"",""isRequired"":false},{""isPii"":false,""dataType"":""date"",""fieldKey"":""decree_date"",""sortOrder"":1320,""fieldLabel"":""Decree Date"",""isRequired"":false},{""isPii"":true,""dataType"":""text"",""fieldKey"":""roll_number"",""sortOrder"":1330,""fieldLabel"":""Roll Number"",""isRequired"":false},{""isPii"":true,""dataType"":""text"",""fieldKey"":""student_name"",""sortOrder"":1340,""fieldLabel"":""Student Name"",""isRequired"":false},{""isPii"":false,""dataType"":""text"",""fieldKey"":""board_university"",""sortOrder"":1350,""fieldLabel"":""Board / University"",""isRequired"":false},{""isPii"":false,""dataType"":""text"",""fieldKey"":""institution_name"",""sortOrder"":1360,""fieldLabel"":""Institution Name"",""isRequired"":false},{""isPii"":false,""dataType"":""text"",""fieldKey"":""exam_name"",""sortOrder"":1370,""fieldLabel"":""Examination"",""isRequired"":false},{""isPii"":false,""dataType"":""text"",""fieldKey"":""passing_year"",""sortOrder"":1380,""fieldLabel"":""Year of Passing"",""isRequired"":false},{""isPii"":true,""dataType"":""text"",""fieldKey"":""marks_obtained"",""sortOrder"":1390,""fieldLabel"":""Marks Obtained"",""isRequired"":false},{""isPii"":true,""dataType"":""number"",""fieldKey"":""percentage"",""sortOrder"":1400,""fieldLabel"":""Percentage"",""isRequired"":false,""validation"":{""min"":0}},{""isPii"":false,""dataType"":""text"",""fieldKey"":""degree_name"",""sortOrder"":1410,""fieldLabel"":""Degree / Diploma"",""isRequired"":false},{""isPii"":false,""dataType"":""text"",""fieldKey"":""specialization"",""sortOrder"":1420,""fieldLabel"":""Specialization"",""isRequired"":false},{""isPii"":true,""dataType"":""text"",""fieldKey"":""grade"",""sortOrder"":1430,""fieldLabel"":""Grade / Class"",""isRequired"":false},{""isPii"":true,""dataType"":""text"",""fieldKey"":""candidate_name"",""sortOrder"":1440,""fieldLabel"":""Candidate Name"",""isRequired"":false},{""isPii"":false,""dataType"":""text"",""fieldKey"":""exam_year"",""sortOrder"":1450,""fieldLabel"":""Exam Year"",""isRequired"":false},{""isPii"":true,""dataType"":""text"",""fieldKey"":""score"",""sortOrder"":1460,""fieldLabel"":""Score"",""isRequired"":false},{""isPii"":true,""dataType"":""text"",""fieldKey"":""rank_obtained"",""sortOrder"":1470,""fieldLabel"":""Rank"",""isRequired"":false},{""isPii"":true,""dataType"":""text"",""fieldKey"":""patient_name"",""sortOrder"":1480,""fieldLabel"":""Patient Name"",""isRequired"":false},{""isPii"":true,""dataType"":""longtext"",""fieldKey"":""diagnosis"",""sortOrder"":1490,""fieldLabel"":""Diagnosis"",""isRequired"":false,""validation"":{""maxLength"":5000}},{""isPii"":true,""dataType"":""longtext"",""fieldKey"":""prescription_text"",""sortOrder"":1500,""fieldLabel"":""Prescription"",""isRequired"":false,""validation"":{""maxLength"":5000}},{""isPii"":false,""dataType"":""text"",""fieldKey"":""doctor_name"",""sortOrder"":1510,""fieldLabel"":""Doctor Name"",""isRequired"":false},{""isPii"":false,""dataType"":""text"",""fieldKey"":""hospital_name"",""sortOrder"":1520,""fieldLabel"":""Hospital / Clinic"",""isRequired"":false},{""isPii"":false,""dataType"":""date"",""fieldKey"":""visit_date"",""sortOrder"":1530,""fieldLabel"":""Visit Date"",""isRequired"":false,""validation"":{""message"":""A visit date cannot be in the future"",""notFuture"":true}},{""isPii"":true,""dataType"":""text"",""fieldKey"":""beneficiary_name"",""sortOrder"":1540,""fieldLabel"":""Beneficiary Name"",""isRequired"":false},{""isPii"":true,""dataType"":""text"",""fieldKey"":""beneficiary_id"",""sortOrder"":1550,""fieldLabel"":""Beneficiary ID"",""isRequired"":false},{""isPii"":false,""dataType"":""text"",""fieldKey"":""vaccine_name"",""sortOrder"":1560,""fieldLabel"":""Vaccine"",""isRequired"":false},{""isPii"":false,""dataType"":""number"",""fieldKey"":""dose_number"",""sortOrder"":1570,""fieldLabel"":""Dose Number"",""isRequired"":false,""validation"":{""min"":0}},{""isPii"":false,""dataType"":""text"",""fieldKey"":""vaccination_centre"",""sortOrder"":1580,""fieldLabel"":""Vaccination Centre"",""isRequired"":false},{""isPii"":false,""dataType"":""date"",""fieldKey"":""vaccination_date"",""sortOrder"":1590,""fieldLabel"":""Vaccination Date"",""isRequired"":false,""validation"":{""message"":""A vaccination date cannot be in the future"",""notFuture"":true}},{""isPii"":true,""dataType"":""longtext"",""fieldKey"":""test_results"",""sortOrder"":1600,""fieldLabel"":""Test Results"",""isRequired"":false,""validation"":{""maxLength"":5000}},{""isPii"":false,""dataType"":""text"",""fieldKey"":""lab_name"",""sortOrder"":1610,""fieldLabel"":""Laboratory"",""isRequired"":false},{""isPii"":false,""dataType"":""text"",""fieldKey"":""referring_doctor"",""sortOrder"":1620,""fieldLabel"":""Referring Doctor"",""isRequired"":false},{""isPii"":false,""dataType"":""date"",""fieldKey"":""report_date"",""sortOrder"":1630,""fieldLabel"":""Report Date"",""isRequired"":false},{""isPii"":true,""dataType"":""longtext"",""fieldKey"":""treatment_summary"",""sortOrder"":1640,""fieldLabel"":""Treatment Summary"",""isRequired"":false,""validation"":{""maxLength"":5000}},{""isPii"":false,""dataType"":""date"",""fieldKey"":""admission_date"",""sortOrder"":1650,""fieldLabel"":""Admission Date"",""isRequired"":false,""validation"":{""message"":""An admission date cannot be in the future"",""notFuture"":true}},{""isPii"":false,""dataType"":""date"",""fieldKey"":""discharge_date"",""sortOrder"":1660,""fieldLabel"":""Discharge Date"",""isRequired"":false,""validation"":{""message"":""Discharge cannot be before admission"",""afterField"":""admission_date""}},{""isPii"":true,""dataType"":""text"",""fieldKey"":""claim_number"",""sortOrder"":1670,""fieldLabel"":""Claim Number"",""isRequired"":false,""isIdentifier"":true},{""isPii"":true,""dataType"":""currency"",""fieldKey"":""claim_amount"",""sortOrder"":1680,""fieldLabel"":""Claim Amount"",""isRequired"":false,""validation"":{""min"":0}},{""isPii"":true,""dataType"":""currency"",""fieldKey"":""approved_amount"",""sortOrder"":1690,""fieldLabel"":""Approved Amount"",""isRequired"":false,""validation"":{""min"":0}},{""isPii"":false,""dataType"":""text"",""fieldKey"":""claim_status"",""sortOrder"":1700,""fieldLabel"":""Claim Status"",""isRequired"":false},{""isPii"":false,""dataType"":""date"",""fieldKey"":""claim_date"",""sortOrder"":1710,""fieldLabel"":""Claim Date"",""isRequired"":false},{""isPii"":true,""dataType"":""text"",""fieldKey"":""person_name"",""sortOrder"":1720,""fieldLabel"":""Person Name"",""isRequired"":false},{""isPii"":true,""dataType"":""text"",""fieldKey"":""disability_type"",""sortOrder"":1730,""fieldLabel"":""Disability Type"",""isRequired"":false},{""isPii"":true,""dataType"":""number"",""fieldKey"":""disability_percentage"",""sortOrder"":1740,""fieldLabel"":""Disability Percentage"",""isRequired"":false,""validation"":{""min"":0}},{""isPii"":true,""dataType"":""text"",""fieldKey"":""employee_name"",""sortOrder"":1750,""fieldLabel"":""Employee Name"",""isRequired"":false},{""isPii"":false,""dataType"":""text"",""fieldKey"":""designation"",""sortOrder"":1760,""fieldLabel"":""Designation"",""isRequired"":false},{""isPii"":true,""dataType"":""currency"",""fieldKey"":""annual_ctc"",""sortOrder"":1770,""fieldLabel"":""Annual CTC"",""isRequired"":false,""validation"":{""min"":0}},{""isPii"":false,""dataType"":""text"",""fieldKey"":""work_location"",""sortOrder"":1780,""fieldLabel"":""Work Location"",""isRequired"":false},{""isPii"":false,""dataType"":""date"",""fieldKey"":""joining_date"",""sortOrder"":1790,""fieldLabel"":""Joining Date"",""isRequired"":false},{""isPii"":true,""dataType"":""text"",""fieldKey"":""employee_id"",""sortOrder"":1800,""fieldLabel"":""Employee ID"",""isRequired"":false},{""isPii"":false,""dataType"":""text"",""fieldKey"":""pay_period"",""sortOrder"":1810,""fieldLabel"":""Pay Period"",""isRequired"":false},{""isPii"":true,""dataType"":""currency"",""fieldKey"":""gross_salary"",""sortOrder"":1820,""fieldLabel"":""Gross Salary"",""isRequired"":false,""validation"":{""min"":0}},{""isPii"":true,""dataType"":""currency"",""fieldKey"":""total_deductions"",""sortOrder"":1830,""fieldLabel"":""Total Deductions"",""isRequired"":false,""validation"":{""min"":0}},{""isPii"":true,""dataType"":""currency"",""fieldKey"":""net_salary"",""sortOrder"":1840,""fieldLabel"":""Net Salary"",""isRequired"":false,""validation"":{""min"":0}},{""isPii"":false,""dataType"":""date"",""fieldKey"":""employment_from"",""sortOrder"":1850,""fieldLabel"":""Employed From"",""isRequired"":false},{""isPii"":false,""dataType"":""date"",""fieldKey"":""employment_to"",""sortOrder"":1860,""fieldLabel"":""Employed To"",""isRequired"":false,""validation"":{""message"":""End date must be on or after the start date"",""afterField"":""employment_from""},""alertDaysBefore"":45},{""isPii"":true,""dataType"":""text"",""fieldKey"":""pf_account_number"",""sortOrder"":1870,""fieldLabel"":""PF Account Number"",""isRequired"":false,""isIdentifier"":true},{""isPii"":true,""dataType"":""text"",""fieldKey"":""member_name"",""sortOrder"":1880,""fieldLabel"":""Member Name"",""isRequired"":false},{""isPii"":true,""dataType"":""currency"",""fieldKey"":""pf_balance"",""sortOrder"":1890,""fieldLabel"":""PF Balance"",""isRequired"":false,""validation"":{""min"":0}},{""isPii"":true,""dataType"":""text"",""fieldKey"":""chassis_number"",""sortOrder"":1900,""fieldLabel"":""Chassis Number"",""isRequired"":false,""isIdentifier"":true},{""isPii"":true,""dataType"":""text"",""fieldKey"":""engine_number"",""sortOrder"":1910,""fieldLabel"":""Engine Number"",""isRequired"":false,""isIdentifier"":true},{""isPii"":false,""dataType"":""text"",""fieldKey"":""vehicle_make_model"",""sortOrder"":1920,""fieldLabel"":""Make & Model"",""isRequired"":false},{""isPii"":false,""dataType"":""text"",""fieldKey"":""vehicle_class"",""sortOrder"":1930,""fieldLabel"":""Vehicle Class"",""isRequired"":false},{""isPii"":false,""dataType"":""text"",""fieldKey"":""fuel_type"",""sortOrder"":1940,""fieldLabel"":""Fuel Type"",""isRequired"":false},{""isPii"":false,""dataType"":""text"",""fieldKey"":""testing_centre"",""sortOrder"":1950,""fieldLabel"":""Testing Centre"",""isRequired"":false},{""isPii"":false,""dataType"":""date"",""fieldKey"":""test_date"",""sortOrder"":1960,""fieldLabel"":""Test Date"",""isRequired"":false},{""isPii"":true,""dataType"":""text"",""fieldKey"":""invoice_number"",""sortOrder"":1970,""fieldLabel"":""Invoice Number"",""isRequired"":false,""isIdentifier"":true},{""isPii"":false,""dataType"":""text"",""fieldKey"":""dealer_name"",""sortOrder"":1980,""fieldLabel"":""Dealer Name"",""isRequired"":false},{""isPii"":true,""dataType"":""currency"",""fieldKey"":""invoice_amount"",""sortOrder"":1990,""fieldLabel"":""Invoice Amount"",""isRequired"":false,""validation"":{""min"":0}},{""isPii"":false,""dataType"":""date"",""fieldKey"":""invoice_date"",""sortOrder"":2000,""fieldLabel"":""Invoice Date"",""isRequired"":false},{""isPii"":true,""dataType"":""longtext"",""fieldKey"":""spouse_names"",""sortOrder"":2010,""fieldLabel"":""Spouse Names"",""isRequired"":false,""validation"":{""maxLength"":5000}},{""isPii"":false,""dataType"":""text"",""fieldKey"":""place_of_marriage"",""sortOrder"":2020,""fieldLabel"":""Place of Marriage"",""isRequired"":false},{""isPii"":false,""dataType"":""date"",""fieldKey"":""marriage_date"",""sortOrder"":2030,""fieldLabel"":""Marriage Date"",""isRequired"":false},{""isPii"":true,""dataType"":""text"",""fieldKey"":""applicant_name"",""sortOrder"":2040,""fieldLabel"":""Applicant Name"",""isRequired"":false},{""isPii"":false,""dataType"":""text"",""fieldKey"":""state_name"",""sortOrder"":2050,""fieldLabel"":""State"",""isRequired"":false},{""isPii"":false,""dataType"":""text"",""fieldKey"":""certificate_kind"",""sortOrder"":2060,""fieldLabel"":""Certificate Kind"",""isRequired"":false},{""isPii"":true,""dataType"":""text"",""fieldKey"":""declared_value"",""sortOrder"":2070,""fieldLabel"":""Caste / Declared Income"",""isRequired"":false},{""isPii"":true,""dataType"":""text"",""fieldKey"":""document_number"",""sortOrder"":2080,""fieldLabel"":""Document Number"",""isRequired"":false,""isIdentifier"":true},{""isPii"":false,""dataType"":""text"",""fieldKey"":""document_kind"",""sortOrder"":2090,""fieldLabel"":""Document Kind"",""isRequired"":false},{""isPii"":false,""dataType"":""text"",""fieldKey"":""country_name"",""sortOrder"":2100,""fieldLabel"":""Country"",""isRequired"":false},{""isPii"":true,""dataType"":""text"",""fieldKey"":""serial_number"",""sortOrder"":2110,""fieldLabel"":""Serial Number"",""isRequired"":false},{""isPii"":false,""dataType"":""text"",""fieldKey"":""product_name"",""sortOrder"":2120,""fieldLabel"":""Product"",""isRequired"":false},{""isPii"":false,""dataType"":""text"",""fieldKey"":""brand_name"",""sortOrder"":2130,""fieldLabel"":""Brand"",""isRequired"":false},{""isPii"":false,""dataType"":""date"",""fieldKey"":""purchase_date"",""sortOrder"":2140,""fieldLabel"":""Purchase Date"",""isRequired"":false,""validation"":{""message"":""A purchase date cannot be in the future"",""notFuture"":true}},{""isPii"":false,""dataType"":""number"",""fieldKey"":""warranty_months"",""sortOrder"":2150,""fieldLabel"":""Warranty (Months)"",""isRequired"":false,""validation"":{""min"":0}},{""isPii"":false,""dataType"":""date"",""fieldKey"":""warranty_expiry"",""sortOrder"":2160,""fieldLabel"":""Warranty Expiry"",""isRequired"":false,""validation"":{""message"":""Warranty expiry cannot be before the purchase date"",""afterField"":""purchase_date""},""alertDaysBefore"":15},{""isPii"":true,""dataType"":""text"",""fieldKey"":""support_contact"",""sortOrder"":2170,""fieldLabel"":""Support Contact"",""isRequired"":false,""validation"":{""message"":""Enter a valid contact number"",""pattern"":""^[+0-9][0-9 ()-]{5,19}$""}},{""isPii"":true,""dataType"":""text"",""fieldKey"":""contract_number"",""sortOrder"":2180,""fieldLabel"":""Contract Number"",""isRequired"":false,""isIdentifier"":true},{""isPii"":false,""dataType"":""text"",""fieldKey"":""service_provider"",""sortOrder"":2190,""fieldLabel"":""Service Provider"",""isRequired"":false},{""isPii"":false,""dataType"":""text"",""fieldKey"":""asset_covered"",""sortOrder"":2200,""fieldLabel"":""Asset Covered"",""isRequired"":false},{""isPii"":true,""dataType"":""currency"",""fieldKey"":""contract_amount"",""sortOrder"":2210,""fieldLabel"":""Contract Amount"",""isRequired"":false,""validation"":{""min"":0}},{""isPii"":true,""dataType"":""text"",""fieldKey"":""agreement_number"",""sortOrder"":2220,""fieldLabel"":""Agreement Number"",""isRequired"":false,""isIdentifier"":true},{""isPii"":true,""dataType"":""text"",""fieldKey"":""landlord_name"",""sortOrder"":2230,""fieldLabel"":""Landlord Name"",""isRequired"":false},{""isPii"":true,""dataType"":""text"",""fieldKey"":""tenant_name"",""sortOrder"":2240,""fieldLabel"":""Tenant Name"",""isRequired"":false},{""isPii"":true,""dataType"":""currency"",""fieldKey"":""monthly_rent"",""sortOrder"":2250,""fieldLabel"":""Monthly Rent"",""isRequired"":false,""validation"":{""min"":0}},{""isPii"":true,""dataType"":""currency"",""fieldKey"":""deposit_amount"",""sortOrder"":2260,""fieldLabel"":""Security Deposit"",""isRequired"":false,""validation"":{""min"":0}},{""isPii"":false,""dataType"":""date"",""fieldKey"":""lease_from"",""sortOrder"":2270,""fieldLabel"":""Lease From"",""isRequired"":false},{""isPii"":false,""dataType"":""date"",""fieldKey"":""lease_to"",""sortOrder"":2280,""fieldLabel"":""Lease To"",""isRequired"":false,""validation"":{""message"":""Lease end must be on or after lease start"",""afterField"":""lease_from""},""alertDaysBefore"":45},{""isPii"":true,""dataType"":""text"",""fieldKey"":""subscription_id"",""sortOrder"":2290,""fieldLabel"":""Subscription ID"",""isRequired"":false,""isIdentifier"":true},{""isPii"":false,""dataType"":""text"",""fieldKey"":""service_name"",""sortOrder"":2300,""fieldLabel"":""Service"",""isRequired"":false},{""isPii"":false,""dataType"":""text"",""fieldKey"":""billing_cycle"",""sortOrder"":2310,""fieldLabel"":""Billing Cycle"",""isRequired"":false},{""isPii"":true,""dataType"":""text"",""fieldKey"":""consumer_number"",""sortOrder"":2320,""fieldLabel"":""Consumer Number"",""isRequired"":false,""isIdentifier"":true},{""isPii"":false,""dataType"":""text"",""fieldKey"":""provider_name"",""sortOrder"":2330,""fieldLabel"":""Provider"",""isRequired"":false},{""isPii"":true,""dataType"":""longtext"",""fieldKey"":""service_address"",""sortOrder"":2340,""fieldLabel"":""Service Address"",""isRequired"":false,""validation"":{""maxLength"":5000}},{""isPii"":false,""dataType"":""text"",""fieldKey"":""billing_period"",""sortOrder"":2350,""fieldLabel"":""Billing Period"",""isRequired"":false},{""isPii"":false,""dataType"":""number"",""fieldKey"":""units_consumed"",""sortOrder"":2360,""fieldLabel"":""Units Consumed"",""isRequired"":false,""validation"":{""min"":0}},{""isPii"":true,""dataType"":""currency"",""fieldKey"":""bill_amount"",""sortOrder"":2370,""fieldLabel"":""Bill Amount"",""isRequired"":false,""validation"":{""min"":0}},{""isPii"":false,""dataType"":""text"",""fieldKey"":""connection_type"",""sortOrder"":2380,""fieldLabel"":""Connection Type"",""isRequired"":false},{""isPii"":true,""dataType"":""text"",""fieldKey"":""deductor_tan"",""sortOrder"":2390,""fieldLabel"":""Deductor TAN"",""isRequired"":false},{""isPii"":false,""dataType"":""text"",""fieldKey"":""deductor_name"",""sortOrder"":2400,""fieldLabel"":""Deductor Name"",""isRequired"":false},{""isPii"":false,""dataType"":""text"",""fieldKey"":""form_kind"",""sortOrder"":2410,""fieldLabel"":""Form Kind"",""isRequired"":false},{""isPii"":true,""dataType"":""currency"",""fieldKey"":""tds_amount"",""sortOrder"":2420,""fieldLabel"":""TDS Amount"",""isRequired"":false,""validation"":{""min"":0}},{""isPii"":true,""dataType"":""currency"",""fieldKey"":""taxable_value"",""sortOrder"":2430,""fieldLabel"":""Taxable Amount"",""isRequired"":false,""validation"":{""min"":0}},{""isPii"":true,""dataType"":""text"",""fieldKey"":""challan_number"",""sortOrder"":2440,""fieldLabel"":""Challan Number"",""isRequired"":false,""isIdentifier"":true},{""isPii"":true,""dataType"":""text"",""fieldKey"":""declaration_number"",""sortOrder"":2450,""fieldLabel"":""Declaration Number"",""isRequired"":false,""isIdentifier"":true},{""isPii"":true,""dataType"":""currency"",""fieldKey"":""total_assets_value"",""sortOrder"":2460,""fieldLabel"":""Total Assets Value"",""isRequired"":false,""validation"":{""min"":0}},{""isPii"":true,""dataType"":""currency"",""fieldKey"":""total_liabilities_value"",""sortOrder"":2470,""fieldLabel"":""Total Liabilities Value"",""isRequired"":false,""validation"":{""min"":0}},{""isPii"":true,""dataType"":""longtext"",""fieldKey"":""asset_details"",""sortOrder"":2480,""fieldLabel"":""Asset Details"",""isRequired"":false,""validation"":{""maxLength"":5000}},{""isPii"":true,""dataType"":""text"",""fieldKey"":""ppo_number"",""sortOrder"":2490,""fieldLabel"":""PPO Number"",""isRequired"":false,""isIdentifier"":true},{""isPii"":true,""dataType"":""text"",""fieldKey"":""pensioner_name"",""sortOrder"":2500,""fieldLabel"":""Pensioner Name"",""isRequired"":false},{""isPii"":true,""dataType"":""text"",""fieldKey"":""bank_account_number"",""sortOrder"":2510,""fieldLabel"":""Bank Account Number"",""isRequired"":false,""isIdentifier"":true},{""isPii"":false,""dataType"":""text"",""fieldKey"":""disbursing_authority"",""sortOrder"":2520,""fieldLabel"":""Disbursing Authority"",""isRequired"":false},{""isPii"":true,""dataType"":""currency"",""fieldKey"":""monthly_pension"",""sortOrder"":2530,""fieldLabel"":""Monthly Pension"",""isRequired"":false,""validation"":{""min"":0}},{""isPii"":false,""dataType"":""date"",""fieldKey"":""retirement_date"",""sortOrder"":2540,""fieldLabel"":""Retirement Date"",""isRequired"":false},{""isPii"":true,""dataType"":""text"",""fieldKey"":""reference_number"",""sortOrder"":2550,""fieldLabel"":""Reference Number"",""isRequired"":false},{""isPii"":false,""dataType"":""date"",""fieldKey"":""issue_date"",""sortOrder"":2560,""fieldLabel"":""Document Date"",""isRequired"":false,""validation"":{""message"":""An issue date cannot be in the future"",""notFuture"":true}},{""isPii"":false,""dataType"":""text"",""fieldKey"":""period"",""sortOrder"":2570,""fieldLabel"":""Period / Assessment Year"",""isRequired"":false},{""isPii"":true,""dataType"":""currency"",""fieldKey"":""amount"",""sortOrder"":2580,""fieldLabel"":""Amount"",""isRequired"":false,""validation"":{""min"":0}},{""isPii"":true,""dataType"":""text"",""fieldKey"":""application_number"",""sortOrder"":2590,""fieldLabel"":""Application Number"",""isRequired"":false,""isIdentifier"":true},{""isPii"":true,""dataType"":""text"",""fieldKey"":""arn_number"",""sortOrder"":2600,""fieldLabel"":""ARN"",""isRequired"":false,""isIdentifier"":true},{""isPii"":false,""dataType"":""text"",""fieldKey"":""auditor_name"",""sortOrder"":2610,""fieldLabel"":""Auditor"",""isRequired"":false},{""isPii"":true,""dataType"":""longtext"",""fieldKey"":""branch_details"",""sortOrder"":2620,""fieldLabel"":""Branch Details"",""isRequired"":false,""validation"":{""maxLength"":5000}},{""isPii"":false,""dataType"":""text"",""fieldKey"":""business_name"",""sortOrder"":2630,""fieldLabel"":""Business Name"",""isRequired"":false},{""isPii"":true,""dataType"":""currency"",""fieldKey"":""capital_contribution"",""sortOrder"":2640,""fieldLabel"":""Capital Contribution"",""isRequired"":false,""validation"":{""min"":0}},{""isPii"":true,""dataType"":""text"",""fieldKey"":""cin_number"",""sortOrder"":2650,""fieldLabel"":""CIN"",""isRequired"":false,""isIdentifier"":true},{""isPii"":true,""dataType"":""text"",""fieldKey"":""cin_or_llpin"",""sortOrder"":2660,""fieldLabel"":""CIN / LLPIN"",""isRequired"":false},{""isPii"":false,""dataType"":""text"",""fieldKey"":""contract_kind"",""sortOrder"":2670,""fieldLabel"":""Contract Kind"",""isRequired"":false},{""isPii"":true,""dataType"":""currency"",""fieldKey"":""contract_value"",""sortOrder"":2680,""fieldLabel"":""Contract Value"",""isRequired"":false,""validation"":{""min"":0}},{""isPii"":true,""dataType"":""text"",""fieldKey"":""counterparty_name"",""sortOrder"":2690,""fieldLabel"":""Counterparty Name"",""isRequired"":false},{""isPii"":true,""dataType"":""number"",""fieldKey"":""employee_count"",""sortOrder"":2700,""fieldLabel"":""Employee Count"",""isRequired"":false,""validation"":{""min"":0}},{""isPii"":false,""dataType"":""text"",""fieldKey"":""entity_name"",""sortOrder"":2710,""fieldLabel"":""Entity Name"",""isRequired"":false},{""isPii"":false,""dataType"":""text"",""fieldKey"":""facility_kind"",""sortOrder"":2720,""fieldLabel"":""Facility Kind"",""isRequired"":false},{""isPii"":false,""dataType"":""date"",""fieldKey"":""filing_date"",""sortOrder"":2730,""fieldLabel"":""Filing Date"",""isRequired"":false},{""isPii"":false,""dataType"":""text"",""fieldKey"":""financial_year"",""sortOrder"":2740,""fieldLabel"":""Financial Year"",""isRequired"":false},{""isPii"":true,""dataType"":""text"",""fieldKey"":""gstin"",""sortOrder"":2750,""fieldLabel"":""GSTIN"",""isRequired"":false,""validation"":{""example"":""27ABCDE1234F1Z5"",""message"":""GSTIN is 15 characters, e.g. 27ABCDE1234F1Z5"",""pattern"":""^[0-9]{2}[A-Za-z]{5}[0-9]{4}[A-Za-z][0-9A-Za-z][Zz][0-9A-Za-z]$"",""maxLength"":15}},{""isPii"":true,""dataType"":""text"",""fieldKey"":""iec_code"",""sortOrder"":2760,""fieldLabel"":""Import Export Code"",""isRequired"":false,""isIdentifier"":true},{""isPii"":false,""dataType"":""date"",""fieldKey"":""incorporation_date"",""sortOrder"":2770,""fieldLabel"":""Incorporation Date"",""isRequired"":false},{""isPii"":false,""dataType"":""text"",""fieldKey"":""ip_class"",""sortOrder"":2780,""fieldLabel"":""Class"",""isRequired"":false},{""isPii"":true,""dataType"":""longtext"",""fieldKey"":""key_terms"",""sortOrder"":2790,""fieldLabel"":""Key Terms"",""isRequired"":false,""validation"":{""maxLength"":5000}},{""isPii"":false,""dataType"":""text"",""fieldKey"":""legal_business_name"",""sortOrder"":2800,""fieldLabel"":""Legal Business Name"",""isRequired"":false},{""isPii"":false,""dataType"":""text"",""fieldKey"":""mark_name"",""sortOrder"":2810,""fieldLabel"":""Mark / Title"",""isRequired"":false},{""isPii"":true,""dataType"":""currency"",""fieldKey"":""net_profit"",""sortOrder"":2820,""fieldLabel"":""Net Profit"",""isRequired"":false,""validation"":{""min"":0}},{""isPii"":true,""dataType"":""longtext"",""fieldKey"":""partner_names"",""sortOrder"":2830,""fieldLabel"":""Partners / Directors"",""isRequired"":false,""validation"":{""maxLength"":5000}},{""isPii"":false,""dataType"":""text"",""fieldKey"":""payment_status"",""sortOrder"":2840,""fieldLabel"":""Payment Status"",""isRequired"":false},{""isPii"":true,""dataType"":""longtext"",""fieldKey"":""principal_place"",""sortOrder"":2850,""fieldLabel"":""Principal Place of Business"",""isRequired"":false,""validation"":{""maxLength"":5000}},{""isPii"":false,""dataType"":""text"",""fieldKey"":""registration_kind"",""sortOrder"":2860,""fieldLabel"":""Registration Kind"",""isRequired"":false},{""isPii"":false,""dataType"":""text"",""fieldKey"":""registry_office"",""sortOrder"":2870,""fieldLabel"":""Registry Office"",""isRequired"":false},{""isPii"":false,""dataType"":""text"",""fieldKey"":""return_kind"",""sortOrder"":2880,""fieldLabel"":""Return Kind"",""isRequired"":false},{""isPii"":false,""dataType"":""text"",""fieldKey"":""return_period"",""sortOrder"":2890,""fieldLabel"":""Return Period"",""isRequired"":false},{""isPii"":false,""dataType"":""date"",""fieldKey"":""sanction_date"",""sortOrder"":2900,""fieldLabel"":""Sanction Date"",""isRequired"":false},{""isPii"":true,""dataType"":""currency"",""fieldKey"":""sanctioned_amount"",""sortOrder"":2910,""fieldLabel"":""Sanctioned Amount"",""isRequired"":false,""validation"":{""min"":0}},{""isPii"":true,""dataType"":""text"",""fieldKey"":""srn_number"",""sortOrder"":2920,""fieldLabel"":""SRN"",""isRequired"":false,""isIdentifier"":true},{""isPii"":true,""dataType"":""text"",""fieldKey"":""tan_number"",""sortOrder"":2930,""fieldLabel"":""TAN"",""isRequired"":false,""validation"":{""message"":""TAN is 4 letters, 5 digits, 1 letter — e.g. ABCD12345E"",""pattern"":""^[A-Za-z]{4}[0-9]{5}[A-Za-z]$"",""maxLength"":10}},{""isPii"":true,""dataType"":""currency"",""fieldKey"":""tax_amount"",""sortOrder"":2940,""fieldLabel"":""Tax Amount"",""isRequired"":false,""validation"":{""min"":0}},{""isPii"":true,""dataType"":""currency"",""fieldKey"":""tax_payable"",""sortOrder"":2950,""fieldLabel"":""Tax Payable"",""isRequired"":false,""validation"":{""min"":0}},{""isPii"":false,""dataType"":""text"",""fieldKey"":""taxpayer_kind"",""sortOrder"":2960,""fieldLabel"":""Taxpayer Kind"",""isRequired"":false},{""isPii"":true,""dataType"":""currency"",""fieldKey"":""total_amount"",""sortOrder"":2970,""fieldLabel"":""Total Amount"",""isRequired"":false,""validation"":{""min"":0}},{""isPii"":true,""dataType"":""currency"",""fieldKey"":""total_assets"",""sortOrder"":2980,""fieldLabel"":""Total Assets"",""isRequired"":false,""validation"":{""min"":0}},{""isPii"":true,""dataType"":""currency"",""fieldKey"":""total_revenue"",""sortOrder"":2990,""fieldLabel"":""Total Revenue"",""isRequired"":false,""validation"":{""min"":0}},{""isPii"":false,""dataType"":""text"",""fieldKey"":""trade_name"",""sortOrder"":3000,""fieldLabel"":""Trade Name"",""isRequired"":false},{""isPii"":false,""dataType"":""text"",""fieldKey"":""holder_name"",""isPrinted"":false,""sortOrder"":3010,""fieldLabel"":""Holder Name""},{""isPii"":false,""dataType"":""number"",""fieldKey"":""alert_days_before"",""isPrinted"":false,""sortOrder"":3020,""fieldLabel"":""Alert Me Before (days)"",""validation"":{""max"":365,""min"":0,""example"":""15"",""message"":""Enter between 0 and 365 days""}},{""isPii"":true,""dataType"":""longtext"",""fieldKey"":""notes"",""isPrinted"":false,""sortOrder"":3030,""fieldLabel"":""Notes"",""validation"":{""maxLength"":5000}},{""isPii"":false,""dataType"":""longtext"",""fieldKey"":""custom_fields"",""isPrinted"":false,""sortOrder"":3040,""fieldLabel"":""Additional Details"",""validation"":{""maxLength"":5000}}]",document_title,"document_title,aadhaar_number,date_of_birth,gender,address,pan_number,father_name,passport_number,place_of_birth,place_of_issue,issuing_authority,expiry_date,nationality,file_number,voter_id_number,constituency,relation_name,license_number,vehicle_classes,blood_group,valid_from,registration_number,mother_name,date_of_death,place_of_death,ration_card_number,card_category,member_names,account_number,ifsc_code,bank_name,branch_name,account_type,statement_period,closing_balance,customer_id,net_banking_username,cards,fd_receipt_number,principal_amount,interest_rate,maturity_amount,maturity_date,nominee_name,folio_number,fund_house,scheme_name,units_held,current_value,demat_account_number,depository,depository_participant,broker_name,holdings_value,client_id,login_username,loan_account_number,lender_name,loan_type,loan_amount,tenure_months,emi_amount,disbursal_date,card_last_four,issuer_name,total_due,credit_limit,due_date,card_network,card_type,card_number,card_expiry,cvv,acknowledgement_number,assessment_year,employer_name,gross_income,tax_paid,uan_number,scheme_type,cheque_series,locker_number,annual_rent,agreement_date,inventory_list,policy_number,insurer_name,plan_name,sum_assured,premium_amount,premium_frequency,policy_term_years,renewal_due_date,coverage_type,sum_insured,idv_amount,valid_to,property_address,receipt_number,amount_paid,payment_mode,payment_date,deed_registration_number,survey_number,seller_name,buyer_name,consideration_amount,built_up_area,sub_registrar_office,registration_date,stamp_duty_amount,registration_fee,certificate_number,period_covered,property_id,municipal_body,testator_name,beneficiary_names,executor_name,witness_names,execution_date,principal_name,attorney_name,powers_granted,khata_number,owner_name,mutation_date,case_number,party_names,custody_terms,court_name,decree_date,roll_number,student_name,board_university,institution_name,exam_name,passing_year,marks_obtained,percentage,degree_name,specialization,grade,candidate_name,exam_year,score,rank_obtained,patient_name,diagnosis,prescription_text,doctor_name,hospital_name,visit_date,beneficiary_name,beneficiary_id,vaccine_name,dose_number,vaccination_centre,vaccination_date,test_results,lab_name,referring_doctor,report_date,treatment_summary,admission_date,discharge_date,claim_number,claim_amount,approved_amount,claim_status,claim_date,person_name,disability_type,disability_percentage,employee_name,designation,annual_ctc,work_location,joining_date,employee_id,pay_period,gross_salary,total_deductions,net_salary,employment_from,employment_to,pf_account_number,member_name,pf_balance,chassis_number,engine_number,vehicle_make_model,vehicle_class,fuel_type,testing_centre,test_date,invoice_number,dealer_name,invoice_amount,invoice_date,spouse_names,place_of_marriage,marriage_date,applicant_name,state_name,certificate_kind,declared_value,document_number,document_kind,country_name,serial_number,product_name,brand_name,purchase_date,warranty_months,warranty_expiry,support_contact,contract_number,service_provider,asset_covered,contract_amount,agreement_number,landlord_name,tenant_name,monthly_rent,deposit_amount,lease_from,lease_to,subscription_id,service_name,billing_cycle,consumer_number,provider_name,service_address,billing_period,units_consumed,bill_amount,connection_type,deductor_tan,deductor_name,form_kind,tds_amount,taxable_value,challan_number,declaration_number,total_assets_value,total_liabilities_value,asset_details,ppo_number,pensioner_name,bank_account_number,disbursing_authority,monthly_pension,retirement_date,reference_number,issue_date,period,amount,application_number,arn_number,auditor_name,branch_details,business_name,capital_contribution,cin_number,cin_or_llpin,contract_kind,contract_value,counterparty_name,employee_count,entity_name,facility_kind,filing_date,financial_year,gstin,iec_code,incorporation_date,ip_class,key_terms,legal_business_name,mark_name,net_profit,partner_names,payment_status,principal_place,registration_kind,registry_office,return_kind,return_period,sanction_date,sanctioned_amount,srn_number,tan_number,tax_amount,tax_payable,taxpayer_kind,total_amount,total_assets,total_revenue,trade_name,holder_name,alert_days_before,notes,custom_fields","document_title,aadhaar_number,date_of_birth,gender,address,pan_number,father_name,passport_number,place_of_birth,place_of_issue,issuing_authority,expiry_date,nationality,file_number,voter_id_number,constituency,relation_name,license_number,vehicle_classes,blood_group,valid_from,registration_number,mother_name,date_of_death,place_of_death,ration_card_number,card_category,member_names,account_number,ifsc_code,bank_name,branch_name,account_type,statement_period,closing_balance,customer_id,fd_receipt_number,principal_amount,interest_rate,maturity_amount,maturity_date,nominee_name,folio_number,fund_house,scheme_name,units_held,current_value,demat_account_number,depository,depository_participant,broker_name,holdings_value,client_id,loan_account_number,lender_name,loan_type,loan_amount,tenure_months,emi_amount,disbursal_date,card_last_four,issuer_name,total_due,credit_limit,due_date,card_network,card_type,acknowledgement_number,assessment_year,employer_name,gross_income,tax_paid,uan_number,scheme_type,cheque_series,locker_number,annual_rent,agreement_date,policy_number,insurer_name,plan_name,sum_assured,premium_amount,premium_frequency,policy_term_years,renewal_due_date,coverage_type,sum_insured,idv_amount,valid_to,property_address,receipt_number,amount_paid,payment_mode,payment_date,deed_registration_number,survey_number,seller_name,buyer_name,consideration_amount,built_up_area,sub_registrar_office,registration_date,stamp_duty_amount,registration_fee,certificate_number,period_covered,property_id,municipal_body,testator_name,beneficiary_names,executor_name,witness_names,execution_date,principal_name,attorney_name,powers_granted,khata_number,owner_name,mutation_date,case_number,party_names,custody_terms,court_name,decree_date,roll_number,student_name,board_university,institution_name,exam_name,passing_year,marks_obtained,percentage,degree_name,specialization,grade,candidate_name,exam_year,score,rank_obtained,patient_name,diagnosis,prescription_text,doctor_name,hospital_name,visit_date,beneficiary_name,beneficiary_id,vaccine_name,dose_number,vaccination_centre,vaccination_date,test_results,lab_name,referring_doctor,report_date,treatment_summary,admission_date,discharge_date,claim_number,claim_amount,approved_amount,claim_status,claim_date,person_name,disability_type,disability_percentage,employee_name,designation,annual_ctc,work_location,joining_date,employee_id,pay_period,gross_salary,total_deductions,net_salary,employment_from,employment_to,pf_account_number,member_name,pf_balance,chassis_number,engine_number,vehicle_make_model,vehicle_class,fuel_type,testing_centre,test_date,invoice_number,dealer_name,invoice_amount,invoice_date,spouse_names,place_of_marriage,marriage_date,applicant_name,state_name,certificate_kind,declared_value,document_number,document_kind,country_name,serial_number,product_name,brand_name,purchase_date,warranty_months,warranty_expiry,support_contact,contract_number,service_provider,asset_covered,contract_amount,agreement_number,landlord_name,tenant_name,monthly_rent,deposit_amount,lease_from,lease_to,subscription_id,service_name,billing_cycle,consumer_number,provider_name,service_address,billing_period,units_consumed,bill_amount,connection_type,deductor_tan,deductor_name,form_kind,tds_amount,taxable_value,challan_number,declaration_number,total_assets_value,total_liabilities_value,asset_details,ppo_number,pensioner_name,bank_account_number,disbursing_authority,monthly_pension,retirement_date,reference_number,issue_date,period,amount,application_number,arn_number,auditor_name,branch_details,business_name,capital_contribution,cin_number,cin_or_llpin,contract_kind,contract_value,counterparty_name,employee_count,entity_name,facility_kind,filing_date,financial_year,gstin,iec_code,incorporation_date,ip_class,key_terms,legal_business_name,mark_name,net_profit,partner_names,payment_status,principal_place,registration_kind,registry_office,return_kind,return_period,sanction_date,sanctioned_amount,srn_number,tan_number,tax_amount,tax_payable,taxpayer_kind,total_amount,total_assets,total_revenue,trade_name"
Business,101,Business Registration & Legal Structure,biz_registration,Certificate of Incorporation / Registration,certificate_of_incorporation,true,9edbc63d-c410-4a60-977b-50f1e5eb5176,e833d1f1-2cb6-4934-a38e-cbb3ef5bfd3d,true,2026-09-04T18:08:43.456Z,2026-09-18T17:42:19.155Z,"cin_number,reference_number,notes","[{""isPii"":false,""dataType"":""text"",""fieldKey"":""document_title"",""sortOrder"":10,""fieldLabel"":""Document Title"",""isRequired"":true},{""isPii"":true,""dataType"":""text"",""fieldKey"":""cin_number"",""sortOrder"":20,""fieldLabel"":""CIN"",""isIdentifier"":true},{""isPii"":true,""dataType"":""text"",""fieldKey"":""reference_number"",""sortOrder"":30,""fieldLabel"":""Reference Number"",""isIdentifier"":true},{""isPii"":false,""dataType"":""text"",""fieldKey"":""issuing_authority"",""sortOrder"":40,""fieldLabel"":""Issued By""},{""isPii"":false,""dataType"":""date"",""fieldKey"":""issue_date"",""sortOrder"":50,""fieldLabel"":""Document Date"",""isRequired"":true,""validation"":{""message"":""An issue date cannot be in the future"",""notFuture"":true}},{""isPii"":false,""dataType"":""date"",""fieldKey"":""valid_from"",""sortOrder"":60,""fieldLabel"":""Valid From""},{""isPii"":false,""dataType"":""date"",""fieldKey"":""valid_to"",""sortOrder"":70,""fieldLabel"":""Valid Until"",""validation"":{""message"":""Valid to must be on or after valid from"",""afterField"":""valid_from""},""alertDaysBefore"":30},{""isPii"":false,""dataType"":""text"",""fieldKey"":""holder_name"",""isPrinted"":false,""sortOrder"":80,""fieldLabel"":""Holder Name""},{""isPii"":false,""dataType"":""number"",""fieldKey"":""alert_days_before"",""isPrinted"":false,""sortOrder"":90,""fieldLabel"":""Alert Me Before (days)"",""validation"":{""max"":365,""min"":0,""example"":""15"",""message"":""Enter between 0 and 365 days""}},{""isPii"":true,""dataType"":""longtext"",""fieldKey"":""notes"",""isPrinted"":false,""sortOrder"":100,""fieldLabel"":""Notes"",""validation"":{""maxLength"":5000}},{""isPii"":false,""dataType"":""longtext"",""fieldKey"":""custom_fields"",""isPrinted"":false,""sortOrder"":110,""fieldLabel"":""Additional Details"",""validation"":{""maxLength"":5000}}]","document_title,issue_date","document_title,cin_number,reference_number,issuing_authority,issue_date,valid_from,valid_to,holder_name,alert_days_before,notes,custom_fields","document_title,cin_number,reference_number,issuing_authority,issue_date,valid_from,valid_to"
Business,101,Business Registration & Legal Structure,biz_registration,MOA (Memorandum of Association) & AOA (Articles of Association),moa_aoa,true,1ca3b898-c11f-4b06-b3f0-6576ae6897db,c891cd48-ecae-4c1c-bef2-a89ff521a9b6,true,2026-09-04T18:08:43.456Z,2026-09-18T17:42:19.155Z,"cin_number,reference_number,notes","[{""isPii"":false,""dataType"":""text"",""fieldKey"":""document_title"",""sortOrder"":10,""fieldLabel"":""Document Title"",""isRequired"":true},{""isPii"":true,""dataType"":""text"",""fieldKey"":""cin_number"",""sortOrder"":20,""fieldLabel"":""CIN"",""isIdentifier"":true},{""isPii"":true,""dataType"":""text"",""fieldKey"":""reference_number"",""sortOrder"":30,""fieldLabel"":""Reference Number"",""isIdentifier"":true},{""isPii"":false,""dataType"":""text"",""fieldKey"":""issuing_authority"",""sortOrder"":40,""fieldLabel"":""Issued By""},{""isPii"":false,""dataType"":""date"",""fieldKey"":""issue_date"",""sortOrder"":50,""fieldLabel"":""Document Date"",""isRequired"":true,""validation"":{""message"":""An issue date cannot be in the future"",""notFuture"":true}},{""isPii"":false,""dataType"":""date"",""fieldKey"":""valid_from"",""sortOrder"":60,""fieldLabel"":""Valid From""},{""isPii"":false,""dataType"":""date"",""fieldKey"":""valid_to"",""sortOrder"":70,""fieldLabel"":""Valid Until"",""validation"":{""message"":""Valid to must be on or after valid from"",""afterField"":""valid_from""},""alertDaysBefore"":30},{""isPii"":false,""dataType"":""text"",""fieldKey"":""holder_name"",""isPrinted"":false,""sortOrder"":80,""fieldLabel"":""Holder Name""},{""isPii"":false,""dataType"":""number"",""fieldKey"":""alert_days_before"",""isPrinted"":false,""sortOrder"":90,""fieldLabel"":""Alert Me Before (days)"",""validation"":{""max"":365,""min"":0,""example"":""15"",""message"":""Enter between 0 and 365 days""}},{""isPii"":true,""dataType"":""longtext"",""fieldKey"":""notes"",""isPrinted"":false,""sortOrder"":100,""fieldLabel"":""Notes"",""validation"":{""maxLength"":5000}},{""isPii"":false,""dataType"":""longtext"",""fieldKey"":""custom_fields"",""isPrinted"":false,""sortOrder"":110,""fieldLabel"":""Additional Details"",""validation"":{""maxLength"":5000}}]","document_title,issue_date","document_title,cin_number,reference_number,issuing_authority,issue_date,valid_from,valid_to,holder_name,alert_days_before,notes,custom_fields","document_title,cin_number,reference_number,issuing_authority,issue_date,valid_from,valid_to"
Business,101,Business Registration & Legal Structure,biz_registration,Partnership Deed,partnership_deed,true,1da952a7-d50a-42cb-8ea0-feb3529c792c,ef096e3a-bf38-4cc0-ab38-1513858d705f,true,2026-09-04T18:08:43.456Z,2026-09-18T17:42:19.155Z,"deed_registration_number,reference_number,notes","[{""isPii"":false,""dataType"":""text"",""fieldKey"":""document_title"",""sortOrder"":10,""fieldLabel"":""Document Title"",""isRequired"":true},{""isPii"":true,""dataType"":""text"",""fieldKey"":""deed_registration_number"",""sortOrder"":20,""fieldLabel"":""Deed Registration Number"",""isIdentifier"":true},{""isPii"":true,""dataType"":""text"",""fieldKey"":""reference_number"",""sortOrder"":30,""fieldLabel"":""Reference Number"",""isIdentifier"":true},{""isPii"":false,""dataType"":""text"",""fieldKey"":""issuing_authority"",""sortOrder"":40,""fieldLabel"":""Issued By""},{""isPii"":false,""dataType"":""date"",""fieldKey"":""issue_date"",""sortOrder"":50,""fieldLabel"":""Document Date"",""isRequired"":true,""validation"":{""message"":""An issue date cannot be in the future"",""notFuture"":true}},{""isPii"":false,""dataType"":""date"",""fieldKey"":""valid_from"",""sortOrder"":60,""fieldLabel"":""Valid From""},{""isPii"":false,""dataType"":""date"",""fieldKey"":""valid_to"",""sortOrder"":70,""fieldLabel"":""Valid Until"",""validation"":{""message"":""Valid to must be on or after valid from"",""afterField"":""valid_from""},""alertDaysBefore"":30},{""isPii"":false,""dataType"":""text"",""fieldKey"":""holder_name"",""isPrinted"":false,""sortOrder"":80,""fieldLabel"":""Holder Name""},{""isPii"":false,""dataType"":""number"",""fieldKey"":""alert_days_before"",""isPrinted"":false,""sortOrder"":90,""fieldLabel"":""Alert Me Before (days)"",""validation"":{""max"":365,""min"":0,""example"":""15"",""message"":""Enter between 0 and 365 days""}},{""isPii"":true,""dataType"":""longtext"",""fieldKey"":""notes"",""isPrinted"":false,""sortOrder"":100,""fieldLabel"":""Notes"",""validation"":{""maxLength"":5000}},{""isPii"":false,""dataType"":""longtext"",""fieldKey"":""custom_fields"",""isPrinted"":false,""sortOrder"":110,""fieldLabel"":""Additional Details"",""validation"":{""maxLength"":5000}}]","document_title,issue_date","document_title,deed_registration_number,reference_number,issuing_authority,issue_date,valid_from,valid_to,holder_name,alert_days_before,notes,custom_fields","document_title,deed_registration_number,reference_number,issuing_authority,issue_date,valid_from,valid_to"
Business,101,Business Registration & Legal Structure,biz_registration,LLP Agreement,llp_agreement,true,26f60d8a-3c8a-4f8f-99d8-0c66d41e520d,3bcb047b-0273-4e52-81f0-bbda96de0b6f,true,2026-09-04T18:08:43.456Z,2026-09-18T17:42:19.155Z,"registration_number,reference_number,notes","[{""isPii"":false,""dataType"":""text"",""fieldKey"":""document_title"",""sortOrder"":10,""fieldLabel"":""Document Title"",""isRequired"":true},{""isPii"":true,""dataType"":""text"",""fieldKey"":""registration_number"",""sortOrder"":20,""fieldLabel"":""LLPIN"",""validation"":{""message"":""Enter the number as printed on the document"",""pattern"":""^[A-Za-z0-9][A-Za-z0-9 -]{3,24}$""},""isIdentifier"":true},{""isPii"":true,""dataType"":""text"",""fieldKey"":""reference_number"",""sortOrder"":30,""fieldLabel"":""Reference Number"",""isIdentifier"":true},{""isPii"":false,""dataType"":""text"",""fieldKey"":""issuing_authority"",""sortOrder"":40,""fieldLabel"":""Issued By""},{""isPii"":false,""dataType"":""date"",""fieldKey"":""issue_date"",""sortOrder"":50,""fieldLabel"":""Document Date"",""isRequired"":true,""validation"":{""message"":""An issue date cannot be in the future"",""notFuture"":true}},{""isPii"":false,""dataType"":""date"",""fieldKey"":""valid_from"",""sortOrder"":60,""fieldLabel"":""Valid From""},{""isPii"":false,""dataType"":""date"",""fieldKey"":""valid_to"",""sortOrder"":70,""fieldLabel"":""Valid Until"",""validation"":{""message"":""Valid to must be on or after valid from"",""afterField"":""valid_from""},""alertDaysBefore"":30},{""isPii"":false,""dataType"":""text"",""fieldKey"":""holder_name"",""isPrinted"":false,""sortOrder"":80,""fieldLabel"":""Holder Name""},{""isPii"":false,""dataType"":""number"",""fieldKey"":""alert_days_before"",""isPrinted"":false,""sortOrder"":90,""fieldLabel"":""Alert Me Before (days)"",""validation"":{""max"":365,""min"":0,""example"":""15"",""message"":""Enter between 0 and 365 days""}},{""isPii"":true,""dataType"":""longtext"",""fieldKey"":""notes"",""isPrinted"":false,""sortOrder"":100,""fieldLabel"":""Notes"",""validation"":{""maxLength"":5000}},{""isPii"":false,""dataType"":""longtext"",""fieldKey"":""custom_fields"",""isPrinted"":false,""sortOrder"":110,""fieldLabel"":""Additional Details"",""validation"":{""maxLength"":5000}}]","document_title,issue_date","document_title,registration_number,reference_number,issuing_authority,issue_date,valid_from,valid_to,holder_name,alert_days_before,notes,custom_fields","document_title,registration_number,reference_number,issuing_authority,issue_date,valid_from,valid_to"
Business,101,Business Registration & Legal Structure,biz_registration,Udyam Registration Certificate (MSME),udyam_registration,true,4fd6784a-4594-432c-8f22-978db43e8b3a,b695228c-7534-453d-8e14-350bf761f3c6,true,2026-09-04T18:08:43.456Z,2026-09-18T17:42:19.155Z,"registration_number,reference_number,notes","[{""isPii"":false,""dataType"":""text"",""fieldKey"":""document_title"",""sortOrder"":10,""fieldLabel"":""Document Title"",""isRequired"":true},{""isPii"":true,""dataType"":""text"",""fieldKey"":""registration_number"",""sortOrder"":20,""fieldLabel"":""Udyam Registration Number"",""validation"":{""message"":""Enter the number as printed on the document"",""pattern"":""^[A-Za-z0-9][A-Za-z0-9 -]{3,24}$""},""isIdentifier"":true},{""isPii"":true,""dataType"":""text"",""fieldKey"":""reference_number"",""sortOrder"":30,""fieldLabel"":""Reference Number"",""isIdentifier"":true},{""isPii"":false,""dataType"":""text"",""fieldKey"":""issuing_authority"",""sortOrder"":40,""fieldLabel"":""Issued By""},{""isPii"":false,""dataType"":""date"",""fieldKey"":""issue_date"",""sortOrder"":50,""fieldLabel"":""Document Date"",""isRequired"":true,""validation"":{""message"":""An issue date cannot be in the future"",""notFuture"":true}},{""isPii"":false,""dataType"":""date"",""fieldKey"":""valid_from"",""sortOrder"":60,""fieldLabel"":""Valid From""},{""isPii"":false,""dataType"":""date"",""fieldKey"":""valid_to"",""sortOrder"":70,""fieldLabel"":""Valid Until"",""validation"":{""message"":""Valid to must be on or after valid from"",""afterField"":""valid_from""},""alertDaysBefore"":30},{""isPii"":false,""dataType"":""text"",""fieldKey"":""holder_name"",""isPrinted"":false,""sortOrder"":80,""fieldLabel"":""Holder Name""},{""isPii"":false,""dataType"":""number"",""fieldKey"":""alert_days_before"",""isPrinted"":false,""sortOrder"":90,""fieldLabel"":""Alert Me Before (days)"",""validation"":{""max"":365,""min"":0,""example"":""15"",""message"":""Enter between 0 and 365 days""}},{""isPii"":true,""dataType"":""longtext"",""fieldKey"":""notes"",""isPrinted"":false,""sortOrder"":100,""fieldLabel"":""Notes"",""validation"":{""maxLength"":5000}},{""isPii"":false,""dataType"":""longtext"",""fieldKey"":""custom_fields"",""isPrinted"":false,""sortOrder"":110,""fieldLabel"":""Additional Details"",""validation"":{""maxLength"":5000}}]","document_title,issue_date","document_title,registration_number,reference_number,issuing_authority,issue_date,valid_from,valid_to,holder_name,alert_days_before,notes,custom_fields","document_title,registration_number,reference_number,issuing_authority,issue_date,valid_from,valid_to"
Business,101,Business Registration & Legal Structure,biz_registration,Shop & Establishment License,shop_establishment_license,true,b9ae1aa5-8578-40de-a619-157a385cb68c,06d436ff-7e1d-479d-8c24-1d009e427434,true,2026-09-04T18:08:43.456Z,2026-09-18T17:42:19.155Z,"license_number,reference_number,notes","[{""isPii"":false,""dataType"":""text"",""fieldKey"":""document_title"",""sortOrder"":10,""fieldLabel"":""Document Title"",""isRequired"":true},{""isPii"":true,""dataType"":""text"",""fieldKey"":""license_number"",""sortOrder"":20,""fieldLabel"":""Registration / License Number"",""isIdentifier"":true},{""isPii"":true,""dataType"":""text"",""fieldKey"":""reference_number"",""sortOrder"":30,""fieldLabel"":""Reference Number"",""isIdentifier"":true},{""isPii"":false,""dataType"":""text"",""fieldKey"":""issuing_authority"",""sortOrder"":40,""fieldLabel"":""Issued By""},{""isPii"":false,""dataType"":""date"",""fieldKey"":""issue_date"",""sortOrder"":50,""fieldLabel"":""Document Date"",""isRequired"":true,""validation"":{""message"":""An issue date cannot be in the future"",""notFuture"":true}},{""isPii"":false,""dataType"":""date"",""fieldKey"":""valid_from"",""sortOrder"":60,""fieldLabel"":""Valid From""},{""isPii"":false,""dataType"":""date"",""fieldKey"":""valid_to"",""sortOrder"":70,""fieldLabel"":""Valid Until"",""validation"":{""message"":""Valid to must be on or after valid from"",""afterField"":""valid_from""},""alertDaysBefore"":30},{""isPii"":false,""dataType"":""text"",""fieldKey"":""holder_name"",""isPrinted"":false,""sortOrder"":80,""fieldLabel"":""Holder Name""},{""isPii"":false,""dataType"":""number"",""fieldKey"":""alert_days_before"",""isPrinted"":false,""sortOrder"":90,""fieldLabel"":""Alert Me Before (days)"",""validation"":{""max"":365,""min"":0,""example"":""15"",""message"":""Enter between 0 and 365 days""}},{""isPii"":true,""dataType"":""longtext"",""fieldKey"":""notes"",""isPrinted"":false,""sortOrder"":100,""fieldLabel"":""Notes"",""validation"":{""maxLength"":5000}},{""isPii"":false,""dataType"":""longtext"",""fieldKey"":""custom_fields"",""isPrinted"":false,""sortOrder"":110,""fieldLabel"":""Additional Details"",""validation"":{""maxLength"":5000}}]","document_title,issue_date","document_title,license_number,reference_number,issuing_authority,issue_date,valid_from,valid_to,holder_name,alert_days_before,notes,custom_fields","document_title,license_number,reference_number,issuing_authority,issue_date,valid_from,valid_to"
Business,101,Business Registration & Legal Structure,biz_registration,PAN Card (Business),pan_card,true,2bf2e3d3-2ae5-446c-82bc-9c2ceec301fc,cf858c83-45eb-4a49-8770-66073da2e187,true,2026-09-04T18:08:43.456Z,2026-09-18T17:42:19.155Z,"pan_number,reference_number,notes","[{""isPii"":false,""dataType"":""text"",""fieldKey"":""document_title"",""sortOrder"":10,""fieldLabel"":""Document Title"",""isRequired"":true},{""isPii"":true,""dataType"":""text"",""fieldKey"":""pan_number"",""sortOrder"":20,""fieldLabel"":""PAN"",""validation"":{""example"":""ABCDE1234F"",""message"":""PAN is 5 letters, 4 digits, 1 letter — e.g. ABCDE1234F"",""pattern"":""^[A-Za-z]{5}[0-9]{4}[A-Za-z]$"",""maxLength"":10},""isIdentifier"":true},{""isPii"":true,""dataType"":""text"",""fieldKey"":""reference_number"",""sortOrder"":30,""fieldLabel"":""Reference Number"",""isIdentifier"":true},{""isPii"":false,""dataType"":""text"",""fieldKey"":""issuing_authority"",""sortOrder"":40,""fieldLabel"":""Issued By""},{""isPii"":false,""dataType"":""date"",""fieldKey"":""issue_date"",""sortOrder"":50,""fieldLabel"":""Document Date"",""isRequired"":true,""validation"":{""message"":""An issue date cannot be in the future"",""notFuture"":true}},{""isPii"":false,""dataType"":""date"",""fieldKey"":""valid_from"",""sortOrder"":60,""fieldLabel"":""Valid From""},{""isPii"":false,""dataType"":""date"",""fieldKey"":""valid_to"",""sortOrder"":70,""fieldLabel"":""Valid Until"",""validation"":{""message"":""Valid to must be on or after valid from"",""afterField"":""valid_from""},""alertDaysBefore"":30},{""isPii"":false,""dataType"":""text"",""fieldKey"":""holder_name"",""isPrinted"":false,""sortOrder"":80,""fieldLabel"":""Holder Name""},{""isPii"":false,""dataType"":""number"",""fieldKey"":""alert_days_before"",""isPrinted"":false,""sortOrder"":90,""fieldLabel"":""Alert Me Before (days)"",""validation"":{""max"":365,""min"":0,""example"":""15"",""message"":""Enter between 0 and 365 days""}},{""isPii"":true,""dataType"":""longtext"",""fieldKey"":""notes"",""isPrinted"":false,""sortOrder"":100,""fieldLabel"":""Notes"",""validation"":{""maxLength"":5000}},{""isPii"":false,""dataType"":""longtext"",""fieldKey"":""custom_fields"",""isPrinted"":false,""sortOrder"":110,""fieldLabel"":""Additional Details"",""validation"":{""maxLength"":5000}}]","document_title,issue_date","document_title,pan_number,reference_number,issuing_authority,issue_date,valid_from,valid_to,holder_name,alert_days_before,notes,custom_fields","document_title,pan_number,reference_number,issuing_authority,issue_date,valid_from,valid_to"
Business,101,Business Registration & Legal Structure,biz_registration,TAN Certificate,tan_certificate,true,15bc7f95-9149-460a-862e-3b87555114a4,ab3952d0-9b4a-40d1-a993-eae4e9b73ebf,true,2026-09-04T18:08:43.456Z,2026-09-18T17:42:19.155Z,"tan_number,reference_number,notes","[{""isPii"":false,""dataType"":""text"",""fieldKey"":""document_title"",""sortOrder"":10,""fieldLabel"":""Document Title"",""isRequired"":true},{""isPii"":true,""dataType"":""text"",""fieldKey"":""tan_number"",""sortOrder"":20,""fieldLabel"":""TAN"",""validation"":{""message"":""TAN is 4 letters, 5 digits, 1 letter — e.g. ABCD12345E"",""pattern"":""^[A-Za-z]{4}[0-9]{5}[A-Za-z]$"",""maxLength"":10},""isIdentifier"":true},{""isPii"":true,""dataType"":""text"",""fieldKey"":""reference_number"",""sortOrder"":30,""fieldLabel"":""Reference Number"",""isIdentifier"":true},{""isPii"":false,""dataType"":""text"",""fieldKey"":""issuing_authority"",""sortOrder"":40,""fieldLabel"":""Issued By""},{""isPii"":false,""dataType"":""date"",""fieldKey"":""issue_date"",""sortOrder"":50,""fieldLabel"":""Document Date"",""isRequired"":true,""validation"":{""message"":""An issue date cannot be in the future"",""notFuture"":true}},{""isPii"":false,""dataType"":""date"",""fieldKey"":""valid_from"",""sortOrder"":60,""fieldLabel"":""Valid From""},{""isPii"":false,""dataType"":""date"",""fieldKey"":""valid_to"",""sortOrder"":70,""fieldLabel"":""Valid Until"",""validation"":{""message"":""Valid to must be on or after valid from"",""afterField"":""valid_from""},""alertDaysBefore"":30},{""isPii"":false,""dataType"":""text"",""fieldKey"":""holder_name"",""isPrinted"":false,""sortOrder"":80,""fieldLabel"":""Holder Name""},{""isPii"":false,""dataType"":""number"",""fieldKey"":""alert_days_before"",""isPrinted"":false,""sortOrder"":90,""fieldLabel"":""Alert Me Before (days)"",""validation"":{""max"":365,""min"":0,""example"":""15"",""message"":""Enter between 0 and 365 days""}},{""isPii"":true,""dataType"":""longtext"",""fieldKey"":""notes"",""isPrinted"":false,""sortOrder"":100,""fieldLabel"":""Notes"",""validation"":{""maxLength"":5000}},{""isPii"":false,""dataType"":""longtext"",""fieldKey"":""custom_fields"",""isPrinted"":false,""sortOrder"":110,""fieldLabel"":""Additional Details"",""validation"":{""maxLength"":5000}}]","document_title,issue_date","document_title,tan_number,reference_number,issuing_authority,issue_date,valid_from,valid_to,holder_name,alert_days_before,notes,custom_fields","document_title,tan_number,reference_number,issuing_authority,issue_date,valid_from,valid_to"
Business,102,Tax Documents,biz_tax,GST Registration Certificate (GSTIN),gst_registration,true,ce26478e-f230-40dc-9d5b-970b20ccc2c9,bba1bb53-1d2b-48d2-bca0-326ea1dfa638,true,2026-09-04T18:08:43.456Z,2026-09-18T17:42:19.155Z,"gstin,reference_number,amount,notes","[{""isPii"":false,""dataType"":""text"",""fieldKey"":""document_title"",""sortOrder"":10,""fieldLabel"":""Document Title"",""isRequired"":true},{""isPii"":true,""dataType"":""text"",""fieldKey"":""gstin"",""sortOrder"":20,""fieldLabel"":""GSTIN"",""validation"":{""example"":""27ABCDE1234F1Z5"",""message"":""GSTIN is 15 characters, e.g. 27ABCDE1234F1Z5"",""pattern"":""^[0-9]{2}[A-Za-z]{5}[0-9]{4}[A-Za-z][0-9A-Za-z][Zz][0-9A-Za-z]$"",""maxLength"":15},""isIdentifier"":true},{""isPii"":true,""dataType"":""text"",""fieldKey"":""reference_number"",""sortOrder"":30,""fieldLabel"":""Reference Number"",""isIdentifier"":true},{""isPii"":false,""dataType"":""text"",""fieldKey"":""issuing_authority"",""sortOrder"":40,""fieldLabel"":""Issued By""},{""isPii"":false,""dataType"":""date"",""fieldKey"":""issue_date"",""sortOrder"":50,""fieldLabel"":""Document Date"",""isRequired"":true,""validation"":{""message"":""An issue date cannot be in the future"",""notFuture"":true}},{""isPii"":false,""dataType"":""date"",""fieldKey"":""valid_from"",""sortOrder"":60,""fieldLabel"":""Valid From""},{""isPii"":false,""dataType"":""date"",""fieldKey"":""valid_to"",""sortOrder"":70,""fieldLabel"":""Valid Until"",""validation"":{""message"":""Valid to must be on or after valid from"",""afterField"":""valid_from""},""alertDaysBefore"":30},{""isPii"":false,""dataType"":""text"",""fieldKey"":""period"",""sortOrder"":80,""fieldLabel"":""Period / Assessment Year""},{""isPii"":true,""dataType"":""currency"",""fieldKey"":""amount"",""sortOrder"":90,""fieldLabel"":""Amount"",""validation"":{""min"":0}},{""isPii"":false,""dataType"":""text"",""fieldKey"":""holder_name"",""isPrinted"":false,""sortOrder"":100,""fieldLabel"":""Holder Name""},{""isPii"":false,""dataType"":""number"",""fieldKey"":""alert_days_before"",""isPrinted"":false,""sortOrder"":110,""fieldLabel"":""Alert Me Before (days)"",""validation"":{""max"":365,""min"":0,""example"":""15"",""message"":""Enter between 0 and 365 days""}},{""isPii"":true,""dataType"":""longtext"",""fieldKey"":""notes"",""isPrinted"":false,""sortOrder"":120,""fieldLabel"":""Notes"",""validation"":{""maxLength"":5000}},{""isPii"":false,""dataType"":""longtext"",""fieldKey"":""custom_fields"",""isPrinted"":false,""sortOrder"":130,""fieldLabel"":""Additional Details"",""validation"":{""maxLength"":5000}}]","document_title,issue_date","document_title,gstin,reference_number,issuing_authority,issue_date,valid_from,valid_to,period,amount,holder_name,alert_days_before,notes,custom_fields","document_title,gstin,reference_number,issuing_authority,issue_date,valid_from,valid_to,period,amount"
Business,102,Tax Documents,biz_tax,"GST Returns (GSTR-1, GSTR-3B, GSTR-9)",gst_returns,true,2a77201b-2315-4dc7-810a-4d5988cbbe93,7f71cc03-3d4c-42ad-8570-997c7c365292,true,2026-09-04T18:08:43.456Z,2026-09-18T17:42:19.155Z,"arn_number,reference_number,amount,notes","[{""isPii"":false,""dataType"":""text"",""fieldKey"":""document_title"",""sortOrder"":10,""fieldLabel"":""Document Title"",""isRequired"":true},{""isPii"":true,""dataType"":""text"",""fieldKey"":""arn_number"",""sortOrder"":20,""fieldLabel"":""ARN"",""isIdentifier"":true},{""isPii"":true,""dataType"":""text"",""fieldKey"":""reference_number"",""sortOrder"":30,""fieldLabel"":""Reference Number"",""isIdentifier"":true},{""isPii"":false,""dataType"":""text"",""fieldKey"":""issuing_authority"",""sortOrder"":40,""fieldLabel"":""Issued By""},{""isPii"":false,""dataType"":""date"",""fieldKey"":""issue_date"",""sortOrder"":50,""fieldLabel"":""Document Date"",""isRequired"":true,""validation"":{""message"":""An issue date cannot be in the future"",""notFuture"":true}},{""isPii"":false,""dataType"":""date"",""fieldKey"":""valid_from"",""sortOrder"":60,""fieldLabel"":""Valid From""},{""isPii"":false,""dataType"":""date"",""fieldKey"":""valid_to"",""sortOrder"":70,""fieldLabel"":""Valid Until"",""validation"":{""message"":""Valid to must be on or after valid from"",""afterField"":""valid_from""},""alertDaysBefore"":30},{""isPii"":false,""dataType"":""text"",""fieldKey"":""period"",""sortOrder"":80,""fieldLabel"":""Period / Assessment Year""},{""isPii"":true,""dataType"":""currency"",""fieldKey"":""amount"",""sortOrder"":90,""fieldLabel"":""Amount"",""validation"":{""min"":0}},{""isPii"":false,""dataType"":""text"",""fieldKey"":""holder_name"",""isPrinted"":false,""sortOrder"":100,""fieldLabel"":""Holder Name""},{""isPii"":false,""dataType"":""number"",""fieldKey"":""alert_days_before"",""isPrinted"":false,""sortOrder"":110,""fieldLabel"":""Alert Me Before (days)"",""validation"":{""max"":365,""min"":0,""example"":""15"",""message"":""Enter between 0 and 365 days""}},{""isPii"":true,""dataType"":""longtext"",""fieldKey"":""notes"",""isPrinted"":false,""sortOrder"":120,""fieldLabel"":""Notes"",""validation"":{""maxLength"":5000}},{""isPii"":false,""dataType"":""longtext"",""fieldKey"":""custom_fields"",""isPrinted"":false,""sortOrder"":130,""fieldLabel"":""Additional Details"",""validation"":{""maxLength"":5000}}]","document_title,issue_date","document_title,arn_number,reference_number,issuing_authority,issue_date,valid_from,valid_to,period,amount,holder_name,alert_days_before,notes,custom_fields","document_title,arn_number,reference_number,issuing_authority,issue_date,valid_from,valid_to,period,amount"
Business,102,Tax Documents,biz_tax,Income Tax Returns (Business),income_tax_returns,true,e9d18dde-732b-4a21-8ec7-8c5f5bb2199c,65c19a95-4469-4ae4-8647-642365b803fa,true,2026-09-04T18:08:43.456Z,2026-09-18T17:42:19.155Z,"acknowledgement_number,reference_number,amount,notes","[{""isPii"":false,""dataType"":""text"",""fieldKey"":""document_title"",""sortOrder"":10,""fieldLabel"":""Document Title"",""isRequired"":true},{""isPii"":true,""dataType"":""text"",""fieldKey"":""acknowledgement_number"",""sortOrder"":20,""fieldLabel"":""Acknowledgement Number"",""isIdentifier"":true},{""isPii"":true,""dataType"":""text"",""fieldKey"":""reference_number"",""sortOrder"":30,""fieldLabel"":""Reference Number"",""isIdentifier"":true},{""isPii"":false,""dataType"":""text"",""fieldKey"":""issuing_authority"",""sortOrder"":40,""fieldLabel"":""Issued By""},{""isPii"":false,""dataType"":""date"",""fieldKey"":""issue_date"",""sortOrder"":50,""fieldLabel"":""Document Date"",""isRequired"":true,""validation"":{""message"":""An issue date cannot be in the future"",""notFuture"":true}},{""isPii"":false,""dataType"":""date"",""fieldKey"":""valid_from"",""sortOrder"":60,""fieldLabel"":""Valid From""},{""isPii"":false,""dataType"":""date"",""fieldKey"":""valid_to"",""sortOrder"":70,""fieldLabel"":""Valid Until"",""validation"":{""message"":""Valid to must be on or after valid from"",""afterField"":""valid_from""},""alertDaysBefore"":30},{""isPii"":false,""dataType"":""text"",""fieldKey"":""period"",""sortOrder"":80,""fieldLabel"":""Period / Assessment Year""},{""isPii"":true,""dataType"":""currency"",""fieldKey"":""amount"",""sortOrder"":90,""fieldLabel"":""Amount"",""validation"":{""min"":0}},{""isPii"":false,""dataType"":""text"",""fieldKey"":""holder_name"",""isPrinted"":false,""sortOrder"":100,""fieldLabel"":""Holder Name""},{""isPii"":false,""dataType"":""number"",""fieldKey"":""alert_days_before"",""isPrinted"":false,""sortOrder"":110,""fieldLabel"":""Alert Me Before (days)"",""validation"":{""max"":365,""min"":0,""example"":""15"",""message"":""Enter between 0 and 365 days""}},{""isPii"":true,""dataType"":""longtext"",""fieldKey"":""notes"",""isPrinted"":false,""sortOrder"":120,""fieldLabel"":""Notes"",""validation"":{""maxLength"":5000}},{""isPii"":false,""dataType"":""longtext"",""fieldKey"":""custom_fields"",""isPrinted"":false,""sortOrder"":130,""fieldLabel"":""Additional Details"",""validation"":{""maxLength"":5000}}]","document_title,issue_date","document_title,acknowledgement_number,reference_number,issuing_authority,issue_date,valid_from,valid_to,period,amount,holder_name,alert_days_before,notes,custom_fields","document_title,acknowledgement_number,reference_number,issuing_authority,issue_date,valid_from,valid_to,period,amount"
Business,102,Tax Documents,biz_tax,TDS Certificates (Form 16A),tds_certificates,true,d35742e3-4173-4a54-b965-02661b47aabb,57f25762-e62a-4b93-8be9-d519c06dd6e0,true,2026-09-04T18:08:43.456Z,2026-09-18T17:42:19.155Z,"certificate_number,reference_number,amount,notes","[{""isPii"":false,""dataType"":""text"",""fieldKey"":""document_title"",""sortOrder"":10,""fieldLabel"":""Document Title"",""isRequired"":true},{""isPii"":true,""dataType"":""text"",""fieldKey"":""certificate_number"",""sortOrder"":20,""fieldLabel"":""Certificate Number"",""isIdentifier"":true},{""isPii"":true,""dataType"":""text"",""fieldKey"":""reference_number"",""sortOrder"":30,""fieldLabel"":""Reference Number"",""isIdentifier"":true},{""isPii"":false,""dataType"":""text"",""fieldKey"":""issuing_authority"",""sortOrder"":40,""fieldLabel"":""Issued By""},{""isPii"":false,""dataType"":""date"",""fieldKey"":""issue_date"",""sortOrder"":50,""fieldLabel"":""Document Date"",""isRequired"":true,""validation"":{""message"":""An issue date cannot be in the future"",""notFuture"":true}},{""isPii"":false,""dataType"":""date"",""fieldKey"":""valid_from"",""sortOrder"":60,""fieldLabel"":""Valid From""},{""isPii"":false,""dataType"":""date"",""fieldKey"":""valid_to"",""sortOrder"":70,""fieldLabel"":""Valid Until"",""validation"":{""message"":""Valid to must be on or after valid from"",""afterField"":""valid_from""},""alertDaysBefore"":30},{""isPii"":false,""dataType"":""text"",""fieldKey"":""period"",""sortOrder"":80,""fieldLabel"":""Period / Assessment Year""},{""isPii"":true,""dataType"":""currency"",""fieldKey"":""amount"",""sortOrder"":90,""fieldLabel"":""Amount"",""validation"":{""min"":0}},{""isPii"":false,""dataType"":""text"",""fieldKey"":""holder_name"",""isPrinted"":false,""sortOrder"":100,""fieldLabel"":""Holder Name""},{""isPii"":false,""dataType"":""number"",""fieldKey"":""alert_days_before"",""isPrinted"":false,""sortOrder"":110,""fieldLabel"":""Alert Me Before (days)"",""validation"":{""max"":365,""min"":0,""example"":""15"",""message"":""Enter between 0 and 365 days""}},{""isPii"":true,""dataType"":""longtext"",""fieldKey"":""notes"",""isPrinted"":false,""sortOrder"":120,""fieldLabel"":""Notes"",""validation"":{""maxLength"":5000}},{""isPii"":false,""dataType"":""longtext"",""fieldKey"":""custom_fields"",""isPrinted"":false,""sortOrder"":130,""fieldLabel"":""Additional Details"",""validation"":{""maxLength"":5000}}]","document_title,issue_date","document_title,certificate_number,reference_number,issuing_authority,issue_date,valid_from,valid_to,period,amount,holder_name,alert_days_before,notes,custom_fields","document_title,certificate_number,reference_number,issuing_authority,issue_date,valid_from,valid_to,period,amount"
Business,102,Tax Documents,biz_tax,Advance Tax Challans,advance_tax_challans,true,4a63d8c1-9f14-45e2-b343-cb501def6c8b,bdad7adf-ece2-4fa1-a0a9-68a54718d1a3,true,2026-09-04T18:08:43.456Z,2026-09-18T17:42:19.155Z,"challan_number,reference_number,amount,notes","[{""isPii"":false,""dataType"":""text"",""fieldKey"":""document_title"",""sortOrder"":10,""fieldLabel"":""Document Title"",""isRequired"":true},{""isPii"":true,""dataType"":""text"",""fieldKey"":""challan_number"",""sortOrder"":20,""fieldLabel"":""Challan Identification Number (CIN)"",""isIdentifier"":true},{""isPii"":true,""dataType"":""text"",""fieldKey"":""reference_number"",""sortOrder"":30,""fieldLabel"":""Reference Number"",""isIdentifier"":true},{""isPii"":false,""dataType"":""text"",""fieldKey"":""issuing_authority"",""sortOrder"":40,""fieldLabel"":""Issued By""},{""isPii"":false,""dataType"":""date"",""fieldKey"":""issue_date"",""sortOrder"":50,""fieldLabel"":""Document Date"",""isRequired"":true,""validation"":{""message"":""An issue date cannot be in the future"",""notFuture"":true}},{""isPii"":false,""dataType"":""date"",""fieldKey"":""valid_from"",""sortOrder"":60,""fieldLabel"":""Valid From""},{""isPii"":false,""dataType"":""date"",""fieldKey"":""valid_to"",""sortOrder"":70,""fieldLabel"":""Valid Until"",""validation"":{""message"":""Valid to must be on or after valid from"",""afterField"":""valid_from""},""alertDaysBefore"":30},{""isPii"":false,""dataType"":""text"",""fieldKey"":""period"",""sortOrder"":80,""fieldLabel"":""Period / Assessment Year""},{""isPii"":true,""dataType"":""currency"",""fieldKey"":""amount"",""sortOrder"":90,""fieldLabel"":""Amount"",""validation"":{""min"":0}},{""isPii"":false,""dataType"":""text"",""fieldKey"":""holder_name"",""isPrinted"":false,""sortOrder"":100,""fieldLabel"":""Holder Name""},{""isPii"":false,""dataType"":""number"",""fieldKey"":""alert_days_before"",""isPrinted"":false,""sortOrder"":110,""fieldLabel"":""Alert Me Before (days)"",""validation"":{""max"":365,""min"":0,""example"":""15"",""message"":""Enter between 0 and 365 days""}},{""isPii"":true,""dataType"":""longtext"",""fieldKey"":""notes"",""isPrinted"":false,""sortOrder"":120,""fieldLabel"":""Notes"",""validation"":{""maxLength"":5000}},{""isPii"":false,""dataType"":""longtext"",""fieldKey"":""custom_fields"",""isPrinted"":false,""sortOrder"":130,""fieldLabel"":""Additional Details"",""validation"":{""maxLength"":5000}}]","document_title,issue_date","document_title,challan_number,reference_number,issuing_authority,issue_date,valid_from,valid_to,period,amount,holder_name,alert_days_before,notes,custom_fields","document_title,challan_number,reference_number,issuing_authority,issue_date,valid_from,valid_to,period,amount"
Business,102,Tax Documents,biz_tax,Professional Tax Registration,professional_tax_registration,true,d17534da-b411-476d-93cf-6bdb9520b788,cf625eb9-3016-414f-ac16-47537fb2ea03,true,2026-09-04T18:08:43.456Z,2026-09-18T17:42:19.155Z,"registration_number,reference_number,amount,notes","[{""isPii"":false,""dataType"":""text"",""fieldKey"":""document_title"",""sortOrder"":10,""fieldLabel"":""Document Title"",""isRequired"":true},{""isPii"":true,""dataType"":""text"",""fieldKey"":""registration_number"",""sortOrder"":20,""fieldLabel"":""PT Registration Number"",""validation"":{""message"":""Enter the number as printed on the document"",""pattern"":""^[A-Za-z0-9][A-Za-z0-9 -]{3,24}$""},""isIdentifier"":true},{""isPii"":true,""dataType"":""text"",""fieldKey"":""reference_number"",""sortOrder"":30,""fieldLabel"":""Reference Number"",""isIdentifier"":true},{""isPii"":false,""dataType"":""text"",""fieldKey"":""issuing_authority"",""sortOrder"":40,""fieldLabel"":""Issued By""},{""isPii"":false,""dataType"":""date"",""fieldKey"":""issue_date"",""sortOrder"":50,""fieldLabel"":""Document Date"",""isRequired"":true,""validation"":{""message"":""An issue date cannot be in the future"",""notFuture"":true}},{""isPii"":false,""dataType"":""date"",""fieldKey"":""valid_from"",""sortOrder"":60,""fieldLabel"":""Valid From""},{""isPii"":false,""dataType"":""date"",""fieldKey"":""valid_to"",""sortOrder"":70,""fieldLabel"":""Valid Until"",""validation"":{""message"":""Valid to must be on or after valid from"",""afterField"":""valid_from""},""alertDaysBefore"":30},{""isPii"":false,""dataType"":""text"",""fieldKey"":""period"",""sortOrder"":80,""fieldLabel"":""Period / Assessment Year""},{""isPii"":true,""dataType"":""currency"",""fieldKey"":""amount"",""sortOrder"":90,""fieldLabel"":""Amount"",""validation"":{""min"":0}},{""isPii"":false,""dataType"":""text"",""fieldKey"":""holder_name"",""isPrinted"":false,""sortOrder"":100,""fieldLabel"":""Holder Name""},{""isPii"":false,""dataType"":""number"",""fieldKey"":""alert_days_before"",""isPrinted"":false,""sortOrder"":110,""fieldLabel"":""Alert Me Before (days)"",""validation"":{""max"":365,""min"":0,""example"":""15"",""message"":""Enter between 0 and 365 days""}},{""isPii"":true,""dataType"":""longtext"",""fieldKey"":""notes"",""isPrinted"":false,""sortOrder"":120,""fieldLabel"":""Notes"",""validation"":{""maxLength"":5000}},{""isPii"":false,""dataType"":""longtext"",""fieldKey"":""custom_fields"",""isPrinted"":false,""sortOrder"":130,""fieldLabel"":""Additional Details"",""validation"":{""maxLength"":5000}}]","document_title,issue_date","document_title,registration_number,reference_number,issuing_authority,issue_date,valid_from,valid_to,period,amount,holder_name,alert_days_before,notes,custom_fields","document_title,registration_number,reference_number,issuing_authority,issue_date,valid_from,valid_to,period,amount"
Business,102,Tax Documents,biz_tax,Tax Audit Reports (Form 3CA / 3CB / 3CD),tax_audit_reports,true,82e0a95c-5597-452b-b719-381cb9f2cb51,df3f7662-4119-4e84-b315-35b973bbf4b9,true,2026-09-04T18:08:43.456Z,2026-09-18T17:42:19.155Z,"acknowledgement_number,reference_number,amount,notes","[{""isPii"":false,""dataType"":""text"",""fieldKey"":""document_title"",""sortOrder"":10,""fieldLabel"":""Document Title"",""isRequired"":true},{""isPii"":true,""dataType"":""text"",""fieldKey"":""acknowledgement_number"",""sortOrder"":20,""fieldLabel"":""Acknowledgement Number"",""isIdentifier"":true},{""isPii"":true,""dataType"":""text"",""fieldKey"":""reference_number"",""sortOrder"":30,""fieldLabel"":""Reference Number"",""isIdentifier"":true},{""isPii"":false,""dataType"":""text"",""fieldKey"":""issuing_authority"",""sortOrder"":40,""fieldLabel"":""Issued By""},{""isPii"":false,""dataType"":""date"",""fieldKey"":""issue_date"",""sortOrder"":50,""fieldLabel"":""Document Date"",""isRequired"":true,""validation"":{""message"":""An issue date cannot be in the future"",""notFuture"":true}},{""isPii"":false,""dataType"":""date"",""fieldKey"":""valid_from"",""sortOrder"":60,""fieldLabel"":""Valid From""},{""isPii"":false,""dataType"":""date"",""fieldKey"":""valid_to"",""sortOrder"":70,""fieldLabel"":""Valid Until"",""validation"":{""message"":""Valid to must be on or after valid from"",""afterField"":""valid_from""},""alertDaysBefore"":30},{""isPii"":false,""dataType"":""text"",""fieldKey"":""period"",""sortOrder"":80,""fieldLabel"":""Period / Assessment Year""},{""isPii"":true,""dataType"":""currency"",""fieldKey"":""amount"",""sortOrder"":90,""fieldLabel"":""Amount"",""validation"":{""min"":0}},{""isPii"":false,""dataType"":""text"",""fieldKey"":""holder_name"",""isPrinted"":false,""sortOrder"":100,""fieldLabel"":""Holder Name""},{""isPii"":false,""dataType"":""number"",""fieldKey"":""alert_days_before"",""isPrinted"":false,""sortOrder"":110,""fieldLabel"":""Alert Me Before (days)"",""validation"":{""max"":365,""min"":0,""example"":""15"",""message"":""Enter between 0 and 365 days""}},{""isPii"":true,""dataType"":""longtext"",""fieldKey"":""notes"",""isPrinted"":false,""sortOrder"":120,""fieldLabel"":""Notes"",""validation"":{""maxLength"":5000}},{""isPii"":false,""dataType"":""longtext"",""fieldKey"":""custom_fields"",""isPrinted"":false,""sortOrder"":130,""fieldLabel"":""Additional Details"",""validation"":{""maxLength"":5000}}]","document_title,issue_date","document_title,acknowledgement_number,reference_number,issuing_authority,issue_date,valid_from,valid_to,period,amount,holder_name,alert_days_before,notes,custom_fields","document_title,acknowledgement_number,reference_number,issuing_authority,issue_date,valid_from,valid_to,period,amount"
Business,103,Financial & Accounting,biz_finance,Balance Sheet,balance_sheet,true,c56b2e40-dd12-4664-a215-694b57ac7dab,2ded7b0c-7379-42d8-998a-d53b8a531f53,true,2026-09-04T18:08:43.456Z,2026-09-18T17:42:19.155Z,"reference_number,amount,notes","[{""isPii"":false,""dataType"":""text"",""fieldKey"":""document_title"",""sortOrder"":10,""fieldLabel"":""Document Title"",""isRequired"":true},{""isPii"":true,""dataType"":""text"",""fieldKey"":""reference_number"",""sortOrder"":20,""fieldLabel"":""Statement Reference Number"",""isIdentifier"":true},{""isPii"":false,""dataType"":""text"",""fieldKey"":""issuing_authority"",""sortOrder"":30,""fieldLabel"":""Issued By""},{""isPii"":false,""dataType"":""date"",""fieldKey"":""issue_date"",""sortOrder"":40,""fieldLabel"":""Document Date"",""isRequired"":true,""validation"":{""message"":""An issue date cannot be in the future"",""notFuture"":true}},{""isPii"":false,""dataType"":""date"",""fieldKey"":""valid_from"",""sortOrder"":50,""fieldLabel"":""Valid From""},{""isPii"":false,""dataType"":""date"",""fieldKey"":""valid_to"",""sortOrder"":60,""fieldLabel"":""Valid Until"",""validation"":{""message"":""Valid to must be on or after valid from"",""afterField"":""valid_from""},""alertDaysBefore"":30},{""isPii"":false,""dataType"":""text"",""fieldKey"":""period"",""sortOrder"":70,""fieldLabel"":""Period / Assessment Year""},{""isPii"":true,""dataType"":""currency"",""fieldKey"":""amount"",""sortOrder"":80,""fieldLabel"":""Amount"",""validation"":{""min"":0}},{""isPii"":false,""dataType"":""text"",""fieldKey"":""holder_name"",""isPrinted"":false,""sortOrder"":90,""fieldLabel"":""Holder Name""},{""isPii"":false,""dataType"":""number"",""fieldKey"":""alert_days_before"",""isPrinted"":false,""sortOrder"":100,""fieldLabel"":""Alert Me Before (days)"",""validation"":{""max"":365,""min"":0,""example"":""15"",""message"":""Enter between 0 and 365 days""}},{""isPii"":true,""dataType"":""longtext"",""fieldKey"":""notes"",""isPrinted"":false,""sortOrder"":110,""fieldLabel"":""Notes"",""validation"":{""maxLength"":5000}},{""isPii"":false,""dataType"":""longtext"",""fieldKey"":""custom_fields"",""isPrinted"":false,""sortOrder"":120,""fieldLabel"":""Additional Details"",""validation"":{""maxLength"":5000}}]","document_title,issue_date","document_title,reference_number,issuing_authority,issue_date,valid_from,valid_to,period,amount,holder_name,alert_days_before,notes,custom_fields","document_title,reference_number,issuing_authority,issue_date,valid_from,valid_to,period,amount"
Business,103,Financial & Accounting,biz_finance,Profit & Loss Statement,profit_loss_statement,true,2a404b53-752f-40d3-b9d6-9768ff19ca4e,3109707c-b3d4-41a9-8d80-8c8ed10d3804,true,2026-09-04T18:08:43.456Z,2026-09-18T17:42:19.155Z,"reference_number,amount,notes","[{""isPii"":false,""dataType"":""text"",""fieldKey"":""document_title"",""sortOrder"":10,""fieldLabel"":""Document Title"",""isRequired"":true},{""isPii"":true,""dataType"":""text"",""fieldKey"":""reference_number"",""sortOrder"":20,""fieldLabel"":""Statement Reference Number"",""isIdentifier"":true},{""isPii"":false,""dataType"":""text"",""fieldKey"":""issuing_authority"",""sortOrder"":30,""fieldLabel"":""Issued By""},{""isPii"":false,""dataType"":""date"",""fieldKey"":""issue_date"",""sortOrder"":40,""fieldLabel"":""Document Date"",""isRequired"":true,""validation"":{""message"":""An issue date cannot be in the future"",""notFuture"":true}},{""isPii"":false,""dataType"":""date"",""fieldKey"":""valid_from"",""sortOrder"":50,""fieldLabel"":""Valid From""},{""isPii"":false,""dataType"":""date"",""fieldKey"":""valid_to"",""sortOrder"":60,""fieldLabel"":""Valid Until"",""validation"":{""message"":""Valid to must be on or after valid from"",""afterField"":""valid_from""},""alertDaysBefore"":30},{""isPii"":false,""dataType"":""text"",""fieldKey"":""period"",""sortOrder"":70,""fieldLabel"":""Period / Assessment Year""},{""isPii"":true,""dataType"":""currency"",""fieldKey"":""amount"",""sortOrder"":80,""fieldLabel"":""Amount"",""validation"":{""min"":0}},{""isPii"":false,""dataType"":""text"",""fieldKey"":""holder_name"",""isPrinted"":false,""sortOrder"":90,""fieldLabel"":""Holder Name""},{""isPii"":false,""dataType"":""number"",""fieldKey"":""alert_days_before"",""isPrinted"":false,""sortOrder"":100,""fieldLabel"":""Alert Me Before (days)"",""validation"":{""max"":365,""min"":0,""example"":""15"",""message"":""Enter between 0 and 365 days""}},{""isPii"":true,""dataType"":""longtext"",""fieldKey"":""notes"",""isPrinted"":false,""sortOrder"":110,""fieldLabel"":""Notes"",""validation"":{""maxLength"":5000}},{""isPii"":false,""dataType"":""longtext"",""fieldKey"":""custom_fields"",""isPrinted"":false,""sortOrder"":120,""fieldLabel"":""Additional Details"",""validation"":{""maxLength"":5000}}]","document_title,issue_date","document_title,reference_number,issuing_authority,issue_date,valid_from,valid_to,period,amount,holder_name,alert_days_before,notes,custom_fields","document_title,reference_number,issuing_authority,issue_date,valid_from,valid_to,period,amount"
Business,103,Financial & Accounting,biz_finance,Cash Flow Statement,cash_flow_statement,true,860e609e-4ddf-47bc-a54c-5722a81d83a3,89efd8eb-78b2-4036-b11f-eedd8b3bbdd1,true,2026-09-04T18:08:43.456Z,2026-09-18T17:42:19.155Z,"reference_number,amount,notes","[{""isPii"":false,""dataType"":""text"",""fieldKey"":""document_title"",""sortOrder"":10,""fieldLabel"":""Document Title"",""isRequired"":true},{""isPii"":true,""dataType"":""text"",""fieldKey"":""reference_number"",""sortOrder"":20,""fieldLabel"":""Statement Reference Number"",""isIdentifier"":true},{""isPii"":false,""dataType"":""text"",""fieldKey"":""issuing_authority"",""sortOrder"":30,""fieldLabel"":""Issued By""},{""isPii"":false,""dataType"":""date"",""fieldKey"":""issue_date"",""sortOrder"":40,""fieldLabel"":""Document Date"",""isRequired"":true,""validation"":{""message"":""An issue date cannot be in the future"",""notFuture"":true}},{""isPii"":false,""dataType"":""date"",""fieldKey"":""valid_from"",""sortOrder"":50,""fieldLabel"":""Valid From""},{""isPii"":false,""dataType"":""date"",""fieldKey"":""valid_to"",""sortOrder"":60,""fieldLabel"":""Valid Until"",""validation"":{""message"":""Valid to must be on or after valid from"",""afterField"":""valid_from""},""alertDaysBefore"":30},{""isPii"":false,""dataType"":""text"",""fieldKey"":""period"",""sortOrder"":70,""fieldLabel"":""Period / Assessment Year""},{""isPii"":true,""dataType"":""currency"",""fieldKey"":""amount"",""sortOrder"":80,""fieldLabel"":""Amount"",""validation"":{""min"":0}},{""isPii"":false,""dataType"":""text"",""fieldKey"":""holder_name"",""isPrinted"":false,""sortOrder"":90,""fieldLabel"":""Holder Name""},{""isPii"":false,""dataType"":""number"",""fieldKey"":""alert_days_before"",""isPrinted"":false,""sortOrder"":100,""fieldLabel"":""Alert Me Before (days)"",""validation"":{""max"":365,""min"":0,""example"":""15"",""message"":""Enter between 0 and 365 days""}},{""isPii"":true,""dataType"":""longtext"",""fieldKey"":""notes"",""isPrinted"":false,""sortOrder"":110,""fieldLabel"":""Notes"",""validation"":{""maxLength"":5000}},{""isPii"":false,""dataType"":""longtext"",""fieldKey"":""custom_fields"",""isPrinted"":false,""sortOrder"":120,""fieldLabel"":""Additional Details"",""validation"":{""maxLength"":5000}}]","document_title,issue_date","document_title,reference_number,issuing_authority,issue_date,valid_from,valid_to,period,amount,holder_name,alert_days_before,notes,custom_fields","document_title,reference_number,issuing_authority,issue_date,valid_from,valid_to,period,amount"
Business,103,Financial & Accounting,biz_finance,Audited Financial Statements,audited_financial_statements,true,43d1a8d2-ca83-4fef-bc36-40b9c687fa5c,f192c007-4d57-4f9c-a728-0826b3dd4f9f,true,2026-09-04T18:08:43.456Z,2026-09-18T17:42:19.155Z,"reference_number,amount,notes","[{""isPii"":false,""dataType"":""text"",""fieldKey"":""document_title"",""sortOrder"":10,""fieldLabel"":""Document Title"",""isRequired"":true},{""isPii"":true,""dataType"":""text"",""fieldKey"":""reference_number"",""sortOrder"":20,""fieldLabel"":""Report Reference Number"",""isIdentifier"":true},{""isPii"":false,""dataType"":""text"",""fieldKey"":""issuing_authority"",""sortOrder"":30,""fieldLabel"":""Issued By""},{""isPii"":false,""dataType"":""date"",""fieldKey"":""issue_date"",""sortOrder"":40,""fieldLabel"":""Document Date"",""isRequired"":true,""validation"":{""message"":""An issue date cannot be in the future"",""notFuture"":true}},{""isPii"":false,""dataType"":""date"",""fieldKey"":""valid_from"",""sortOrder"":50,""fieldLabel"":""Valid From""},{""isPii"":false,""dataType"":""date"",""fieldKey"":""valid_to"",""sortOrder"":60,""fieldLabel"":""Valid Until"",""validation"":{""message"":""Valid to must be on or after valid from"",""afterField"":""valid_from""},""alertDaysBefore"":30},{""isPii"":false,""dataType"":""text"",""fieldKey"":""period"",""sortOrder"":70,""fieldLabel"":""Period / Assessment Year""},{""isPii"":true,""dataType"":""currency"",""fieldKey"":""amount"",""sortOrder"":80,""fieldLabel"":""Amount"",""validation"":{""min"":0}},{""isPii"":false,""dataType"":""text"",""fieldKey"":""holder_name"",""isPrinted"":false,""sortOrder"":90,""fieldLabel"":""Holder Name""},{""isPii"":false,""dataType"":""number"",""fieldKey"":""alert_days_before"",""isPrinted"":false,""sortOrder"":100,""fieldLabel"":""Alert Me Before (days)"",""validation"":{""max"":365,""min"":0,""example"":""15"",""message"":""Enter between 0 and 365 days""}},{""isPii"":true,""dataType"":""longtext"",""fieldKey"":""notes"",""isPrinted"":false,""sortOrder"":110,""fieldLabel"":""Notes"",""validation"":{""maxLength"":5000}},{""isPii"":false,""dataType"":""longtext"",""fieldKey"":""custom_fields"",""isPrinted"":false,""sortOrder"":120,""fieldLabel"":""Additional Details"",""validation"":{""maxLength"":5000}}]","document_title,issue_date","document_title,reference_number,issuing_authority,issue_date,valid_from,valid_to,period,amount,holder_name,alert_days_before,notes,custom_fields","document_title,reference_number,issuing_authority,issue_date,valid_from,valid_to,period,amount"
Business,103,Financial & Accounting,biz_finance,Bank Statements (Business Accounts),bank_statements,true,38cbd4e6-df81-4acb-a185-a4fadc529fcd,6fbe6dba-c701-432a-b596-c090c47b59f7,true,2026-09-04T18:08:43.456Z,2026-09-18T17:42:19.155Z,"account_number,reference_number,amount,notes","[{""isPii"":false,""dataType"":""text"",""fieldKey"":""document_title"",""sortOrder"":10,""fieldLabel"":""Document Title"",""isRequired"":true},{""isPii"":true,""dataType"":""text"",""fieldKey"":""account_number"",""sortOrder"":20,""fieldLabel"":""Account Number"",""isIdentifier"":true},{""isPii"":true,""dataType"":""text"",""fieldKey"":""reference_number"",""sortOrder"":30,""fieldLabel"":""Reference Number"",""isIdentifier"":true},{""isPii"":false,""dataType"":""text"",""fieldKey"":""issuing_authority"",""sortOrder"":40,""fieldLabel"":""Issued By""},{""isPii"":false,""dataType"":""date"",""fieldKey"":""issue_date"",""sortOrder"":50,""fieldLabel"":""Document Date"",""isRequired"":true,""validation"":{""message"":""An issue date cannot be in the future"",""notFuture"":true}},{""isPii"":false,""dataType"":""date"",""fieldKey"":""valid_from"",""sortOrder"":60,""fieldLabel"":""Valid From""},{""isPii"":false,""dataType"":""date"",""fieldKey"":""valid_to"",""sortOrder"":70,""fieldLabel"":""Valid Until"",""validation"":{""message"":""Valid to must be on or after valid from"",""afterField"":""valid_from""},""alertDaysBefore"":30},{""isPii"":false,""dataType"":""text"",""fieldKey"":""period"",""sortOrder"":80,""fieldLabel"":""Period / Assessment Year""},{""isPii"":true,""dataType"":""currency"",""fieldKey"":""amount"",""sortOrder"":90,""fieldLabel"":""Amount"",""validation"":{""min"":0}},{""isPii"":false,""dataType"":""text"",""fieldKey"":""holder_name"",""isPrinted"":false,""sortOrder"":100,""fieldLabel"":""Holder Name""},{""isPii"":false,""dataType"":""number"",""fieldKey"":""alert_days_before"",""isPrinted"":false,""sortOrder"":110,""fieldLabel"":""Alert Me Before (days)"",""validation"":{""max"":365,""min"":0,""example"":""15"",""message"":""Enter between 0 and 365 days""}},{""isPii"":true,""dataType"":""longtext"",""fieldKey"":""notes"",""isPrinted"":false,""sortOrder"":120,""fieldLabel"":""Notes"",""validation"":{""maxLength"":5000}},{""isPii"":false,""dataType"":""longtext"",""fieldKey"":""custom_fields"",""isPrinted"":false,""sortOrder"":130,""fieldLabel"":""Additional Details"",""validation"":{""maxLength"":5000}}]","document_title,issue_date","document_title,account_number,reference_number,issuing_authority,issue_date,valid_from,valid_to,period,amount,holder_name,alert_days_before,notes,custom_fields","document_title,account_number,reference_number,issuing_authority,issue_date,valid_from,valid_to,period,amount"
Business,103,Financial & Accounting,biz_finance,Ledger / Trial Balance,ledger_trial_balance,true,a799bac3-428c-4fea-a485-40d6282995bf,6e358383-8a1e-42e6-b8f5-a92ae9ca1d49,true,2026-09-04T18:08:43.456Z,2026-09-18T17:42:19.155Z,"reference_number,amount,notes","[{""isPii"":false,""dataType"":""text"",""fieldKey"":""document_title"",""sortOrder"":10,""fieldLabel"":""Document Title"",""isRequired"":true},{""isPii"":true,""dataType"":""text"",""fieldKey"":""reference_number"",""sortOrder"":20,""fieldLabel"":""Ledger Reference Number"",""isIdentifier"":true},{""isPii"":false,""dataType"":""text"",""fieldKey"":""issuing_authority"",""sortOrder"":30,""fieldLabel"":""Issued By""},{""isPii"":false,""dataType"":""date"",""fieldKey"":""issue_date"",""sortOrder"":40,""fieldLabel"":""Document Date"",""isRequired"":true,""validation"":{""message"":""An issue date cannot be in the future"",""notFuture"":true}},{""isPii"":false,""dataType"":""date"",""fieldKey"":""valid_from"",""sortOrder"":50,""fieldLabel"":""Valid From""},{""isPii"":false,""dataType"":""date"",""fieldKey"":""valid_to"",""sortOrder"":60,""fieldLabel"":""Valid Until"",""validation"":{""message"":""Valid to must be on or after valid from"",""afterField"":""valid_from""},""alertDaysBefore"":30},{""isPii"":false,""dataType"":""text"",""fieldKey"":""period"",""sortOrder"":70,""fieldLabel"":""Period / Assessment Year""},{""isPii"":true,""dataType"":""currency"",""fieldKey"":""amount"",""sortOrder"":80,""fieldLabel"":""Amount"",""validation"":{""min"":0}},{""isPii"":false,""dataType"":""text"",""fieldKey"":""holder_name"",""isPrinted"":false,""sortOrder"":90,""fieldLabel"":""Holder Name""},{""isPii"":false,""dataType"":""number"",""fieldKey"":""alert_days_before"",""isPrinted"":false,""sortOrder"":100,""fieldLabel"":""Alert Me Before (days)"",""validation"":{""max"":365,""min"":0,""example"":""15"",""message"":""Enter between 0 and 365 days""}},{""isPii"":true,""dataType"":""longtext"",""fieldKey"":""notes"",""isPrinted"":false,""sortOrder"":110,""fieldLabel"":""Notes"",""validation"":{""maxLength"":5000}},{""isPii"":false,""dataType"":""longtext"",""fieldKey"":""custom_fields"",""isPrinted"":false,""sortOrder"":120,""fieldLabel"":""Additional Details"",""validation"":{""maxLength"":5000}}]","document_title,issue_date","document_title,reference_number,issuing_authority,issue_date,valid_from,valid_to,period,amount,holder_name,alert_days_before,notes,custom_fields","document_title,reference_number,issuing_authority,issue_date,valid_from,valid_to,period,amount"
Business,103,Financial & Accounting,biz_finance,Invoices (Sales & Purchase),invoices,true,308aaf82-c009-4a6f-bd38-55aabd1ec503,38511c6f-ff0b-43a9-91e6-2d5b0172723e,true,2026-09-04T18:08:43.456Z,2026-09-18T17:42:19.155Z,"invoice_number,reference_number,amount,notes","[{""isPii"":false,""dataType"":""text"",""fieldKey"":""document_title"",""sortOrder"":10,""fieldLabel"":""Document Title"",""isRequired"":true},{""isPii"":true,""dataType"":""text"",""fieldKey"":""invoice_number"",""sortOrder"":20,""fieldLabel"":""Invoice Number"",""isIdentifier"":true},{""isPii"":true,""dataType"":""text"",""fieldKey"":""reference_number"",""sortOrder"":30,""fieldLabel"":""Reference Number"",""isIdentifier"":true},{""isPii"":false,""dataType"":""text"",""fieldKey"":""issuing_authority"",""sortOrder"":40,""fieldLabel"":""Issued By""},{""isPii"":false,""dataType"":""date"",""fieldKey"":""issue_date"",""sortOrder"":50,""fieldLabel"":""Document Date"",""isRequired"":true,""validation"":{""message"":""An issue date cannot be in the future"",""notFuture"":true}},{""isPii"":false,""dataType"":""date"",""fieldKey"":""valid_from"",""sortOrder"":60,""fieldLabel"":""Valid From""},{""isPii"":false,""dataType"":""date"",""fieldKey"":""valid_to"",""sortOrder"":70,""fieldLabel"":""Valid Until"",""validation"":{""message"":""Valid to must be on or after valid from"",""afterField"":""valid_from""},""alertDaysBefore"":30},{""isPii"":false,""dataType"":""text"",""fieldKey"":""period"",""sortOrder"":80,""fieldLabel"":""Period / Assessment Year""},{""isPii"":true,""dataType"":""currency"",""fieldKey"":""amount"",""sortOrder"":90,""fieldLabel"":""Amount"",""validation"":{""min"":0}},{""isPii"":false,""dataType"":""text"",""fieldKey"":""holder_name"",""isPrinted"":false,""sortOrder"":100,""fieldLabel"":""Holder Name""},{""isPii"":false,""dataType"":""number"",""fieldKey"":""alert_days_before"",""isPrinted"":false,""sortOrder"":110,""fieldLabel"":""Alert Me Before (days)"",""validation"":{""max"":365,""min"":0,""example"":""15"",""message"":""Enter between 0 and 365 days""}},{""isPii"":true,""dataType"":""longtext"",""fieldKey"":""notes"",""isPrinted"":false,""sortOrder"":120,""fieldLabel"":""Notes"",""validation"":{""maxLength"":5000}},{""isPii"":false,""dataType"":""longtext"",""fieldKey"":""custom_fields"",""isPrinted"":false,""sortOrder"":130,""fieldLabel"":""Additional Details"",""validation"":{""maxLength"":5000}}]","document_title,issue_date","document_title,invoice_number,reference_number,issuing_authority,issue_date,valid_from,valid_to,period,amount,holder_name,alert_days_before,notes,custom_fields","document_title,invoice_number,reference_number,issuing_authority,issue_date,valid_from,valid_to,period,amount"
Business,103,Financial & Accounting,biz_finance,Credit / Debit Notes,credit_debit_notes,true,de010882-c532-4912-94f6-c5eaec301eb5,1932d7a4-4e5a-43d6-a3db-65df8cb5af33,true,2026-09-04T18:08:43.456Z,2026-09-18T17:42:19.155Z,"reference_number,amount,notes","[{""isPii"":false,""dataType"":""text"",""fieldKey"":""document_title"",""sortOrder"":10,""fieldLabel"":""Document Title"",""isRequired"":true},{""isPii"":true,""dataType"":""text"",""fieldKey"":""reference_number"",""sortOrder"":20,""fieldLabel"":""Note Number"",""isIdentifier"":true},{""isPii"":false,""dataType"":""text"",""fieldKey"":""issuing_authority"",""sortOrder"":30,""fieldLabel"":""Issued By""},{""isPii"":false,""dataType"":""date"",""fieldKey"":""issue_date"",""sortOrder"":40,""fieldLabel"":""Document Date"",""isRequired"":true,""validation"":{""message"":""An issue date cannot be in the future"",""notFuture"":true}},{""isPii"":false,""dataType"":""date"",""fieldKey"":""valid_from"",""sortOrder"":50,""fieldLabel"":""Valid From""},{""isPii"":false,""dataType"":""date"",""fieldKey"":""valid_to"",""sortOrder"":60,""fieldLabel"":""Valid Until"",""validation"":{""message"":""Valid to must be on or after valid from"",""afterField"":""valid_from""},""alertDaysBefore"":30},{""isPii"":false,""dataType"":""text"",""fieldKey"":""period"",""sortOrder"":70,""fieldLabel"":""Period / Assessment Year""},{""isPii"":true,""dataType"":""currency"",""fieldKey"":""amount"",""sortOrder"":80,""fieldLabel"":""Amount"",""validation"":{""min"":0}},{""isPii"":false,""dataType"":""text"",""fieldKey"":""holder_name"",""isPrinted"":false,""sortOrder"":90,""fieldLabel"":""Holder Name""},{""isPii"":false,""dataType"":""number"",""fieldKey"":""alert_days_before"",""isPrinted"":false,""sortOrder"":100,""fieldLabel"":""Alert Me Before (days)"",""validation"":{""max"":365,""min"":0,""example"":""15"",""message"":""Enter between 0 and 365 days""}},{""isPii"":true,""dataType"":""longtext"",""fieldKey"":""notes"",""isPrinted"":false,""sortOrder"":110,""fieldLabel"":""Notes"",""validation"":{""maxLength"":5000}},{""isPii"":false,""dataType"":""longtext"",""fieldKey"":""custom_fields"",""isPrinted"":false,""sortOrder"":120,""fieldLabel"":""Additional Details"",""validation"":{""maxLength"":5000}}]","document_title,issue_date","document_title,reference_number,issuing_authority,issue_date,valid_from,valid_to,period,amount,holder_name,alert_days_before,notes,custom_fields","document_title,reference_number,issuing_authority,issue_date,valid_from,valid_to,period,amount"
Business,104,Banking & Credit,biz_banking,Current Account Documents,current_account_documents,true,d4a4ece4-d4b5-4e55-a0f2-1b8856dd5f29,2909d1f3-08d3-4ece-9206-34963fe6e0dd,true,2026-09-04T18:08:43.456Z,2026-09-18T17:42:19.155Z,"account_number,reference_number,amount,notes","[{""isPii"":false,""dataType"":""text"",""fieldKey"":""document_title"",""sortOrder"":10,""fieldLabel"":""Document Title"",""isRequired"":true},{""isPii"":true,""dataType"":""text"",""fieldKey"":""account_number"",""sortOrder"":20,""fieldLabel"":""Current Account Number"",""isIdentifier"":true},{""isPii"":true,""dataType"":""text"",""fieldKey"":""reference_number"",""sortOrder"":30,""fieldLabel"":""Reference Number"",""isIdentifier"":true},{""isPii"":false,""dataType"":""text"",""fieldKey"":""issuing_authority"",""sortOrder"":40,""fieldLabel"":""Issued By""},{""isPii"":false,""dataType"":""date"",""fieldKey"":""issue_date"",""sortOrder"":50,""fieldLabel"":""Document Date"",""isRequired"":true,""validation"":{""message"":""An issue date cannot be in the future"",""notFuture"":true}},{""isPii"":false,""dataType"":""date"",""fieldKey"":""valid_from"",""sortOrder"":60,""fieldLabel"":""Valid From""},{""isPii"":false,""dataType"":""date"",""fieldKey"":""valid_to"",""sortOrder"":70,""fieldLabel"":""Valid Until"",""validation"":{""message"":""Valid to must be on or after valid from"",""afterField"":""valid_from""},""alertDaysBefore"":30},{""isPii"":false,""dataType"":""text"",""fieldKey"":""period"",""sortOrder"":80,""fieldLabel"":""Period / Assessment Year""},{""isPii"":true,""dataType"":""currency"",""fieldKey"":""amount"",""sortOrder"":90,""fieldLabel"":""Amount"",""validation"":{""min"":0}},{""isPii"":false,""dataType"":""text"",""fieldKey"":""holder_name"",""isPrinted"":false,""sortOrder"":100,""fieldLabel"":""Holder Name""},{""isPii"":false,""dataType"":""number"",""fieldKey"":""alert_days_before"",""isPrinted"":false,""sortOrder"":110,""fieldLabel"":""Alert Me Before (days)"",""validation"":{""max"":365,""min"":0,""example"":""15"",""message"":""Enter between 0 and 365 days""}},{""isPii"":true,""dataType"":""longtext"",""fieldKey"":""notes"",""isPrinted"":false,""sortOrder"":120,""fieldLabel"":""Notes"",""validation"":{""maxLength"":5000}},{""isPii"":false,""dataType"":""longtext"",""fieldKey"":""custom_fields"",""isPrinted"":false,""sortOrder"":130,""fieldLabel"":""Additional Details"",""validation"":{""maxLength"":5000}}]","document_title,issue_date","document_title,account_number,reference_number,issuing_authority,issue_date,valid_from,valid_to,period,amount,holder_name,alert_days_before,notes,custom_fields","document_title,account_number,reference_number,issuing_authority,issue_date,valid_from,valid_to,period,amount"
Business,104,Banking & Credit,biz_banking,Loan Sanction Letters,loan_sanction_letters,true,f2484820-0b1d-44ee-b921-b4771b0283e6,4f6c3fbb-75e8-4241-8b7f-91318824a708,true,2026-09-04T18:08:43.456Z,2026-09-18T17:42:19.155Z,"loan_account_number,reference_number,amount,notes","[{""isPii"":false,""dataType"":""text"",""fieldKey"":""document_title"",""sortOrder"":10,""fieldLabel"":""Document Title"",""isRequired"":true},{""isPii"":true,""dataType"":""text"",""fieldKey"":""loan_account_number"",""sortOrder"":20,""fieldLabel"":""Loan Account Number"",""isIdentifier"":true},{""isPii"":true,""dataType"":""text"",""fieldKey"":""reference_number"",""sortOrder"":30,""fieldLabel"":""Reference Number"",""isIdentifier"":true},{""isPii"":false,""dataType"":""text"",""fieldKey"":""issuing_authority"",""sortOrder"":40,""fieldLabel"":""Issued By""},{""isPii"":false,""dataType"":""date"",""fieldKey"":""issue_date"",""sortOrder"":50,""fieldLabel"":""Document Date"",""isRequired"":true,""validation"":{""message"":""An issue date cannot be in the future"",""notFuture"":true}},{""isPii"":false,""dataType"":""date"",""fieldKey"":""valid_from"",""sortOrder"":60,""fieldLabel"":""Valid From""},{""isPii"":false,""dataType"":""date"",""fieldKey"":""valid_to"",""sortOrder"":70,""fieldLabel"":""Valid Until"",""validation"":{""message"":""Valid to must be on or after valid from"",""afterField"":""valid_from""},""alertDaysBefore"":30},{""isPii"":false,""dataType"":""text"",""fieldKey"":""period"",""sortOrder"":80,""fieldLabel"":""Period / Assessment Year""},{""isPii"":true,""dataType"":""currency"",""fieldKey"":""amount"",""sortOrder"":90,""fieldLabel"":""Amount"",""validation"":{""min"":0}},{""isPii"":false,""dataType"":""text"",""fieldKey"":""holder_name"",""isPrinted"":false,""sortOrder"":100,""fieldLabel"":""Holder Name""},{""isPii"":false,""dataType"":""number"",""fieldKey"":""alert_days_before"",""isPrinted"":false,""sortOrder"":110,""fieldLabel"":""Alert Me Before (days)"",""validation"":{""max"":365,""min"":0,""example"":""15"",""message"":""Enter between 0 and 365 days""}},{""isPii"":true,""dataType"":""longtext"",""fieldKey"":""notes"",""isPrinted"":false,""sortOrder"":120,""fieldLabel"":""Notes"",""validation"":{""maxLength"":5000}},{""isPii"":false,""dataType"":""longtext"",""fieldKey"":""custom_fields"",""isPrinted"":false,""sortOrder"":130,""fieldLabel"":""Additional Details"",""validation"":{""maxLength"":5000}}]","document_title,issue_date","document_title,loan_account_number,reference_number,issuing_authority,issue_date,valid_from,valid_to,period,amount,holder_name,alert_days_before,notes,custom_fields","document_title,loan_account_number,reference_number,issuing_authority,issue_date,valid_from,valid_to,period,amount"
Business,104,Banking & Credit,biz_banking,Loan Agreements,loan_agreements,true,163ad364-2dc5-464e-80d3-6c768b94c9ea,3f29b116-02c4-4091-bd4a-31233a3bbd86,true,2026-09-04T18:08:43.456Z,2026-09-18T17:42:19.155Z,"loan_account_number,reference_number,amount,notes","[{""isPii"":false,""dataType"":""text"",""fieldKey"":""document_title"",""sortOrder"":10,""fieldLabel"":""Document Title"",""isRequired"":true},{""isPii"":true,""dataType"":""text"",""fieldKey"":""loan_account_number"",""sortOrder"":20,""fieldLabel"":""Loan Account Number"",""isIdentifier"":true},{""isPii"":true,""dataType"":""text"",""fieldKey"":""reference_number"",""sortOrder"":30,""fieldLabel"":""Reference Number"",""isIdentifier"":true},{""isPii"":false,""dataType"":""text"",""fieldKey"":""issuing_authority"",""sortOrder"":40,""fieldLabel"":""Issued By""},{""isPii"":false,""dataType"":""date"",""fieldKey"":""issue_date"",""sortOrder"":50,""fieldLabel"":""Document Date"",""isRequired"":true,""validation"":{""message"":""An issue date cannot be in the future"",""notFuture"":true}},{""isPii"":false,""dataType"":""date"",""fieldKey"":""valid_from"",""sortOrder"":60,""fieldLabel"":""Valid From""},{""isPii"":false,""dataType"":""date"",""fieldKey"":""valid_to"",""sortOrder"":70,""fieldLabel"":""Valid Until"",""validation"":{""message"":""Valid to must be on or after valid from"",""afterField"":""valid_from""},""alertDaysBefore"":30},{""isPii"":false,""dataType"":""text"",""fieldKey"":""period"",""sortOrder"":80,""fieldLabel"":""Period / Assessment Year""},{""isPii"":true,""dataType"":""currency"",""fieldKey"":""amount"",""sortOrder"":90,""fieldLabel"":""Amount"",""validation"":{""min"":0}},{""isPii"":false,""dataType"":""text"",""fieldKey"":""holder_name"",""isPrinted"":false,""sortOrder"":100,""fieldLabel"":""Holder Name""},{""isPii"":false,""dataType"":""number"",""fieldKey"":""alert_days_before"",""isPrinted"":false,""sortOrder"":110,""fieldLabel"":""Alert Me Before (days)"",""validation"":{""max"":365,""min"":0,""example"":""15"",""message"":""Enter between 0 and 365 days""}},{""isPii"":true,""dataType"":""longtext"",""fieldKey"":""notes"",""isPrinted"":false,""sortOrder"":120,""fieldLabel"":""Notes"",""validation"":{""maxLength"":5000}},{""isPii"":false,""dataType"":""longtext"",""fieldKey"":""custom_fields"",""isPrinted"":false,""sortOrder"":130,""fieldLabel"":""Additional Details"",""validation"":{""maxLength"":5000}}]","document_title,issue_date","document_title,loan_account_number,reference_number,issuing_authority,issue_date,valid_from,valid_to,period,amount,holder_name,alert_days_before,notes,custom_fields","document_title,loan_account_number,reference_number,issuing_authority,issue_date,valid_from,valid_to,period,amount"
Business,104,Banking & Credit,biz_banking,Cash Credit / Overdraft Documents,cash_credit_overdraft,true,7f840757-9d5e-4bbe-bcfa-31f9fb2f153c,0a6f1002-cb99-4c10-b311-62de2f2151b6,true,2026-09-04T18:08:43.456Z,2026-09-18T17:42:19.155Z,"account_number,reference_number,amount,notes","[{""isPii"":false,""dataType"":""text"",""fieldKey"":""document_title"",""sortOrder"":10,""fieldLabel"":""Document Title"",""isRequired"":true},{""isPii"":true,""dataType"":""text"",""fieldKey"":""account_number"",""sortOrder"":20,""fieldLabel"":""CC / OD Account Number"",""isIdentifier"":true},{""isPii"":true,""dataType"":""text"",""fieldKey"":""reference_number"",""sortOrder"":30,""fieldLabel"":""Reference Number"",""isIdentifier"":true},{""isPii"":false,""dataType"":""text"",""fieldKey"":""issuing_authority"",""sortOrder"":40,""fieldLabel"":""Issued By""},{""isPii"":false,""dataType"":""date"",""fieldKey"":""issue_date"",""sortOrder"":50,""fieldLabel"":""Document Date"",""isRequired"":true,""validation"":{""message"":""An issue date cannot be in the future"",""notFuture"":true}},{""isPii"":false,""dataType"":""date"",""fieldKey"":""valid_from"",""sortOrder"":60,""fieldLabel"":""Valid From""},{""isPii"":false,""dataType"":""date"",""fieldKey"":""valid_to"",""sortOrder"":70,""fieldLabel"":""Valid Until"",""validation"":{""message"":""Valid to must be on or after valid from"",""afterField"":""valid_from""},""alertDaysBefore"":30},{""isPii"":false,""dataType"":""text"",""fieldKey"":""period"",""sortOrder"":80,""fieldLabel"":""Period / Assessment Year""},{""isPii"":true,""dataType"":""currency"",""fieldKey"":""amount"",""sortOrder"":90,""fieldLabel"":""Amount"",""validation"":{""min"":0}},{""isPii"":false,""dataType"":""text"",""fieldKey"":""holder_name"",""isPrinted"":false,""sortOrder"":100,""fieldLabel"":""Holder Name""},{""isPii"":false,""dataType"":""number"",""fieldKey"":""alert_days_before"",""isPrinted"":false,""sortOrder"":110,""fieldLabel"":""Alert Me Before (days)"",""validation"":{""max"":365,""min"":0,""example"":""15"",""message"":""Enter between 0 and 365 days""}},{""isPii"":true,""dataType"":""longtext"",""fieldKey"":""notes"",""isPrinted"":false,""sortOrder"":120,""fieldLabel"":""Notes"",""validation"":{""maxLength"":5000}},{""isPii"":false,""dataType"":""longtext"",""fieldKey"":""custom_fields"",""isPrinted"":false,""sortOrder"":130,""fieldLabel"":""Additional Details"",""validation"":{""maxLength"":5000}}]","document_title,issue_date","document_title,account_number,reference_number,issuing_authority,issue_date,valid_from,valid_to,period,amount,holder_name,alert_days_before,notes,custom_fields","document_title,account_number,reference_number,issuing_authority,issue_date,valid_from,valid_to,period,amount"
Business,104,Banking & Credit,biz_banking,Bank Guarantee,bank_guarantee,true,dffbee92-e6ad-4e39-a7fb-4625730eb951,43a78e2e-f015-4140-a462-378b74780e75,true,2026-09-04T18:08:43.456Z,2026-09-18T17:42:19.155Z,"reference_number,amount,notes","[{""isPii"":false,""dataType"":""text"",""fieldKey"":""document_title"",""sortOrder"":10,""fieldLabel"":""Document Title"",""isRequired"":true},{""isPii"":true,""dataType"":""text"",""fieldKey"":""reference_number"",""sortOrder"":20,""fieldLabel"":""Guarantee Number"",""isIdentifier"":true},{""isPii"":false,""dataType"":""text"",""fieldKey"":""issuing_authority"",""sortOrder"":30,""fieldLabel"":""Issued By""},{""isPii"":false,""dataType"":""date"",""fieldKey"":""issue_date"",""sortOrder"":40,""fieldLabel"":""Document Date"",""isRequired"":true,""validation"":{""message"":""An issue date cannot be in the future"",""notFuture"":true}},{""isPii"":false,""dataType"":""date"",""fieldKey"":""valid_from"",""sortOrder"":50,""fieldLabel"":""Valid From""},{""isPii"":false,""dataType"":""date"",""fieldKey"":""valid_to"",""sortOrder"":60,""fieldLabel"":""Valid Until"",""validation"":{""message"":""Valid to must be on or after valid from"",""afterField"":""valid_from""},""alertDaysBefore"":30},{""isPii"":false,""dataType"":""text"",""fieldKey"":""period"",""sortOrder"":70,""fieldLabel"":""Period / Assessment Year""},{""isPii"":true,""dataType"":""currency"",""fieldKey"":""amount"",""sortOrder"":80,""fieldLabel"":""Amount"",""validation"":{""min"":0}},{""isPii"":false,""dataType"":""text"",""fieldKey"":""holder_name"",""isPrinted"":false,""sortOrder"":90,""fieldLabel"":""Holder Name""},{""isPii"":false,""dataType"":""number"",""fieldKey"":""alert_days_before"",""isPrinted"":false,""sortOrder"":100,""fieldLabel"":""Alert Me Before (days)"",""validation"":{""max"":365,""min"":0,""example"":""15"",""message"":""Enter between 0 and 365 days""}},{""isPii"":true,""dataType"":""longtext"",""fieldKey"":""notes"",""isPrinted"":false,""sortOrder"":110,""fieldLabel"":""Notes"",""validation"":{""maxLength"":5000}},{""isPii"":false,""dataType"":""longtext"",""fieldKey"":""custom_fields"",""isPrinted"":false,""sortOrder"":120,""fieldLabel"":""Additional Details"",""validation"":{""maxLength"":5000}}]","document_title,issue_date","document_title,reference_number,issuing_authority,issue_date,valid_from,valid_to,period,amount,holder_name,alert_days_before,notes,custom_fields","document_title,reference_number,issuing_authority,issue_date,valid_from,valid_to,period,amount"
Business,104,Banking & Credit,biz_banking,Letter of Credit,letter_of_credit,true,bf684902-b02f-41c9-b629-96fa8e649682,bdbe06a3-8c27-4b2f-8f98-050380c2c783,true,2026-09-04T18:08:43.456Z,2026-09-18T17:42:19.155Z,"reference_number,amount,notes","[{""isPii"":false,""dataType"":""text"",""fieldKey"":""document_title"",""sortOrder"":10,""fieldLabel"":""Document Title"",""isRequired"":true},{""isPii"":true,""dataType"":""text"",""fieldKey"":""reference_number"",""sortOrder"":20,""fieldLabel"":""LC Number"",""isIdentifier"":true},{""isPii"":false,""dataType"":""text"",""fieldKey"":""issuing_authority"",""sortOrder"":30,""fieldLabel"":""Issued By""},{""isPii"":false,""dataType"":""date"",""fieldKey"":""issue_date"",""sortOrder"":40,""fieldLabel"":""Document Date"",""isRequired"":true,""validation"":{""message"":""An issue date cannot be in the future"",""notFuture"":true}},{""isPii"":false,""dataType"":""date"",""fieldKey"":""valid_from"",""sortOrder"":50,""fieldLabel"":""Valid From""},{""isPii"":false,""dataType"":""date"",""fieldKey"":""valid_to"",""sortOrder"":60,""fieldLabel"":""Valid Until"",""validation"":{""message"":""Valid to must be on or after valid from"",""afterField"":""valid_from""},""alertDaysBefore"":30},{""isPii"":false,""dataType"":""text"",""fieldKey"":""period"",""sortOrder"":70,""fieldLabel"":""Period / Assessment Year""},{""isPii"":true,""dataType"":""currency"",""fieldKey"":""amount"",""sortOrder"":80,""fieldLabel"":""Amount"",""validation"":{""min"":0}},{""isPii"":false,""dataType"":""text"",""fieldKey"":""holder_name"",""isPrinted"":false,""sortOrder"":90,""fieldLabel"":""Holder Name""},{""isPii"":false,""dataType"":""number"",""fieldKey"":""alert_days_before"",""isPrinted"":false,""sortOrder"":100,""fieldLabel"":""Alert Me Before (days)"",""validation"":{""max"":365,""min"":0,""example"":""15"",""message"":""Enter between 0 and 365 days""}},{""isPii"":true,""dataType"":""longtext"",""fieldKey"":""notes"",""isPrinted"":false,""sortOrder"":110,""fieldLabel"":""Notes"",""validation"":{""maxLength"":5000}},{""isPii"":false,""dataType"":""longtext"",""fieldKey"":""custom_fields"",""isPrinted"":false,""sortOrder"":120,""fieldLabel"":""Additional Details"",""validation"":{""maxLength"":5000}}]","document_title,issue_date","document_title,reference_number,issuing_authority,issue_date,valid_from,valid_to,period,amount,holder_name,alert_days_before,notes,custom_fields","document_title,reference_number,issuing_authority,issue_date,valid_from,valid_to,period,amount"
Business,104,Banking & Credit,biz_banking,Cheque Books / RTGS-NEFT Records,cheque_rtgs_neft_records,true,491a30cb-a612-4bb9-ace9-ef0634b423da,07e04b95-db17-44fa-a6a0-3620944dedf7,true,2026-09-04T18:08:43.456Z,2026-09-18T17:42:19.155Z,"account_number,reference_number,amount,notes","[{""isPii"":false,""dataType"":""text"",""fieldKey"":""document_title"",""sortOrder"":10,""fieldLabel"":""Document Title"",""isRequired"":true},{""isPii"":true,""dataType"":""text"",""fieldKey"":""account_number"",""sortOrder"":20,""fieldLabel"":""Account Number"",""isIdentifier"":true},{""isPii"":true,""dataType"":""text"",""fieldKey"":""reference_number"",""sortOrder"":30,""fieldLabel"":""Reference Number"",""isIdentifier"":true},{""isPii"":false,""dataType"":""text"",""fieldKey"":""issuing_authority"",""sortOrder"":40,""fieldLabel"":""Issued By""},{""isPii"":false,""dataType"":""date"",""fieldKey"":""issue_date"",""sortOrder"":50,""fieldLabel"":""Document Date"",""isRequired"":true,""validation"":{""message"":""An issue date cannot be in the future"",""notFuture"":true}},{""isPii"":false,""dataType"":""date"",""fieldKey"":""valid_from"",""sortOrder"":60,""fieldLabel"":""Valid From""},{""isPii"":false,""dataType"":""date"",""fieldKey"":""valid_to"",""sortOrder"":70,""fieldLabel"":""Valid Until"",""validation"":{""message"":""Valid to must be on or after valid from"",""afterField"":""valid_from""},""alertDaysBefore"":30},{""isPii"":false,""dataType"":""text"",""fieldKey"":""period"",""sortOrder"":80,""fieldLabel"":""Period / Assessment Year""},{""isPii"":true,""dataType"":""currency"",""fieldKey"":""amount"",""sortOrder"":90,""fieldLabel"":""Amount"",""validation"":{""min"":0}},{""isPii"":false,""dataType"":""text"",""fieldKey"":""holder_name"",""isPrinted"":false,""sortOrder"":100,""fieldLabel"":""Holder Name""},{""isPii"":false,""dataType"":""number"",""fieldKey"":""alert_days_before"",""isPrinted"":false,""sortOrder"":110,""fieldLabel"":""Alert Me Before (days)"",""validation"":{""max"":365,""min"":0,""example"":""15"",""message"":""Enter between 0 and 365 days""}},{""isPii"":true,""dataType"":""longtext"",""fieldKey"":""notes"",""isPrinted"":false,""sortOrder"":120,""fieldLabel"":""Notes"",""validation"":{""maxLength"":5000}},{""isPii"":false,""dataType"":""longtext"",""fieldKey"":""custom_fields"",""isPrinted"":false,""sortOrder"":130,""fieldLabel"":""Additional Details"",""validation"":{""maxLength"":5000}}]","document_title,issue_date","document_title,account_number,reference_number,issuing_authority,issue_date,valid_from,valid_to,period,amount,holder_name,alert_days_before,notes,custom_fields","document_title,account_number,reference_number,issuing_authority,issue_date,valid_from,valid_to,period,amount"
Business,105,Licenses & Permits,biz_licenses,Trade License,trade_license,true,4571792e-186b-4572-a75a-eff28c863ce4,d94628d1-afec-41e4-81b8-17534d22113c,true,2026-09-04T18:08:43.456Z,2026-09-18T17:42:19.155Z,"license_number,reference_number,notes","[{""isPii"":false,""dataType"":""text"",""fieldKey"":""document_title"",""sortOrder"":10,""fieldLabel"":""Document Title"",""isRequired"":true},{""isPii"":true,""dataType"":""text"",""fieldKey"":""license_number"",""sortOrder"":20,""fieldLabel"":""Trade License Number"",""isIdentifier"":true},{""isPii"":true,""dataType"":""text"",""fieldKey"":""reference_number"",""sortOrder"":30,""fieldLabel"":""Reference Number"",""isIdentifier"":true},{""isPii"":false,""dataType"":""text"",""fieldKey"":""issuing_authority"",""sortOrder"":40,""fieldLabel"":""Issued By""},{""isPii"":false,""dataType"":""date"",""fieldKey"":""issue_date"",""sortOrder"":50,""fieldLabel"":""Document Date"",""isRequired"":true,""validation"":{""message"":""An issue date cannot be in the future"",""notFuture"":true}},{""isPii"":false,""dataType"":""date"",""fieldKey"":""valid_from"",""sortOrder"":60,""fieldLabel"":""Valid From""},{""isPii"":false,""dataType"":""date"",""fieldKey"":""valid_to"",""sortOrder"":70,""fieldLabel"":""Valid Until"",""validation"":{""message"":""Valid to must be on or after valid from"",""afterField"":""valid_from""},""alertDaysBefore"":30},{""isPii"":false,""dataType"":""text"",""fieldKey"":""holder_name"",""isPrinted"":false,""sortOrder"":80,""fieldLabel"":""Holder Name""},{""isPii"":false,""dataType"":""number"",""fieldKey"":""alert_days_before"",""isPrinted"":false,""sortOrder"":90,""fieldLabel"":""Alert Me Before (days)"",""validation"":{""max"":365,""min"":0,""example"":""15"",""message"":""Enter between 0 and 365 days""}},{""isPii"":true,""dataType"":""longtext"",""fieldKey"":""notes"",""isPrinted"":false,""sortOrder"":100,""fieldLabel"":""Notes"",""validation"":{""maxLength"":5000}},{""isPii"":false,""dataType"":""longtext"",""fieldKey"":""custom_fields"",""isPrinted"":false,""sortOrder"":110,""fieldLabel"":""Additional Details"",""validation"":{""maxLength"":5000}}]","document_title,issue_date","document_title,license_number,reference_number,issuing_authority,issue_date,valid_from,valid_to,holder_name,alert_days_before,notes,custom_fields","document_title,license_number,reference_number,issuing_authority,issue_date,valid_from,valid_to"
Business,105,Licenses & Permits,biz_licenses,FSSAI License (food business),fssai_license,true,7ba9c5e3-8736-42e4-825a-54910e53c891,2e78b816-454d-4002-a398-7ff3285b79cf,true,2026-09-04T18:08:43.456Z,2026-09-18T17:42:19.155Z,"license_number,reference_number,notes","[{""isPii"":false,""dataType"":""text"",""fieldKey"":""document_title"",""sortOrder"":10,""fieldLabel"":""Document Title"",""isRequired"":true},{""isPii"":true,""dataType"":""text"",""fieldKey"":""license_number"",""sortOrder"":20,""fieldLabel"":""FSSAI License Number"",""isIdentifier"":true},{""isPii"":true,""dataType"":""text"",""fieldKey"":""reference_number"",""sortOrder"":30,""fieldLabel"":""Reference Number"",""isIdentifier"":true},{""isPii"":false,""dataType"":""text"",""fieldKey"":""issuing_authority"",""sortOrder"":40,""fieldLabel"":""Issued By""},{""isPii"":false,""dataType"":""date"",""fieldKey"":""issue_date"",""sortOrder"":50,""fieldLabel"":""Document Date"",""isRequired"":true,""validation"":{""message"":""An issue date cannot be in the future"",""notFuture"":true}},{""isPii"":false,""dataType"":""date"",""fieldKey"":""valid_from"",""sortOrder"":60,""fieldLabel"":""Valid From""},{""isPii"":false,""dataType"":""date"",""fieldKey"":""valid_to"",""sortOrder"":70,""fieldLabel"":""Valid Until"",""validation"":{""message"":""Valid to must be on or after valid from"",""afterField"":""valid_from""},""alertDaysBefore"":30},{""isPii"":false,""dataType"":""text"",""fieldKey"":""holder_name"",""isPrinted"":false,""sortOrder"":80,""fieldLabel"":""Holder Name""},{""isPii"":false,""dataType"":""number"",""fieldKey"":""alert_days_before"",""isPrinted"":false,""sortOrder"":90,""fieldLabel"":""Alert Me Before (days)"",""validation"":{""max"":365,""min"":0,""example"":""15"",""message"":""Enter between 0 and 365 days""}},{""isPii"":true,""dataType"":""longtext"",""fieldKey"":""notes"",""isPrinted"":false,""sortOrder"":100,""fieldLabel"":""Notes"",""validation"":{""maxLength"":5000}},{""isPii"":false,""dataType"":""longtext"",""fieldKey"":""custom_fields"",""isPrinted"":false,""sortOrder"":110,""fieldLabel"":""Additional Details"",""validation"":{""maxLength"":5000}}]","document_title,issue_date","document_title,license_number,reference_number,issuing_authority,issue_date,valid_from,valid_to,holder_name,alert_days_before,notes,custom_fields","document_title,license_number,reference_number,issuing_authority,issue_date,valid_from,valid_to"
Business,105,Licenses & Permits,biz_licenses,Import Export Code (IEC),import_export_code,true,2a9abe87-e6f0-4a31-aef3-821b41bdab5e,504fa8b1-9746-4da3-a979-c083be465b92,true,2026-09-04T18:08:43.456Z,2026-09-18T17:42:19.155Z,"iec_code,reference_number,notes","[{""isPii"":false,""dataType"":""text"",""fieldKey"":""document_title"",""sortOrder"":10,""fieldLabel"":""Document Title"",""isRequired"":true},{""isPii"":true,""dataType"":""text"",""fieldKey"":""iec_code"",""sortOrder"":20,""fieldLabel"":""Import Export Code"",""isIdentifier"":true},{""isPii"":true,""dataType"":""text"",""fieldKey"":""reference_number"",""sortOrder"":30,""fieldLabel"":""Reference Number"",""isIdentifier"":true},{""isPii"":false,""dataType"":""text"",""fieldKey"":""issuing_authority"",""sortOrder"":40,""fieldLabel"":""Issued By""},{""isPii"":false,""dataType"":""date"",""fieldKey"":""issue_date"",""sortOrder"":50,""fieldLabel"":""Document Date"",""isRequired"":true,""validation"":{""message"":""An issue date cannot be in the future"",""notFuture"":true}},{""isPii"":false,""dataType"":""date"",""fieldKey"":""valid_from"",""sortOrder"":60,""fieldLabel"":""Valid From""},{""isPii"":false,""dataType"":""date"",""fieldKey"":""valid_to"",""sortOrder"":70,""fieldLabel"":""Valid Until"",""validation"":{""message"":""Valid to must be on or after valid from"",""afterField"":""valid_from""},""alertDaysBefore"":30},{""isPii"":false,""dataType"":""text"",""fieldKey"":""holder_name"",""isPrinted"":false,""sortOrder"":80,""fieldLabel"":""Holder Name""},{""isPii"":false,""dataType"":""number"",""fieldKey"":""alert_days_before"",""isPrinted"":false,""sortOrder"":90,""fieldLabel"":""Alert Me Before (days)"",""validation"":{""max"":365,""min"":0,""example"":""15"",""message"":""Enter between 0 and 365 days""}},{""isPii"":true,""dataType"":""longtext"",""fieldKey"":""notes"",""isPrinted"":false,""sortOrder"":100,""fieldLabel"":""Notes"",""validation"":{""maxLength"":5000}},{""isPii"":false,""dataType"":""longtext"",""fieldKey"":""custom_fields"",""isPrinted"":false,""sortOrder"":110,""fieldLabel"":""Additional Details"",""validation"":{""maxLength"":5000}}]","document_title,issue_date","document_title,iec_code,reference_number,issuing_authority,issue_date,valid_from,valid_to,holder_name,alert_days_before,notes,custom_fields","document_title,iec_code,reference_number,issuing_authority,issue_date,valid_from,valid_to"
Business,105,Licenses & Permits,biz_licenses,Factory License,factory_license,true,a9d8471c-4840-4875-9499-427d6c27f4fa,8f01f8a0-777b-4e7e-b104-b6b260b8240b,true,2026-09-04T18:08:43.456Z,2026-09-18T17:42:19.155Z,"license_number,reference_number,notes","[{""isPii"":false,""dataType"":""text"",""fieldKey"":""document_title"",""sortOrder"":10,""fieldLabel"":""Document Title"",""isRequired"":true},{""isPii"":true,""dataType"":""text"",""fieldKey"":""license_number"",""sortOrder"":20,""fieldLabel"":""Factory License Number"",""isIdentifier"":true},{""isPii"":true,""dataType"":""text"",""fieldKey"":""reference_number"",""sortOrder"":30,""fieldLabel"":""Reference Number"",""isIdentifier"":true},{""isPii"":false,""dataType"":""text"",""fieldKey"":""issuing_authority"",""sortOrder"":40,""fieldLabel"":""Issued By""},{""isPii"":false,""dataType"":""date"",""fieldKey"":""issue_date"",""sortOrder"":50,""fieldLabel"":""Document Date"",""isRequired"":true,""validation"":{""message"":""An issue date cannot be in the future"",""notFuture"":true}},{""isPii"":false,""dataType"":""date"",""fieldKey"":""valid_from"",""sortOrder"":60,""fieldLabel"":""Valid From""},{""isPii"":false,""dataType"":""date"",""fieldKey"":""valid_to"",""sortOrder"":70,""fieldLabel"":""Valid Until"",""validation"":{""message"":""Valid to must be on or after valid from"",""afterField"":""valid_from""},""alertDaysBefore"":30},{""isPii"":false,""dataType"":""text"",""fieldKey"":""holder_name"",""isPrinted"":false,""sortOrder"":80,""fieldLabel"":""Holder Name""},{""isPii"":false,""dataType"":""number"",""fieldKey"":""alert_days_before"",""isPrinted"":false,""sortOrder"":90,""fieldLabel"":""Alert Me Before (days)"",""validation"":{""max"":365,""min"":0,""example"":""15"",""message"":""Enter between 0 and 365 days""}},{""isPii"":true,""dataType"":""longtext"",""fieldKey"":""notes"",""isPrinted"":false,""sortOrder"":100,""fieldLabel"":""Notes"",""validation"":{""maxLength"":5000}},{""isPii"":false,""dataType"":""longtext"",""fieldKey"":""custom_fields"",""isPrinted"":false,""sortOrder"":110,""fieldLabel"":""Additional Details"",""validation"":{""maxLength"":5000}}]","document_title,issue_date","document_title,license_number,reference_number,issuing_authority,issue_date,valid_from,valid_to,holder_name,alert_days_before,notes,custom_fields","document_title,license_number,reference_number,issuing_authority,issue_date,valid_from,valid_to"
Business,105,Licenses & Permits,biz_licenses,Fire Safety Certificate,fire_safety_certificate,true,1fc4aa9d-d6cb-4fb6-9960-31ba54c89d0f,ecb051c7-dc9b-4d45-aa99-2a85b35c1927,true,2026-09-04T18:08:43.456Z,2026-09-18T17:42:19.155Z,"certificate_number,reference_number,notes","[{""isPii"":false,""dataType"":""text"",""fieldKey"":""document_title"",""sortOrder"":10,""fieldLabel"":""Document Title"",""isRequired"":true},{""isPii"":true,""dataType"":""text"",""fieldKey"":""certificate_number"",""sortOrder"":20,""fieldLabel"":""Certificate Number"",""isIdentifier"":true},{""isPii"":true,""dataType"":""text"",""fieldKey"":""reference_number"",""sortOrder"":30,""fieldLabel"":""Reference Number"",""isIdentifier"":true},{""isPii"":false,""dataType"":""text"",""fieldKey"":""issuing_authority"",""sortOrder"":40,""fieldLabel"":""Issued By""},{""isPii"":false,""dataType"":""date"",""fieldKey"":""issue_date"",""sortOrder"":50,""fieldLabel"":""Document Date"",""isRequired"":true,""validation"":{""message"":""An issue date cannot be in the future"",""notFuture"":true}},{""isPii"":false,""dataType"":""date"",""fieldKey"":""valid_from"",""sortOrder"":60,""fieldLabel"":""Valid From""},{""isPii"":false,""dataType"":""date"",""fieldKey"":""valid_to"",""sortOrder"":70,""fieldLabel"":""Valid Until"",""validation"":{""message"":""Valid to must be on or after valid from"",""afterField"":""valid_from""},""alertDaysBefore"":30},{""isPii"":false,""dataType"":""text"",""fieldKey"":""holder_name"",""isPrinted"":false,""sortOrder"":80,""fieldLabel"":""Holder Name""},{""isPii"":false,""dataType"":""number"",""fieldKey"":""alert_days_before"",""isPrinted"":false,""sortOrder"":90,""fieldLabel"":""Alert Me Before (days)"",""validation"":{""max"":365,""min"":0,""example"":""15"",""message"":""Enter between 0 and 365 days""}},{""isPii"":true,""dataType"":""longtext"",""fieldKey"":""notes"",""isPrinted"":false,""sortOrder"":100,""fieldLabel"":""Notes"",""validation"":{""maxLength"":5000}},{""isPii"":false,""dataType"":""longtext"",""fieldKey"":""custom_fields"",""isPrinted"":false,""sortOrder"":110,""fieldLabel"":""Additional Details"",""validation"":{""maxLength"":5000}}]","document_title,issue_date","document_title,certificate_number,reference_number,issuing_authority,issue_date,valid_from,valid_to,holder_name,alert_days_before,notes,custom_fields","document_title,certificate_number,reference_number,issuing_authority,issue_date,valid_from,valid_to"
Business,105,Licenses & Permits,biz_licenses,Pollution Control Board Clearance,pollution_control_clearance,true,5b286fe3-a2e0-455c-abf3-3d1d7c9670f4,414f7496-a36a-46b3-904f-5ce67ce4b54a,true,2026-09-04T18:08:43.456Z,2026-09-18T17:42:19.155Z,"certificate_number,reference_number,notes","[{""isPii"":false,""dataType"":""text"",""fieldKey"":""document_title"",""sortOrder"":10,""fieldLabel"":""Document Title"",""isRequired"":true},{""isPii"":true,""dataType"":""text"",""fieldKey"":""certificate_number"",""sortOrder"":20,""fieldLabel"":""Consent / Clearance Number"",""isIdentifier"":true},{""isPii"":true,""dataType"":""text"",""fieldKey"":""reference_number"",""sortOrder"":30,""fieldLabel"":""Reference Number"",""isIdentifier"":true},{""isPii"":false,""dataType"":""text"",""fieldKey"":""issuing_authority"",""sortOrder"":40,""fieldLabel"":""Issued By""},{""isPii"":false,""dataType"":""date"",""fieldKey"":""issue_date"",""sortOrder"":50,""fieldLabel"":""Document Date"",""isRequired"":true,""validation"":{""message"":""An issue date cannot be in the future"",""notFuture"":true}},{""isPii"":false,""dataType"":""date"",""fieldKey"":""valid_from"",""sortOrder"":60,""fieldLabel"":""Valid From""},{""isPii"":false,""dataType"":""date"",""fieldKey"":""valid_to"",""sortOrder"":70,""fieldLabel"":""Valid Until"",""validation"":{""message"":""Valid to must be on or after valid from"",""afterField"":""valid_from""},""alertDaysBefore"":30},{""isPii"":false,""dataType"":""text"",""fieldKey"":""holder_name"",""isPrinted"":false,""sortOrder"":80,""fieldLabel"":""Holder Name""},{""isPii"":false,""dataType"":""number"",""fieldKey"":""alert_days_before"",""isPrinted"":false,""sortOrder"":90,""fieldLabel"":""Alert Me Before (days)"",""validation"":{""max"":365,""min"":0,""example"":""15"",""message"":""Enter between 0 and 365 days""}},{""isPii"":true,""dataType"":""longtext"",""fieldKey"":""notes"",""isPrinted"":false,""sortOrder"":100,""fieldLabel"":""Notes"",""validation"":{""maxLength"":5000}},{""isPii"":false,""dataType"":""longtext"",""fieldKey"":""custom_fields"",""isPrinted"":false,""sortOrder"":110,""fieldLabel"":""Additional Details"",""validation"":{""maxLength"":5000}}]","document_title,issue_date","document_title,certificate_number,reference_number,issuing_authority,issue_date,valid_from,valid_to,holder_name,alert_days_before,notes,custom_fields","document_title,certificate_number,reference_number,issuing_authority,issue_date,valid_from,valid_to"
Business,105,Licenses & Permits,biz_licenses,Industry-specific Regulatory Licenses,industry_regulatory_licenses,true,089a5e4d-6e10-4667-8ee1-70ce37f092e9,56a8b6ee-7b93-4bc1-8214-ec0805dc5104,true,2026-09-04T18:08:43.456Z,2026-09-18T17:42:19.155Z,"license_number,reference_number,notes","[{""isPii"":false,""dataType"":""text"",""fieldKey"":""document_title"",""sortOrder"":10,""fieldLabel"":""Document Title"",""isRequired"":true},{""isPii"":true,""dataType"":""text"",""fieldKey"":""license_number"",""sortOrder"":20,""fieldLabel"":""License Number"",""isIdentifier"":true},{""isPii"":true,""dataType"":""text"",""fieldKey"":""reference_number"",""sortOrder"":30,""fieldLabel"":""Reference Number"",""isIdentifier"":true},{""isPii"":false,""dataType"":""text"",""fieldKey"":""issuing_authority"",""sortOrder"":40,""fieldLabel"":""Issued By""},{""isPii"":false,""dataType"":""date"",""fieldKey"":""issue_date"",""sortOrder"":50,""fieldLabel"":""Document Date"",""isRequired"":true,""validation"":{""message"":""An issue date cannot be in the future"",""notFuture"":true}},{""isPii"":false,""dataType"":""date"",""fieldKey"":""valid_from"",""sortOrder"":60,""fieldLabel"":""Valid From""},{""isPii"":false,""dataType"":""date"",""fieldKey"":""valid_to"",""sortOrder"":70,""fieldLabel"":""Valid Until"",""validation"":{""message"":""Valid to must be on or after valid from"",""afterField"":""valid_from""},""alertDaysBefore"":30},{""isPii"":false,""dataType"":""text"",""fieldKey"":""holder_name"",""isPrinted"":false,""sortOrder"":80,""fieldLabel"":""Holder Name""},{""isPii"":false,""dataType"":""number"",""fieldKey"":""alert_days_before"",""isPrinted"":false,""sortOrder"":90,""fieldLabel"":""Alert Me Before (days)"",""validation"":{""max"":365,""min"":0,""example"":""15"",""message"":""Enter between 0 and 365 days""}},{""isPii"":true,""dataType"":""longtext"",""fieldKey"":""notes"",""isPrinted"":false,""sortOrder"":100,""fieldLabel"":""Notes"",""validation"":{""maxLength"":5000}},{""isPii"":false,""dataType"":""longtext"",""fieldKey"":""custom_fields"",""isPrinted"":false,""sortOrder"":110,""fieldLabel"":""Additional Details"",""validation"":{""maxLength"":5000}}]","document_title,issue_date","document_title,license_number,reference_number,issuing_authority,issue_date,valid_from,valid_to,holder_name,alert_days_before,notes,custom_fields","document_title,license_number,reference_number,issuing_authority,issue_date,valid_from,valid_to"
Business,106,Compliance & Regulatory Filings,biz_compliance,"ROC Annual Filings (AOC-4, MGT-7)",roc_annual_filings,true,0a7b0906-f4da-490c-b19f-4ec38ef00243,26502478-c6de-4ed5-b58b-c88894fb202b,true,2026-09-04T18:08:43.456Z,2026-09-18T17:42:19.155Z,"srn_number,reference_number,notes","[{""isPii"":false,""dataType"":""text"",""fieldKey"":""document_title"",""sortOrder"":10,""fieldLabel"":""Document Title"",""isRequired"":true},{""isPii"":true,""dataType"":""text"",""fieldKey"":""srn_number"",""sortOrder"":20,""fieldLabel"":""SRN"",""isIdentifier"":true},{""isPii"":true,""dataType"":""text"",""fieldKey"":""reference_number"",""sortOrder"":30,""fieldLabel"":""Reference Number"",""isIdentifier"":true},{""isPii"":false,""dataType"":""text"",""fieldKey"":""issuing_authority"",""sortOrder"":40,""fieldLabel"":""Issued By""},{""isPii"":false,""dataType"":""date"",""fieldKey"":""issue_date"",""sortOrder"":50,""fieldLabel"":""Document Date"",""isRequired"":true,""validation"":{""message"":""An issue date cannot be in the future"",""notFuture"":true}},{""isPii"":false,""dataType"":""date"",""fieldKey"":""valid_from"",""sortOrder"":60,""fieldLabel"":""Valid From""},{""isPii"":false,""dataType"":""date"",""fieldKey"":""valid_to"",""sortOrder"":70,""fieldLabel"":""Valid Until"",""validation"":{""message"":""Valid to must be on or after valid from"",""afterField"":""valid_from""},""alertDaysBefore"":30},{""isPii"":false,""dataType"":""text"",""fieldKey"":""holder_name"",""isPrinted"":false,""sortOrder"":80,""fieldLabel"":""Holder Name""},{""isPii"":false,""dataType"":""number"",""fieldKey"":""alert_days_before"",""isPrinted"":false,""sortOrder"":90,""fieldLabel"":""Alert Me Before (days)"",""validation"":{""max"":365,""min"":0,""example"":""15"",""message"":""Enter between 0 and 365 days""}},{""isPii"":true,""dataType"":""longtext"",""fieldKey"":""notes"",""isPrinted"":false,""sortOrder"":100,""fieldLabel"":""Notes"",""validation"":{""maxLength"":5000}},{""isPii"":false,""dataType"":""longtext"",""fieldKey"":""custom_fields"",""isPrinted"":false,""sortOrder"":110,""fieldLabel"":""Additional Details"",""validation"":{""maxLength"":5000}}]","document_title,issue_date","document_title,srn_number,reference_number,issuing_authority,issue_date,valid_from,valid_to,holder_name,alert_days_before,notes,custom_fields","document_title,srn_number,reference_number,issuing_authority,issue_date,valid_from,valid_to"
Business,106,Compliance & Regulatory Filings,biz_compliance,ESI Registration & Returns,esi_registration_returns,true,22aafd88-7856-4874-9cf5-b40a6abdcbea,8550e76e-aa3f-4509-8fc3-09c7b41c3f20,true,2026-09-04T18:08:43.456Z,2026-09-18T17:42:19.155Z,"registration_number,reference_number,notes","[{""isPii"":false,""dataType"":""text"",""fieldKey"":""document_title"",""sortOrder"":10,""fieldLabel"":""Document Title"",""isRequired"":true},{""isPii"":true,""dataType"":""text"",""fieldKey"":""registration_number"",""sortOrder"":20,""fieldLabel"":""ESI Registration Number"",""validation"":{""message"":""Enter the number as printed on the document"",""pattern"":""^[A-Za-z0-9][A-Za-z0-9 -]{3,24}$""},""isIdentifier"":true},{""isPii"":true,""dataType"":""text"",""fieldKey"":""reference_number"",""sortOrder"":30,""fieldLabel"":""Reference Number"",""isIdentifier"":true},{""isPii"":false,""dataType"":""text"",""fieldKey"":""issuing_authority"",""sortOrder"":40,""fieldLabel"":""Issued By""},{""isPii"":false,""dataType"":""date"",""fieldKey"":""issue_date"",""sortOrder"":50,""fieldLabel"":""Document Date"",""isRequired"":true,""validation"":{""message"":""An issue date cannot be in the future"",""notFuture"":true}},{""isPii"":false,""dataType"":""date"",""fieldKey"":""valid_from"",""sortOrder"":60,""fieldLabel"":""Valid From""},{""isPii"":false,""dataType"":""date"",""fieldKey"":""valid_to"",""sortOrder"":70,""fieldLabel"":""Valid Until"",""validation"":{""message"":""Valid to must be on or after valid from"",""afterField"":""valid_from""},""alertDaysBefore"":30},{""isPii"":false,""dataType"":""text"",""fieldKey"":""holder_name"",""isPrinted"":false,""sortOrder"":80,""fieldLabel"":""Holder Name""},{""isPii"":false,""dataType"":""number"",""fieldKey"":""alert_days_before"",""isPrinted"":false,""sortOrder"":90,""fieldLabel"":""Alert Me Before (days)"",""validation"":{""max"":365,""min"":0,""example"":""15"",""message"":""Enter between 0 and 365 days""}},{""isPii"":true,""dataType"":""longtext"",""fieldKey"":""notes"",""isPrinted"":false,""sortOrder"":100,""fieldLabel"":""Notes"",""validation"":{""maxLength"":5000}},{""isPii"":false,""dataType"":""longtext"",""fieldKey"":""custom_fields"",""isPrinted"":false,""sortOrder"":110,""fieldLabel"":""Additional Details"",""validation"":{""maxLength"":5000}}]","document_title,issue_date","document_title,registration_number,reference_number,issuing_authority,issue_date,valid_from,valid_to,holder_name,alert_days_before,notes,custom_fields","document_title,registration_number,reference_number,issuing_authority,issue_date,valid_from,valid_to"
Business,106,Compliance & Regulatory Filings,biz_compliance,EPF Registration & Returns,epf_registration_returns,true,1a0d5a94-b829-44f8-9fe3-ca99c7582611,9f2dc970-274e-4faa-9145-ab66f361d1da,true,2026-09-04T18:08:43.456Z,2026-09-18T17:42:19.155Z,"registration_number,reference_number,notes","[{""isPii"":false,""dataType"":""text"",""fieldKey"":""document_title"",""sortOrder"":10,""fieldLabel"":""Document Title"",""isRequired"":true},{""isPii"":true,""dataType"":""text"",""fieldKey"":""registration_number"",""sortOrder"":20,""fieldLabel"":""EPF Establishment Code"",""validation"":{""message"":""Enter the number as printed on the document"",""pattern"":""^[A-Za-z0-9][A-Za-z0-9 -]{3,24}$""},""isIdentifier"":true},{""isPii"":true,""dataType"":""text"",""fieldKey"":""reference_number"",""sortOrder"":30,""fieldLabel"":""Reference Number"",""isIdentifier"":true},{""isPii"":false,""dataType"":""text"",""fieldKey"":""issuing_authority"",""sortOrder"":40,""fieldLabel"":""Issued By""},{""isPii"":false,""dataType"":""date"",""fieldKey"":""issue_date"",""sortOrder"":50,""fieldLabel"":""Document Date"",""isRequired"":true,""validation"":{""message"":""An issue date cannot be in the future"",""notFuture"":true}},{""isPii"":false,""dataType"":""date"",""fieldKey"":""valid_from"",""sortOrder"":60,""fieldLabel"":""Valid From""},{""isPii"":false,""dataType"":""date"",""fieldKey"":""valid_to"",""sortOrder"":70,""fieldLabel"":""Valid Until"",""validation"":{""message"":""Valid to must be on or after valid from"",""afterField"":""valid_from""},""alertDaysBefore"":30},{""isPii"":false,""dataType"":""text"",""fieldKey"":""holder_name"",""isPrinted"":false,""sortOrder"":80,""fieldLabel"":""Holder Name""},{""isPii"":false,""dataType"":""number"",""fieldKey"":""alert_days_before"",""isPrinted"":false,""sortOrder"":90,""fieldLabel"":""Alert Me Before (days)"",""validation"":{""max"":365,""min"":0,""example"":""15"",""message"":""Enter between 0 and 365 days""}},{""isPii"":true,""dataType"":""longtext"",""fieldKey"":""notes"",""isPrinted"":false,""sortOrder"":100,""fieldLabel"":""Notes"",""validation"":{""maxLength"":5000}},{""isPii"":false,""dataType"":""longtext"",""fieldKey"":""custom_fields"",""isPrinted"":false,""sortOrder"":110,""fieldLabel"":""Additional Details"",""validation"":{""maxLength"":5000}}]","document_title,issue_date","document_title,registration_number,reference_number,issuing_authority,issue_date,valid_from,valid_to,holder_name,alert_days_before,notes,custom_fields","document_title,registration_number,reference_number,issuing_authority,issue_date,valid_from,valid_to"
Business,106,Compliance & Regulatory Filings,biz_compliance,Labour Law Compliance Records,labour_law_compliance,true,54efe192-ce31-4ee3-8b26-dabc1a74e9ad,a111cfd8-a7d7-4640-8d26-405bbc5e5526,true,2026-09-04T18:08:43.456Z,2026-09-18T17:42:19.155Z,"registration_number,reference_number,notes","[{""isPii"":false,""dataType"":""text"",""fieldKey"":""document_title"",""sortOrder"":10,""fieldLabel"":""Document Title"",""isRequired"":true},{""isPii"":true,""dataType"":""text"",""fieldKey"":""registration_number"",""sortOrder"":20,""fieldLabel"":""Registration Number"",""validation"":{""message"":""Enter the number as printed on the document"",""pattern"":""^[A-Za-z0-9][A-Za-z0-9 -]{3,24}$""},""isIdentifier"":true},{""isPii"":true,""dataType"":""text"",""fieldKey"":""reference_number"",""sortOrder"":30,""fieldLabel"":""Reference Number"",""isIdentifier"":true},{""isPii"":false,""dataType"":""text"",""fieldKey"":""issuing_authority"",""sortOrder"":40,""fieldLabel"":""Issued By""},{""isPii"":false,""dataType"":""date"",""fieldKey"":""issue_date"",""sortOrder"":50,""fieldLabel"":""Document Date"",""isRequired"":true,""validation"":{""message"":""An issue date cannot be in the future"",""notFuture"":true}},{""isPii"":false,""dataType"":""date"",""fieldKey"":""valid_from"",""sortOrder"":60,""fieldLabel"":""Valid From""},{""isPii"":false,""dataType"":""date"",""fieldKey"":""valid_to"",""sortOrder"":70,""fieldLabel"":""Valid Until"",""validation"":{""message"":""Valid to must be on or after valid from"",""afterField"":""valid_from""},""alertDaysBefore"":30},{""isPii"":false,""dataType"":""text"",""fieldKey"":""holder_name"",""isPrinted"":false,""sortOrder"":80,""fieldLabel"":""Holder Name""},{""isPii"":false,""dataType"":""number"",""fieldKey"":""alert_days_before"",""isPrinted"":false,""sortOrder"":90,""fieldLabel"":""Alert Me Before (days)"",""validation"":{""max"":365,""min"":0,""example"":""15"",""message"":""Enter between 0 and 365 days""}},{""isPii"":true,""dataType"":""longtext"",""fieldKey"":""notes"",""isPrinted"":false,""sortOrder"":100,""fieldLabel"":""Notes"",""validation"":{""maxLength"":5000}},{""isPii"":false,""dataType"":""longtext"",""fieldKey"":""custom_fields"",""isPrinted"":false,""sortOrder"":110,""fieldLabel"":""Additional Details"",""validation"":{""maxLength"":5000}}]","document_title,issue_date","document_title,registration_number,reference_number,issuing_authority,issue_date,valid_from,valid_to,holder_name,alert_days_before,notes,custom_fields","document_title,registration_number,reference_number,issuing_authority,issue_date,valid_from,valid_to"
Business,106,Compliance & Regulatory Filings,biz_compliance,Statutory Audit Reports,statutory_audit_reports,true,ee344870-0537-4820-b107-540c8ee5ab70,46562552-a601-4c75-9a9c-f28b7482b97d,true,2026-09-04T18:08:43.456Z,2026-09-18T17:42:19.155Z,"reference_number,notes","[{""isPii"":false,""dataType"":""text"",""fieldKey"":""document_title"",""sortOrder"":10,""fieldLabel"":""Document Title"",""isRequired"":true},{""isPii"":true,""dataType"":""text"",""fieldKey"":""reference_number"",""sortOrder"":20,""fieldLabel"":""Report Reference Number"",""isIdentifier"":true},{""isPii"":false,""dataType"":""text"",""fieldKey"":""issuing_authority"",""sortOrder"":30,""fieldLabel"":""Issued By""},{""isPii"":false,""dataType"":""date"",""fieldKey"":""issue_date"",""sortOrder"":40,""fieldLabel"":""Document Date"",""isRequired"":true,""validation"":{""message"":""An issue date cannot be in the future"",""notFuture"":true}},{""isPii"":false,""dataType"":""date"",""fieldKey"":""valid_from"",""sortOrder"":50,""fieldLabel"":""Valid From""},{""isPii"":false,""dataType"":""date"",""fieldKey"":""valid_to"",""sortOrder"":60,""fieldLabel"":""Valid Until"",""validation"":{""message"":""Valid to must be on or after valid from"",""afterField"":""valid_from""},""alertDaysBefore"":30},{""isPii"":false,""dataType"":""text"",""fieldKey"":""holder_name"",""isPrinted"":false,""sortOrder"":70,""fieldLabel"":""Holder Name""},{""isPii"":false,""dataType"":""number"",""fieldKey"":""alert_days_before"",""isPrinted"":false,""sortOrder"":80,""fieldLabel"":""Alert Me Before (days)"",""validation"":{""max"":365,""min"":0,""example"":""15"",""message"":""Enter between 0 and 365 days""}},{""isPii"":true,""dataType"":""longtext"",""fieldKey"":""notes"",""isPrinted"":false,""sortOrder"":90,""fieldLabel"":""Notes"",""validation"":{""maxLength"":5000}},{""isPii"":false,""dataType"":""longtext"",""fieldKey"":""custom_fields"",""isPrinted"":false,""sortOrder"":100,""fieldLabel"":""Additional Details"",""validation"":{""maxLength"":5000}}]","document_title,issue_date","document_title,reference_number,issuing_authority,issue_date,valid_from,valid_to,holder_name,alert_days_before,notes,custom_fields","document_title,reference_number,issuing_authority,issue_date,valid_from,valid_to"
Business,106,Compliance & Regulatory Filings,biz_compliance,Board Resolutions,board_resolutions,true,a26c6017-6d7f-4c1f-b3f6-3122b64e1e04,2e0655bf-88c3-4487-bc6e-3faeb6a37b55,true,2026-09-04T18:08:43.456Z,2026-09-18T17:42:19.155Z,"reference_number,notes","[{""isPii"":false,""dataType"":""text"",""fieldKey"":""document_title"",""sortOrder"":10,""fieldLabel"":""Document Title"",""isRequired"":true},{""isPii"":true,""dataType"":""text"",""fieldKey"":""reference_number"",""sortOrder"":20,""fieldLabel"":""Resolution Number"",""isIdentifier"":true},{""isPii"":false,""dataType"":""text"",""fieldKey"":""issuing_authority"",""sortOrder"":30,""fieldLabel"":""Issued By""},{""isPii"":false,""dataType"":""date"",""fieldKey"":""issue_date"",""sortOrder"":40,""fieldLabel"":""Document Date"",""isRequired"":true,""validation"":{""message"":""An issue date cannot be in the future"",""notFuture"":true}},{""isPii"":false,""dataType"":""date"",""fieldKey"":""valid_from"",""sortOrder"":50,""fieldLabel"":""Valid From""},{""isPii"":false,""dataType"":""date"",""fieldKey"":""valid_to"",""sortOrder"":60,""fieldLabel"":""Valid Until"",""validation"":{""message"":""Valid to must be on or after valid from"",""afterField"":""valid_from""},""alertDaysBefore"":30},{""isPii"":false,""dataType"":""text"",""fieldKey"":""holder_name"",""isPrinted"":false,""sortOrder"":70,""fieldLabel"":""Holder Name""},{""isPii"":false,""dataType"":""number"",""fieldKey"":""alert_days_before"",""isPrinted"":false,""sortOrder"":80,""fieldLabel"":""Alert Me Before (days)"",""validation"":{""max"":365,""min"":0,""example"":""15"",""message"":""Enter between 0 and 365 days""}},{""isPii"":true,""dataType"":""longtext"",""fieldKey"":""notes"",""isPrinted"":false,""sortOrder"":90,""fieldLabel"":""Notes"",""validation"":{""maxLength"":5000}},{""isPii"":false,""dataType"":""longtext"",""fieldKey"":""custom_fields"",""isPrinted"":false,""sortOrder"":100,""fieldLabel"":""Additional Details"",""validation"":{""maxLength"":5000}}]","document_title,issue_date","document_title,reference_number,issuing_authority,issue_date,valid_from,valid_to,holder_name,alert_days_before,notes,custom_fields","document_title,reference_number,issuing_authority,issue_date,valid_from,valid_to"
Business,107,Contracts & Agreements,biz_contracts,Vendor / Supplier Agreements,vendor_supplier_agreements,true,329f53a1-440e-49c9-b4f7-1cd3fd025f7f,e5f07ffa-50c9-4013-a583-0abf959e8fe2,true,2026-09-04T18:08:43.456Z,2026-09-18T17:42:19.155Z,"agreement_number,reference_number,notes","[{""isPii"":false,""dataType"":""text"",""fieldKey"":""document_title"",""sortOrder"":10,""fieldLabel"":""Document Title"",""isRequired"":true},{""isPii"":true,""dataType"":""text"",""fieldKey"":""agreement_number"",""sortOrder"":20,""fieldLabel"":""Agreement Number"",""isIdentifier"":true},{""isPii"":true,""dataType"":""text"",""fieldKey"":""reference_number"",""sortOrder"":30,""fieldLabel"":""Reference Number"",""isIdentifier"":true},{""isPii"":false,""dataType"":""text"",""fieldKey"":""issuing_authority"",""sortOrder"":40,""fieldLabel"":""Issued By""},{""isPii"":false,""dataType"":""date"",""fieldKey"":""issue_date"",""sortOrder"":50,""fieldLabel"":""Document Date"",""isRequired"":true,""validation"":{""message"":""An issue date cannot be in the future"",""notFuture"":true}},{""isPii"":false,""dataType"":""date"",""fieldKey"":""valid_from"",""sortOrder"":60,""fieldLabel"":""Valid From""},{""isPii"":false,""dataType"":""date"",""fieldKey"":""valid_to"",""sortOrder"":70,""fieldLabel"":""Valid Until"",""validation"":{""message"":""Valid to must be on or after valid from"",""afterField"":""valid_from""},""alertDaysBefore"":30},{""isPii"":false,""dataType"":""text"",""fieldKey"":""holder_name"",""isPrinted"":false,""sortOrder"":80,""fieldLabel"":""Holder Name""},{""isPii"":false,""dataType"":""number"",""fieldKey"":""alert_days_before"",""isPrinted"":false,""sortOrder"":90,""fieldLabel"":""Alert Me Before (days)"",""validation"":{""max"":365,""min"":0,""example"":""15"",""message"":""Enter between 0 and 365 days""}},{""isPii"":true,""dataType"":""longtext"",""fieldKey"":""notes"",""isPrinted"":false,""sortOrder"":100,""fieldLabel"":""Notes"",""validation"":{""maxLength"":5000}},{""isPii"":false,""dataType"":""longtext"",""fieldKey"":""custom_fields"",""isPrinted"":false,""sortOrder"":110,""fieldLabel"":""Additional Details"",""validation"":{""maxLength"":5000}}]","document_title,issue_date","document_title,agreement_number,reference_number,issuing_authority,issue_date,valid_from,valid_to,holder_name,alert_days_before,notes,custom_fields","document_title,agreement_number,reference_number,issuing_authority,issue_date,valid_from,valid_to"
Business,107,Contracts & Agreements,biz_contracts,Client / Customer Contracts,client_customer_contracts,true,f486fbcf-31f6-4d6e-9863-9d1ebf3275e8,8e523964-d679-47fe-894b-7941ef170eb6,true,2026-09-04T18:08:43.456Z,2026-09-18T17:42:19.155Z,"contract_number,reference_number,notes","[{""isPii"":false,""dataType"":""text"",""fieldKey"":""document_title"",""sortOrder"":10,""fieldLabel"":""Document Title"",""isRequired"":true},{""isPii"":true,""dataType"":""text"",""fieldKey"":""contract_number"",""sortOrder"":20,""fieldLabel"":""Contract Number"",""isIdentifier"":true},{""isPii"":true,""dataType"":""text"",""fieldKey"":""reference_number"",""sortOrder"":30,""fieldLabel"":""Reference Number"",""isIdentifier"":true},{""isPii"":false,""dataType"":""text"",""fieldKey"":""issuing_authority"",""sortOrder"":40,""fieldLabel"":""Issued By""},{""isPii"":false,""dataType"":""date"",""fieldKey"":""issue_date"",""sortOrder"":50,""fieldLabel"":""Document Date"",""isRequired"":true,""validation"":{""message"":""An issue date cannot be in the future"",""notFuture"":true}},{""isPii"":false,""dataType"":""date"",""fieldKey"":""valid_from"",""sortOrder"":60,""fieldLabel"":""Valid From""},{""isPii"":false,""dataType"":""date"",""fieldKey"":""valid_to"",""sortOrder"":70,""fieldLabel"":""Valid Until"",""validation"":{""message"":""Valid to must be on or after valid from"",""afterField"":""valid_from""},""alertDaysBefore"":30},{""isPii"":false,""dataType"":""text"",""fieldKey"":""holder_name"",""isPrinted"":false,""sortOrder"":80,""fieldLabel"":""Holder Name""},{""isPii"":false,""dataType"":""number"",""fieldKey"":""alert_days_before"",""isPrinted"":false,""sortOrder"":90,""fieldLabel"":""Alert Me Before (days)"",""validation"":{""max"":365,""min"":0,""example"":""15"",""message"":""Enter between 0 and 365 days""}},{""isPii"":true,""dataType"":""longtext"",""fieldKey"":""notes"",""isPrinted"":false,""sortOrder"":100,""fieldLabel"":""Notes"",""validation"":{""maxLength"":5000}},{""isPii"":false,""dataType"":""longtext"",""fieldKey"":""custom_fields"",""isPrinted"":false,""sortOrder"":110,""fieldLabel"":""Additional Details"",""validation"":{""maxLength"":5000}}]","document_title,issue_date","document_title,contract_number,reference_number,issuing_authority,issue_date,valid_from,valid_to,holder_name,alert_days_before,notes,custom_fields","document_title,contract_number,reference_number,issuing_authority,issue_date,valid_from,valid_to"
Business,107,Contracts & Agreements,biz_contracts,Non-Disclosure Agreements (NDA),nda,true,19b95ab9-83a5-4fb8-99ef-9946ef538795,df0e366e-f856-4287-9d69-f7b4565b3a00,true,2026-09-04T18:08:43.456Z,2026-09-18T17:42:19.155Z,"agreement_number,reference_number,notes","[{""isPii"":false,""dataType"":""text"",""fieldKey"":""document_title"",""sortOrder"":10,""fieldLabel"":""Document Title"",""isRequired"":true},{""isPii"":true,""dataType"":""text"",""fieldKey"":""agreement_number"",""sortOrder"":20,""fieldLabel"":""Agreement Number"",""isIdentifier"":true},{""isPii"":true,""dataType"":""text"",""fieldKey"":""reference_number"",""sortOrder"":30,""fieldLabel"":""Reference Number"",""isIdentifier"":true},{""isPii"":false,""dataType"":""text"",""fieldKey"":""issuing_authority"",""sortOrder"":40,""fieldLabel"":""Issued By""},{""isPii"":false,""dataType"":""date"",""fieldKey"":""issue_date"",""sortOrder"":50,""fieldLabel"":""Document Date"",""isRequired"":true,""validation"":{""message"":""An issue date cannot be in the future"",""notFuture"":true}},{""isPii"":false,""dataType"":""date"",""fieldKey"":""valid_from"",""sortOrder"":60,""fieldLabel"":""Valid From""},{""isPii"":false,""dataType"":""date"",""fieldKey"":""valid_to"",""sortOrder"":70,""fieldLabel"":""Valid Until"",""validation"":{""message"":""Valid to must be on or after valid from"",""afterField"":""valid_from""},""alertDaysBefore"":30},{""isPii"":false,""dataType"":""text"",""fieldKey"":""holder_name"",""isPrinted"":false,""sortOrder"":80,""fieldLabel"":""Holder Name""},{""isPii"":false,""dataType"":""number"",""fieldKey"":""alert_days_before"",""isPrinted"":false,""sortOrder"":90,""fieldLabel"":""Alert Me Before (days)"",""validation"":{""max"":365,""min"":0,""example"":""15"",""message"":""Enter between 0 and 365 days""}},{""isPii"":true,""dataType"":""longtext"",""fieldKey"":""notes"",""isPrinted"":false,""sortOrder"":100,""fieldLabel"":""Notes"",""validation"":{""maxLength"":5000}},{""isPii"":false,""dataType"":""longtext"",""fieldKey"":""custom_fields"",""isPrinted"":false,""sortOrder"":110,""fieldLabel"":""Additional Details"",""validation"":{""maxLength"":5000}}]","document_title,issue_date","document_title,agreement_number,reference_number,issuing_authority,issue_date,valid_from,valid_to,holder_name,alert_days_before,notes,custom_fields","document_title,agreement_number,reference_number,issuing_authority,issue_date,valid_from,valid_to"
Business,107,Contracts & Agreements,biz_contracts,Lease / Rent Agreements (Office / Warehouse),lease_rent_agreements,true,2006a4ea-1121-4270-8862-935524a95fa1,64fc470b-3db6-40bf-8353-2111320a6882,true,2026-09-04T18:08:43.456Z,2026-09-18T17:42:19.155Z,"agreement_number,reference_number,notes","[{""isPii"":false,""dataType"":""text"",""fieldKey"":""document_title"",""sortOrder"":10,""fieldLabel"":""Document Title"",""isRequired"":true},{""isPii"":true,""dataType"":""text"",""fieldKey"":""agreement_number"",""sortOrder"":20,""fieldLabel"":""Agreement Number"",""isIdentifier"":true},{""isPii"":true,""dataType"":""text"",""fieldKey"":""reference_number"",""sortOrder"":30,""fieldLabel"":""Reference Number"",""isIdentifier"":true},{""isPii"":false,""dataType"":""text"",""fieldKey"":""issuing_authority"",""sortOrder"":40,""fieldLabel"":""Issued By""},{""isPii"":false,""dataType"":""date"",""fieldKey"":""issue_date"",""sortOrder"":50,""fieldLabel"":""Document Date"",""isRequired"":true,""validation"":{""message"":""An issue date cannot be in the future"",""notFuture"":true}},{""isPii"":false,""dataType"":""date"",""fieldKey"":""valid_from"",""sortOrder"":60,""fieldLabel"":""Valid From""},{""isPii"":false,""dataType"":""date"",""fieldKey"":""valid_to"",""sortOrder"":70,""fieldLabel"":""Valid Until"",""validation"":{""message"":""Valid to must be on or after valid from"",""afterField"":""valid_from""},""alertDaysBefore"":30},{""isPii"":false,""dataType"":""text"",""fieldKey"":""holder_name"",""isPrinted"":false,""sortOrder"":80,""fieldLabel"":""Holder Name""},{""isPii"":false,""dataType"":""number"",""fieldKey"":""alert_days_before"",""isPrinted"":false,""sortOrder"":90,""fieldLabel"":""Alert Me Before (days)"",""validation"":{""max"":365,""min"":0,""example"":""15"",""message"":""Enter between 0 and 365 days""}},{""isPii"":true,""dataType"":""longtext"",""fieldKey"":""notes"",""isPrinted"":false,""sortOrder"":100,""fieldLabel"":""Notes"",""validation"":{""maxLength"":5000}},{""isPii"":false,""dataType"":""longtext"",""fieldKey"":""custom_fields"",""isPrinted"":false,""sortOrder"":110,""fieldLabel"":""Additional Details"",""validation"":{""maxLength"":5000}}]","document_title,issue_date","document_title,agreement_number,reference_number,issuing_authority,issue_date,valid_from,valid_to,holder_name,alert_days_before,notes,custom_fields","document_title,agreement_number,reference_number,issuing_authority,issue_date,valid_from,valid_to"
Business,107,Contracts & Agreements,biz_contracts,Employment Contracts,employment_contracts,true,55e0310b-b017-4a6d-a498-0befaeda5710,daffca4d-1c8f-4ff8-b21a-0628558171c9,true,2026-09-04T18:08:43.456Z,2026-09-18T17:42:19.155Z,"contract_number,reference_number,notes","[{""isPii"":false,""dataType"":""text"",""fieldKey"":""document_title"",""sortOrder"":10,""fieldLabel"":""Document Title"",""isRequired"":true},{""isPii"":true,""dataType"":""text"",""fieldKey"":""contract_number"",""sortOrder"":20,""fieldLabel"":""Contract Number"",""isIdentifier"":true},{""isPii"":true,""dataType"":""text"",""fieldKey"":""reference_number"",""sortOrder"":30,""fieldLabel"":""Reference Number"",""isIdentifier"":true},{""isPii"":false,""dataType"":""text"",""fieldKey"":""issuing_authority"",""sortOrder"":40,""fieldLabel"":""Issued By""},{""isPii"":false,""dataType"":""date"",""fieldKey"":""issue_date"",""sortOrder"":50,""fieldLabel"":""Document Date"",""isRequired"":true,""validation"":{""message"":""An issue date cannot be in the future"",""notFuture"":true}},{""isPii"":false,""dataType"":""date"",""fieldKey"":""valid_from"",""sortOrder"":60,""fieldLabel"":""Valid From""},{""isPii"":false,""dataType"":""date"",""fieldKey"":""valid_to"",""sortOrder"":70,""fieldLabel"":""Valid Until"",""validation"":{""message"":""Valid to must be on or after valid from"",""afterField"":""valid_from""},""alertDaysBefore"":30},{""isPii"":false,""dataType"":""text"",""fieldKey"":""holder_name"",""isPrinted"":false,""sortOrder"":80,""fieldLabel"":""Holder Name""},{""isPii"":false,""dataType"":""number"",""fieldKey"":""alert_days_before"",""isPrinted"":false,""sortOrder"":90,""fieldLabel"":""Alert Me Before (days)"",""validation"":{""max"":365,""min"":0,""example"":""15"",""message"":""Enter between 0 and 365 days""}},{""isPii"":true,""dataType"":""longtext"",""fieldKey"":""notes"",""isPrinted"":false,""sortOrder"":100,""fieldLabel"":""Notes"",""validation"":{""maxLength"":5000}},{""isPii"":false,""dataType"":""longtext"",""fieldKey"":""custom_fields"",""isPrinted"":false,""sortOrder"":110,""fieldLabel"":""Additional Details"",""validation"":{""maxLength"":5000}}]","document_title,issue_date","document_title,contract_number,reference_number,issuing_authority,issue_date,valid_from,valid_to,holder_name,alert_days_before,notes,custom_fields","document_title,contract_number,reference_number,issuing_authority,issue_date,valid_from,valid_to"
Business,107,Contracts & Agreements,biz_contracts,Franchise Agreements,franchise_agreements,true,09d991ac-06a3-4204-961a-fe82fa6740ab,9e26add9-d649-4158-b0d1-85f1f2ad78d6,true,2026-09-04T18:08:43.456Z,2026-09-18T17:42:19.155Z,"agreement_number,reference_number,notes","[{""isPii"":false,""dataType"":""text"",""fieldKey"":""document_title"",""sortOrder"":10,""fieldLabel"":""Document Title"",""isRequired"":true},{""isPii"":true,""dataType"":""text"",""fieldKey"":""agreement_number"",""sortOrder"":20,""fieldLabel"":""Agreement Number"",""isIdentifier"":true},{""isPii"":true,""dataType"":""text"",""fieldKey"":""reference_number"",""sortOrder"":30,""fieldLabel"":""Reference Number"",""isIdentifier"":true},{""isPii"":false,""dataType"":""text"",""fieldKey"":""issuing_authority"",""sortOrder"":40,""fieldLabel"":""Issued By""},{""isPii"":false,""dataType"":""date"",""fieldKey"":""issue_date"",""sortOrder"":50,""fieldLabel"":""Document Date"",""isRequired"":true,""validation"":{""message"":""An issue date cannot be in the future"",""notFuture"":true}},{""isPii"":false,""dataType"":""date"",""fieldKey"":""valid_from"",""sortOrder"":60,""fieldLabel"":""Valid From""},{""isPii"":false,""dataType"":""date"",""fieldKey"":""valid_to"",""sortOrder"":70,""fieldLabel"":""Valid Until"",""validation"":{""message"":""Valid to must be on or after valid from"",""afterField"":""valid_from""},""alertDaysBefore"":30},{""isPii"":false,""dataType"":""text"",""fieldKey"":""holder_name"",""isPrinted"":false,""sortOrder"":80,""fieldLabel"":""Holder Name""},{""isPii"":false,""dataType"":""number"",""fieldKey"":""alert_days_before"",""isPrinted"":false,""sortOrder"":90,""fieldLabel"":""Alert Me Before (days)"",""validation"":{""max"":365,""min"":0,""example"":""15"",""message"":""Enter between 0 and 365 days""}},{""isPii"":true,""dataType"":""longtext"",""fieldKey"":""notes"",""isPrinted"":false,""sortOrder"":100,""fieldLabel"":""Notes"",""validation"":{""maxLength"":5000}},{""isPii"":false,""dataType"":""longtext"",""fieldKey"":""custom_fields"",""isPrinted"":false,""sortOrder"":110,""fieldLabel"":""Additional Details"",""validation"":{""maxLength"":5000}}]","document_title,issue_date","document_title,agreement_number,reference_number,issuing_authority,issue_date,valid_from,valid_to,holder_name,alert_days_before,notes,custom_fields","document_title,agreement_number,reference_number,issuing_authority,issue_date,valid_from,valid_to"
Business,107,Contracts & Agreements,biz_contracts,Memorandum of Understanding (MOU),mou,true,6b4c0c41-0bc8-4388-a148-06dce3d26584,39bc6ab5-df60-4330-9eda-f03120e4f940,true,2026-09-04T18:08:43.456Z,2026-09-18T17:42:19.155Z,"reference_number,notes","[{""isPii"":false,""dataType"":""text"",""fieldKey"":""document_title"",""sortOrder"":10,""fieldLabel"":""Document Title"",""isRequired"":true},{""isPii"":true,""dataType"":""text"",""fieldKey"":""reference_number"",""sortOrder"":20,""fieldLabel"":""MOU Reference Number"",""isIdentifier"":true},{""isPii"":false,""dataType"":""text"",""fieldKey"":""issuing_authority"",""sortOrder"":30,""fieldLabel"":""Issued By""},{""isPii"":false,""dataType"":""date"",""fieldKey"":""issue_date"",""sortOrder"":40,""fieldLabel"":""Document Date"",""isRequired"":true,""validation"":{""message"":""An issue date cannot be in the future"",""notFuture"":true}},{""isPii"":false,""dataType"":""date"",""fieldKey"":""valid_from"",""sortOrder"":50,""fieldLabel"":""Valid From""},{""isPii"":false,""dataType"":""date"",""fieldKey"":""valid_to"",""sortOrder"":60,""fieldLabel"":""Valid Until"",""validation"":{""message"":""Valid to must be on or after valid from"",""afterField"":""valid_from""},""alertDaysBefore"":30},{""isPii"":false,""dataType"":""text"",""fieldKey"":""holder_name"",""isPrinted"":false,""sortOrder"":70,""fieldLabel"":""Holder Name""},{""isPii"":false,""dataType"":""number"",""fieldKey"":""alert_days_before"",""isPrinted"":false,""sortOrder"":80,""fieldLabel"":""Alert Me Before (days)"",""validation"":{""max"":365,""min"":0,""example"":""15"",""message"":""Enter between 0 and 365 days""}},{""isPii"":true,""dataType"":""longtext"",""fieldKey"":""notes"",""isPrinted"":false,""sortOrder"":90,""fieldLabel"":""Notes"",""validation"":{""maxLength"":5000}},{""isPii"":false,""dataType"":""longtext"",""fieldKey"":""custom_fields"",""isPrinted"":false,""sortOrder"":100,""fieldLabel"":""Additional Details"",""validation"":{""maxLength"":5000}}]","document_title,issue_date","document_title,reference_number,issuing_authority,issue_date,valid_from,valid_to,holder_name,alert_days_before,notes,custom_fields","document_title,reference_number,issuing_authority,issue_date,valid_from,valid_to"
Business,108,Human Resources,biz_hr,Employee Offer Letters,offer_letters,true,ec9049c6-9d5d-4a23-a3cb-69ea14b0b705,03f1e8d4-ea92-450c-b388-af951ac7d78a,true,2026-09-04T18:08:43.456Z,2026-09-18T17:42:19.155Z,"reference_number,amount,notes","[{""isPii"":false,""dataType"":""text"",""fieldKey"":""document_title"",""sortOrder"":10,""fieldLabel"":""Document Title"",""isRequired"":true},{""isPii"":true,""dataType"":""text"",""fieldKey"":""reference_number"",""sortOrder"":20,""fieldLabel"":""Offer Reference Number"",""isIdentifier"":true},{""isPii"":false,""dataType"":""text"",""fieldKey"":""issuing_authority"",""sortOrder"":30,""fieldLabel"":""Issued By""},{""isPii"":false,""dataType"":""date"",""fieldKey"":""issue_date"",""sortOrder"":40,""fieldLabel"":""Document Date"",""isRequired"":true,""validation"":{""message"":""An issue date cannot be in the future"",""notFuture"":true}},{""isPii"":false,""dataType"":""date"",""fieldKey"":""valid_from"",""sortOrder"":50,""fieldLabel"":""Valid From""},{""isPii"":false,""dataType"":""date"",""fieldKey"":""valid_to"",""sortOrder"":60,""fieldLabel"":""Valid Until"",""validation"":{""message"":""Valid to must be on or after valid from"",""afterField"":""valid_from""},""alertDaysBefore"":30},{""isPii"":false,""dataType"":""text"",""fieldKey"":""period"",""sortOrder"":70,""fieldLabel"":""Period / Assessment Year""},{""isPii"":true,""dataType"":""currency"",""fieldKey"":""amount"",""sortOrder"":80,""fieldLabel"":""Amount"",""validation"":{""min"":0}},{""isPii"":false,""dataType"":""text"",""fieldKey"":""holder_name"",""isPrinted"":false,""sortOrder"":90,""fieldLabel"":""Holder Name""},{""isPii"":false,""dataType"":""number"",""fieldKey"":""alert_days_before"",""isPrinted"":false,""sortOrder"":100,""fieldLabel"":""Alert Me Before (days)"",""validation"":{""max"":365,""min"":0,""example"":""15"",""message"":""Enter between 0 and 365 days""}},{""isPii"":true,""dataType"":""longtext"",""fieldKey"":""notes"",""isPrinted"":false,""sortOrder"":110,""fieldLabel"":""Notes"",""validation"":{""maxLength"":5000}},{""isPii"":false,""dataType"":""longtext"",""fieldKey"":""custom_fields"",""isPrinted"":false,""sortOrder"":120,""fieldLabel"":""Additional Details"",""validation"":{""maxLength"":5000}}]","document_title,issue_date","document_title,reference_number,issuing_authority,issue_date,valid_from,valid_to,period,amount,holder_name,alert_days_before,notes,custom_fields","document_title,reference_number,issuing_authority,issue_date,valid_from,valid_to,period,amount"
Business,108,Human Resources,biz_hr,Appointment Letters,appointment_letters,true,a1cb0d82-fde1-4041-bfe5-4f8ca8040f8e,0e5afa4a-334d-4ef6-82b3-9b0d339a5c2b,true,2026-09-04T18:08:43.456Z,2026-09-18T17:42:19.155Z,"reference_number,amount,notes","[{""isPii"":false,""dataType"":""text"",""fieldKey"":""document_title"",""sortOrder"":10,""fieldLabel"":""Document Title"",""isRequired"":true},{""isPii"":true,""dataType"":""text"",""fieldKey"":""reference_number"",""sortOrder"":20,""fieldLabel"":""Letter Reference Number"",""isIdentifier"":true},{""isPii"":false,""dataType"":""text"",""fieldKey"":""issuing_authority"",""sortOrder"":30,""fieldLabel"":""Issued By""},{""isPii"":false,""dataType"":""date"",""fieldKey"":""issue_date"",""sortOrder"":40,""fieldLabel"":""Document Date"",""isRequired"":true,""validation"":{""message"":""An issue date cannot be in the future"",""notFuture"":true}},{""isPii"":false,""dataType"":""date"",""fieldKey"":""valid_from"",""sortOrder"":50,""fieldLabel"":""Valid From""},{""isPii"":false,""dataType"":""date"",""fieldKey"":""valid_to"",""sortOrder"":60,""fieldLabel"":""Valid Until"",""validation"":{""message"":""Valid to must be on or after valid from"",""afterField"":""valid_from""},""alertDaysBefore"":30},{""isPii"":false,""dataType"":""text"",""fieldKey"":""period"",""sortOrder"":70,""fieldLabel"":""Period / Assessment Year""},{""isPii"":true,""dataType"":""currency"",""fieldKey"":""amount"",""sortOrder"":80,""fieldLabel"":""Amount"",""validation"":{""min"":0}},{""isPii"":false,""dataType"":""text"",""fieldKey"":""holder_name"",""isPrinted"":false,""sortOrder"":90,""fieldLabel"":""Holder Name""},{""isPii"":false,""dataType"":""number"",""fieldKey"":""alert_days_before"",""isPrinted"":false,""sortOrder"":100,""fieldLabel"":""Alert Me Before (days)"",""validation"":{""max"":365,""min"":0,""example"":""15"",""message"":""Enter between 0 and 365 days""}},{""isPii"":true,""dataType"":""longtext"",""fieldKey"":""notes"",""isPrinted"":false,""sortOrder"":110,""fieldLabel"":""Notes"",""validation"":{""maxLength"":5000}},{""isPii"":false,""dataType"":""longtext"",""fieldKey"":""custom_fields"",""isPrinted"":false,""sortOrder"":120,""fieldLabel"":""Additional Details"",""validation"":{""maxLength"":5000}}]","document_title,issue_date","document_title,reference_number,issuing_authority,issue_date,valid_from,valid_to,period,amount,holder_name,alert_days_before,notes,custom_fields","document_title,reference_number,issuing_authority,issue_date,valid_from,valid_to,period,amount"
Business,108,Human Resources,biz_hr,Employment Contracts,employment_contracts,true,49880e20-affa-402d-a3fc-03509cd16d52,7f5bd90a-80e2-4892-a35e-b82c0b90e6aa,true,2026-09-04T18:08:43.456Z,2026-09-18T17:42:19.155Z,"contract_number,reference_number,amount,notes","[{""isPii"":false,""dataType"":""text"",""fieldKey"":""document_title"",""sortOrder"":10,""fieldLabel"":""Document Title"",""isRequired"":true},{""isPii"":true,""dataType"":""text"",""fieldKey"":""contract_number"",""sortOrder"":20,""fieldLabel"":""Contract Number"",""isIdentifier"":true},{""isPii"":true,""dataType"":""text"",""fieldKey"":""reference_number"",""sortOrder"":30,""fieldLabel"":""Reference Number"",""isIdentifier"":true},{""isPii"":false,""dataType"":""text"",""fieldKey"":""issuing_authority"",""sortOrder"":40,""fieldLabel"":""Issued By""},{""isPii"":false,""dataType"":""date"",""fieldKey"":""issue_date"",""sortOrder"":50,""fieldLabel"":""Document Date"",""isRequired"":true,""validation"":{""message"":""An issue date cannot be in the future"",""notFuture"":true}},{""isPii"":false,""dataType"":""date"",""fieldKey"":""valid_from"",""sortOrder"":60,""fieldLabel"":""Valid From""},{""isPii"":false,""dataType"":""date"",""fieldKey"":""valid_to"",""sortOrder"":70,""fieldLabel"":""Valid Until"",""validation"":{""message"":""Valid to must be on or after valid from"",""afterField"":""valid_from""},""alertDaysBefore"":30},{""isPii"":false,""dataType"":""text"",""fieldKey"":""period"",""sortOrder"":80,""fieldLabel"":""Period / Assessment Year""},{""isPii"":true,""dataType"":""currency"",""fieldKey"":""amount"",""sortOrder"":90,""fieldLabel"":""Amount"",""validation"":{""min"":0}},{""isPii"":false,""dataType"":""text"",""fieldKey"":""holder_name"",""isPrinted"":false,""sortOrder"":100,""fieldLabel"":""Holder Name""},{""isPii"":false,""dataType"":""number"",""fieldKey"":""alert_days_before"",""isPrinted"":false,""sortOrder"":110,""fieldLabel"":""Alert Me Before (days)"",""validation"":{""max"":365,""min"":0,""example"":""15"",""message"":""Enter between 0 and 365 days""}},{""isPii"":true,""dataType"":""longtext"",""fieldKey"":""notes"",""isPrinted"":false,""sortOrder"":120,""fieldLabel"":""Notes"",""validation"":{""maxLength"":5000}},{""isPii"":false,""dataType"":""longtext"",""fieldKey"":""custom_fields"",""isPrinted"":false,""sortOrder"":130,""fieldLabel"":""Additional Details"",""validation"":{""maxLength"":5000}}]","document_title,issue_date","document_title,contract_number,reference_number,issuing_authority,issue_date,valid_from,valid_to,period,amount,holder_name,alert_days_before,notes,custom_fields","document_title,contract_number,reference_number,issuing_authority,issue_date,valid_from,valid_to,period,amount"
Business,108,Human Resources,biz_hr,HR Policy Documents,hr_policy_documents,true,7be97e2a-d9cf-42c9-955e-283da0f4655b,c8e461c3-0c46-447a-ae46-a0a68f4f16a9,true,2026-09-04T18:08:43.456Z,2026-09-18T17:42:19.155Z,"reference_number,amount,notes","[{""isPii"":false,""dataType"":""text"",""fieldKey"":""document_title"",""sortOrder"":10,""fieldLabel"":""Document Title"",""isRequired"":true},{""isPii"":true,""dataType"":""text"",""fieldKey"":""reference_number"",""sortOrder"":20,""fieldLabel"":""Policy Document Number"",""isIdentifier"":true},{""isPii"":false,""dataType"":""text"",""fieldKey"":""issuing_authority"",""sortOrder"":30,""fieldLabel"":""Issued By""},{""isPii"":false,""dataType"":""date"",""fieldKey"":""issue_date"",""sortOrder"":40,""fieldLabel"":""Document Date"",""isRequired"":true,""validation"":{""message"":""An issue date cannot be in the future"",""notFuture"":true}},{""isPii"":false,""dataType"":""date"",""fieldKey"":""valid_from"",""sortOrder"":50,""fieldLabel"":""Valid From""},{""isPii"":false,""dataType"":""date"",""fieldKey"":""valid_to"",""sortOrder"":60,""fieldLabel"":""Valid Until"",""validation"":{""message"":""Valid to must be on or after valid from"",""afterField"":""valid_from""},""alertDaysBefore"":30},{""isPii"":false,""dataType"":""text"",""fieldKey"":""period"",""sortOrder"":70,""fieldLabel"":""Period / Assessment Year""},{""isPii"":true,""dataType"":""currency"",""fieldKey"":""amount"",""sortOrder"":80,""fieldLabel"":""Amount"",""validation"":{""min"":0}},{""isPii"":false,""dataType"":""text"",""fieldKey"":""holder_name"",""isPrinted"":false,""sortOrder"":90,""fieldLabel"":""Holder Name""},{""isPii"":false,""dataType"":""number"",""fieldKey"":""alert_days_before"",""isPrinted"":false,""sortOrder"":100,""fieldLabel"":""Alert Me Before (days)"",""validation"":{""max"":365,""min"":0,""example"":""15"",""message"":""Enter between 0 and 365 days""}},{""isPii"":true,""dataType"":""longtext"",""fieldKey"":""notes"",""isPrinted"":false,""sortOrder"":110,""fieldLabel"":""Notes"",""validation"":{""maxLength"":5000}},{""isPii"":false,""dataType"":""longtext"",""fieldKey"":""custom_fields"",""isPrinted"":false,""sortOrder"":120,""fieldLabel"":""Additional Details"",""validation"":{""maxLength"":5000}}]","document_title,issue_date","document_title,reference_number,issuing_authority,issue_date,valid_from,valid_to,period,amount,holder_name,alert_days_before,notes,custom_fields","document_title,reference_number,issuing_authority,issue_date,valid_from,valid_to,period,amount"
Business,108,Human Resources,biz_hr,Payroll Records,payroll_records,true,3ba9a408-5095-4478-8927-bcb45514af6b,68e30e6c-527c-4e15-b9f1-00eaf8ead5c9,true,2026-09-04T18:08:43.456Z,2026-09-18T17:42:19.155Z,"reference_number,amount,notes","[{""isPii"":false,""dataType"":""text"",""fieldKey"":""document_title"",""sortOrder"":10,""fieldLabel"":""Document Title"",""isRequired"":true},{""isPii"":true,""dataType"":""text"",""fieldKey"":""reference_number"",""sortOrder"":20,""fieldLabel"":""Payroll Reference Number"",""isIdentifier"":true},{""isPii"":false,""dataType"":""text"",""fieldKey"":""issuing_authority"",""sortOrder"":30,""fieldLabel"":""Issued By""},{""isPii"":false,""dataType"":""date"",""fieldKey"":""issue_date"",""sortOrder"":40,""fieldLabel"":""Document Date"",""isRequired"":true,""validation"":{""message"":""An issue date cannot be in the future"",""notFuture"":true}},{""isPii"":false,""dataType"":""date"",""fieldKey"":""valid_from"",""sortOrder"":50,""fieldLabel"":""Valid From""},{""isPii"":false,""dataType"":""date"",""fieldKey"":""valid_to"",""sortOrder"":60,""fieldLabel"":""Valid Until"",""validation"":{""message"":""Valid to must be on or after valid from"",""afterField"":""valid_from""},""alertDaysBefore"":30},{""isPii"":false,""dataType"":""text"",""fieldKey"":""period"",""sortOrder"":70,""fieldLabel"":""Period / Assessment Year""},{""isPii"":true,""dataType"":""currency"",""fieldKey"":""amount"",""sortOrder"":80,""fieldLabel"":""Amount"",""validation"":{""min"":0}},{""isPii"":false,""dataType"":""text"",""fieldKey"":""holder_name"",""isPrinted"":false,""sortOrder"":90,""fieldLabel"":""Holder Name""},{""isPii"":false,""dataType"":""number"",""fieldKey"":""alert_days_before"",""isPrinted"":false,""sortOrder"":100,""fieldLabel"":""Alert Me Before (days)"",""validation"":{""max"":365,""min"":0,""example"":""15"",""message"":""Enter between 0 and 365 days""}},{""isPii"":true,""dataType"":""longtext"",""fieldKey"":""notes"",""isPrinted"":false,""sortOrder"":110,""fieldLabel"":""Notes"",""validation"":{""maxLength"":5000}},{""isPii"":false,""dataType"":""longtext"",""fieldKey"":""custom_fields"",""isPrinted"":false,""sortOrder"":120,""fieldLabel"":""Additional Details"",""validation"":{""maxLength"":5000}}]","document_title,issue_date","document_title,reference_number,issuing_authority,issue_date,valid_from,valid_to,period,amount,holder_name,alert_days_before,notes,custom_fields","document_title,reference_number,issuing_authority,issue_date,valid_from,valid_to,period,amount"
Business,108,Human Resources,biz_hr,PF / ESI Employee Records,pf_esi_employee_records,true,0f16a7c1-8182-4f0a-b909-a973a8f49352,cb445a1e-1cae-44e9-b576-b6e3bcedf719,true,2026-09-04T18:08:43.456Z,2026-09-18T17:42:19.155Z,"uan_number,reference_number,amount,notes","[{""isPii"":false,""dataType"":""text"",""fieldKey"":""document_title"",""sortOrder"":10,""fieldLabel"":""Document Title"",""isRequired"":true},{""isPii"":true,""dataType"":""text"",""fieldKey"":""uan_number"",""sortOrder"":20,""fieldLabel"":""UAN"",""validation"":{""message"":""UAN is 12 digits"",""pattern"":""^[0-9]{12}$"",""maxLength"":12},""isIdentifier"":true},{""isPii"":true,""dataType"":""text"",""fieldKey"":""reference_number"",""sortOrder"":30,""fieldLabel"":""Reference Number"",""isIdentifier"":true},{""isPii"":false,""dataType"":""text"",""fieldKey"":""issuing_authority"",""sortOrder"":40,""fieldLabel"":""Issued By""},{""isPii"":false,""dataType"":""date"",""fieldKey"":""issue_date"",""sortOrder"":50,""fieldLabel"":""Document Date"",""isRequired"":true,""validation"":{""message"":""An issue date cannot be in the future"",""notFuture"":true}},{""isPii"":false,""dataType"":""date"",""fieldKey"":""valid_from"",""sortOrder"":60,""fieldLabel"":""Valid From""},{""isPii"":false,""dataType"":""date"",""fieldKey"":""valid_to"",""sortOrder"":70,""fieldLabel"":""Valid Until"",""validation"":{""message"":""Valid to must be on or after valid from"",""afterField"":""valid_from""},""alertDaysBefore"":30},{""isPii"":false,""dataType"":""text"",""fieldKey"":""period"",""sortOrder"":80,""fieldLabel"":""Period / Assessment Year""},{""isPii"":true,""dataType"":""currency"",""fieldKey"":""amount"",""sortOrder"":90,""fieldLabel"":""Amount"",""validation"":{""min"":0}},{""isPii"":false,""dataType"":""text"",""fieldKey"":""holder_name"",""isPrinted"":false,""sortOrder"":100,""fieldLabel"":""Holder Name""},{""isPii"":false,""dataType"":""number"",""fieldKey"":""alert_days_before"",""isPrinted"":false,""sortOrder"":110,""fieldLabel"":""Alert Me Before (days)"",""validation"":{""max"":365,""min"":0,""example"":""15"",""message"":""Enter between 0 and 365 days""}},{""isPii"":true,""dataType"":""longtext"",""fieldKey"":""notes"",""isPrinted"":false,""sortOrder"":120,""fieldLabel"":""Notes"",""validation"":{""maxLength"":5000}},{""isPii"":false,""dataType"":""longtext"",""fieldKey"":""custom_fields"",""isPrinted"":false,""sortOrder"":130,""fieldLabel"":""Additional Details"",""validation"":{""maxLength"":5000}}]","document_title,issue_date","document_title,uan_number,reference_number,issuing_authority,issue_date,valid_from,valid_to,period,amount,holder_name,alert_days_before,notes,custom_fields","document_title,uan_number,reference_number,issuing_authority,issue_date,valid_from,valid_to,period,amount"
Business,108,Human Resources,biz_hr,Performance Appraisal Records,performance_appraisals,true,f5ab6e68-26da-4de1-8a53-9ed4adc19c17,952f7024-1ac3-4542-ab76-1617fc908185,true,2026-09-04T18:08:43.456Z,2026-09-18T17:42:19.155Z,"reference_number,amount,notes","[{""isPii"":false,""dataType"":""text"",""fieldKey"":""document_title"",""sortOrder"":10,""fieldLabel"":""Document Title"",""isRequired"":true},{""isPii"":true,""dataType"":""text"",""fieldKey"":""reference_number"",""sortOrder"":20,""fieldLabel"":""Appraisal Reference Number"",""isIdentifier"":true},{""isPii"":false,""dataType"":""text"",""fieldKey"":""issuing_authority"",""sortOrder"":30,""fieldLabel"":""Issued By""},{""isPii"":false,""dataType"":""date"",""fieldKey"":""issue_date"",""sortOrder"":40,""fieldLabel"":""Document Date"",""isRequired"":true,""validation"":{""message"":""An issue date cannot be in the future"",""notFuture"":true}},{""isPii"":false,""dataType"":""date"",""fieldKey"":""valid_from"",""sortOrder"":50,""fieldLabel"":""Valid From""},{""isPii"":false,""dataType"":""date"",""fieldKey"":""valid_to"",""sortOrder"":60,""fieldLabel"":""Valid Until"",""validation"":{""message"":""Valid to must be on or after valid from"",""afterField"":""valid_from""},""alertDaysBefore"":30},{""isPii"":false,""dataType"":""text"",""fieldKey"":""period"",""sortOrder"":70,""fieldLabel"":""Period / Assessment Year""},{""isPii"":true,""dataType"":""currency"",""fieldKey"":""amount"",""sortOrder"":80,""fieldLabel"":""Amount"",""validation"":{""min"":0}},{""isPii"":false,""dataType"":""text"",""fieldKey"":""holder_name"",""isPrinted"":false,""sortOrder"":90,""fieldLabel"":""Holder Name""},{""isPii"":false,""dataType"":""number"",""fieldKey"":""alert_days_before"",""isPrinted"":false,""sortOrder"":100,""fieldLabel"":""Alert Me Before (days)"",""validation"":{""max"":365,""min"":0,""example"":""15"",""message"":""Enter between 0 and 365 days""}},{""isPii"":true,""dataType"":""longtext"",""fieldKey"":""notes"",""isPrinted"":false,""sortOrder"":110,""fieldLabel"":""Notes"",""validation"":{""maxLength"":5000}},{""isPii"":false,""dataType"":""longtext"",""fieldKey"":""custom_fields"",""isPrinted"":false,""sortOrder"":120,""fieldLabel"":""Additional Details"",""validation"":{""maxLength"":5000}}]","document_title,issue_date","document_title,reference_number,issuing_authority,issue_date,valid_from,valid_to,period,amount,holder_name,alert_days_before,notes,custom_fields","document_title,reference_number,issuing_authority,issue_date,valid_from,valid_to,period,amount"
Business,109,Intellectual Property,biz_ip,Trademark Registration,trademark_registration,true,dc9ad410-bd49-45f1-9bc7-b00d46ab2da9,fa266572-255a-44da-86b4-f4ec8e86a342,true,2026-09-04T18:08:43.456Z,2026-09-18T17:42:19.155Z,"application_number,reference_number,notes","[{""isPii"":false,""dataType"":""text"",""fieldKey"":""document_title"",""sortOrder"":10,""fieldLabel"":""Document Title"",""isRequired"":true},{""isPii"":true,""dataType"":""text"",""fieldKey"":""application_number"",""sortOrder"":20,""fieldLabel"":""Trademark Application Number"",""isIdentifier"":true},{""isPii"":true,""dataType"":""text"",""fieldKey"":""reference_number"",""sortOrder"":30,""fieldLabel"":""Reference Number"",""isIdentifier"":true},{""isPii"":false,""dataType"":""text"",""fieldKey"":""issuing_authority"",""sortOrder"":40,""fieldLabel"":""Issued By""},{""isPii"":false,""dataType"":""date"",""fieldKey"":""issue_date"",""sortOrder"":50,""fieldLabel"":""Document Date"",""isRequired"":true,""validation"":{""message"":""An issue date cannot be in the future"",""notFuture"":true}},{""isPii"":false,""dataType"":""date"",""fieldKey"":""valid_from"",""sortOrder"":60,""fieldLabel"":""Valid From""},{""isPii"":false,""dataType"":""date"",""fieldKey"":""valid_to"",""sortOrder"":70,""fieldLabel"":""Valid Until"",""validation"":{""message"":""Valid to must be on or after valid from"",""afterField"":""valid_from""},""alertDaysBefore"":30},{""isPii"":false,""dataType"":""text"",""fieldKey"":""holder_name"",""isPrinted"":false,""sortOrder"":80,""fieldLabel"":""Holder Name""},{""isPii"":false,""dataType"":""number"",""fieldKey"":""alert_days_before"",""isPrinted"":false,""sortOrder"":90,""fieldLabel"":""Alert Me Before (days)"",""validation"":{""max"":365,""min"":0,""example"":""15"",""message"":""Enter between 0 and 365 days""}},{""isPii"":true,""dataType"":""longtext"",""fieldKey"":""notes"",""isPrinted"":false,""sortOrder"":100,""fieldLabel"":""Notes"",""validation"":{""maxLength"":5000}},{""isPii"":false,""dataType"":""longtext"",""fieldKey"":""custom_fields"",""isPrinted"":false,""sortOrder"":110,""fieldLabel"":""Additional Details"",""validation"":{""maxLength"":5000}}]","document_title,issue_date","document_title,application_number,reference_number,issuing_authority,issue_date,valid_from,valid_to,holder_name,alert_days_before,notes,custom_fields","document_title,application_number,reference_number,issuing_authority,issue_date,valid_from,valid_to"
Business,109,Intellectual Property,biz_ip,Patent Certificates,patent_certificates,true,565527ea-46c3-429d-8cff-d812a1b9bfb3,f44b607d-b807-4d29-9bd5-e8f4d0e63a38,true,2026-09-04T18:08:43.456Z,2026-09-18T17:42:19.155Z,"application_number,reference_number,notes","[{""isPii"":false,""dataType"":""text"",""fieldKey"":""document_title"",""sortOrder"":10,""fieldLabel"":""Document Title"",""isRequired"":true},{""isPii"":true,""dataType"":""text"",""fieldKey"":""application_number"",""sortOrder"":20,""fieldLabel"":""Patent Application Number"",""isIdentifier"":true},{""isPii"":true,""dataType"":""text"",""fieldKey"":""reference_number"",""sortOrder"":30,""fieldLabel"":""Reference Number"",""isIdentifier"":true},{""isPii"":false,""dataType"":""text"",""fieldKey"":""issuing_authority"",""sortOrder"":40,""fieldLabel"":""Issued By""},{""isPii"":false,""dataType"":""date"",""fieldKey"":""issue_date"",""sortOrder"":50,""fieldLabel"":""Document Date"",""isRequired"":true,""validation"":{""message"":""An issue date cannot be in the future"",""notFuture"":true}},{""isPii"":false,""dataType"":""date"",""fieldKey"":""valid_from"",""sortOrder"":60,""fieldLabel"":""Valid From""},{""isPii"":false,""dataType"":""date"",""fieldKey"":""valid_to"",""sortOrder"":70,""fieldLabel"":""Valid Until"",""validation"":{""message"":""Valid to must be on or after valid from"",""afterField"":""valid_from""},""alertDaysBefore"":30},{""isPii"":false,""dataType"":""text"",""fieldKey"":""holder_name"",""isPrinted"":false,""sortOrder"":80,""fieldLabel"":""Holder Name""},{""isPii"":false,""dataType"":""number"",""fieldKey"":""alert_days_before"",""isPrinted"":false,""sortOrder"":90,""fieldLabel"":""Alert Me Before (days)"",""validation"":{""max"":365,""min"":0,""example"":""15"",""message"":""Enter between 0 and 365 days""}},{""isPii"":true,""dataType"":""longtext"",""fieldKey"":""notes"",""isPrinted"":false,""sortOrder"":100,""fieldLabel"":""Notes"",""validation"":{""maxLength"":5000}},{""isPii"":false,""dataType"":""longtext"",""fieldKey"":""custom_fields"",""isPrinted"":false,""sortOrder"":110,""fieldLabel"":""Additional Details"",""validation"":{""maxLength"":5000}}]","document_title,issue_date","document_title,application_number,reference_number,issuing_authority,issue_date,valid_from,valid_to,holder_name,alert_days_before,notes,custom_fields","document_title,application_number,reference_number,issuing_authority,issue_date,valid_from,valid_to"
Business,109,Intellectual Property,biz_ip,Copyright Registration,copyright_registration,true,0163ac0d-96af-4c3d-ae3f-0820fcd9f678,a01a7d2d-1c7a-46ed-8d89-9d94c663abe2,true,2026-09-04T18:08:43.456Z,2026-09-18T17:42:19.155Z,"registration_number,reference_number,notes","[{""isPii"":false,""dataType"":""text"",""fieldKey"":""document_title"",""sortOrder"":10,""fieldLabel"":""Document Title"",""isRequired"":true},{""isPii"":true,""dataType"":""text"",""fieldKey"":""registration_number"",""sortOrder"":20,""fieldLabel"":""Copyright Registration Number"",""validation"":{""message"":""Enter the number as printed on the document"",""pattern"":""^[A-Za-z0-9][A-Za-z0-9 -]{3,24}$""},""isIdentifier"":true},{""isPii"":true,""dataType"":""text"",""fieldKey"":""reference_number"",""sortOrder"":30,""fieldLabel"":""Reference Number"",""isIdentifier"":true},{""isPii"":false,""dataType"":""text"",""fieldKey"":""issuing_authority"",""sortOrder"":40,""fieldLabel"":""Issued By""},{""isPii"":false,""dataType"":""date"",""fieldKey"":""issue_date"",""sortOrder"":50,""fieldLabel"":""Document Date"",""isRequired"":true,""validation"":{""message"":""An issue date cannot be in the future"",""notFuture"":true}},{""isPii"":false,""dataType"":""date"",""fieldKey"":""valid_from"",""sortOrder"":60,""fieldLabel"":""Valid From""},{""isPii"":false,""dataType"":""date"",""fieldKey"":""valid_to"",""sortOrder"":70,""fieldLabel"":""Valid Until"",""validation"":{""message"":""Valid to must be on or after valid from"",""afterField"":""valid_from""},""alertDaysBefore"":30},{""isPii"":false,""dataType"":""text"",""fieldKey"":""holder_name"",""isPrinted"":false,""sortOrder"":80,""fieldLabel"":""Holder Name""},{""isPii"":false,""dataType"":""number"",""fieldKey"":""alert_days_before"",""isPrinted"":false,""sortOrder"":90,""fieldLabel"":""Alert Me Before (days)"",""validation"":{""max"":365,""min"":0,""example"":""15"",""message"":""Enter between 0 and 365 days""}},{""isPii"":true,""dataType"":""longtext"",""fieldKey"":""notes"",""isPrinted"":false,""sortOrder"":100,""fieldLabel"":""Notes"",""validation"":{""maxLength"":5000}},{""isPii"":false,""dataType"":""longtext"",""fieldKey"":""custom_fields"",""isPrinted"":false,""sortOrder"":110,""fieldLabel"":""Additional Details"",""validation"":{""maxLength"":5000}}]","document_title,issue_date","document_title,registration_number,reference_number,issuing_authority,issue_date,valid_from,valid_to,holder_name,alert_days_before,notes,custom_fields","document_title,registration_number,reference_number,issuing_authority,issue_date,valid_from,valid_to"
Business,109,Intellectual Property,biz_ip,Trade Secret Documentation,trade_secret_documentation,true,be7e3f4f-22b2-4a1c-9993-0447698b1d18,51dfd9fb-75f6-4c3a-9104-88b993981388,true,2026-09-04T18:08:43.456Z,2026-09-18T17:42:19.155Z,"reference_number,notes","[{""isPii"":false,""dataType"":""text"",""fieldKey"":""document_title"",""sortOrder"":10,""fieldLabel"":""Document Title"",""isRequired"":true},{""isPii"":true,""dataType"":""text"",""fieldKey"":""reference_number"",""sortOrder"":20,""fieldLabel"":""Reference Number"",""isIdentifier"":true},{""isPii"":false,""dataType"":""text"",""fieldKey"":""issuing_authority"",""sortOrder"":30,""fieldLabel"":""Issued By""},{""isPii"":false,""dataType"":""date"",""fieldKey"":""issue_date"",""sortOrder"":40,""fieldLabel"":""Document Date"",""isRequired"":true,""validation"":{""message"":""An issue date cannot be in the future"",""notFuture"":true}},{""isPii"":false,""dataType"":""date"",""fieldKey"":""valid_from"",""sortOrder"":50,""fieldLabel"":""Valid From""},{""isPii"":false,""dataType"":""date"",""fieldKey"":""valid_to"",""sortOrder"":60,""fieldLabel"":""Valid Until"",""validation"":{""message"":""Valid to must be on or after valid from"",""afterField"":""valid_from""},""alertDaysBefore"":30},{""isPii"":false,""dataType"":""text"",""fieldKey"":""holder_name"",""isPrinted"":false,""sortOrder"":70,""fieldLabel"":""Holder Name""},{""isPii"":false,""dataType"":""number"",""fieldKey"":""alert_days_before"",""isPrinted"":false,""sortOrder"":80,""fieldLabel"":""Alert Me Before (days)"",""validation"":{""max"":365,""min"":0,""example"":""15"",""message"":""Enter between 0 and 365 days""}},{""isPii"":true,""dataType"":""longtext"",""fieldKey"":""notes"",""isPrinted"":false,""sortOrder"":90,""fieldLabel"":""Notes"",""validation"":{""maxLength"":5000}},{""isPii"":false,""dataType"":""longtext"",""fieldKey"":""custom_fields"",""isPrinted"":false,""sortOrder"":100,""fieldLabel"":""Additional Details"",""validation"":{""maxLength"":5000}}]","document_title,issue_date","document_title,reference_number,issuing_authority,issue_date,valid_from,valid_to,holder_name,alert_days_before,notes,custom_fields","document_title,reference_number,issuing_authority,issue_date,valid_from,valid_to"
Business,109,Intellectual Property,biz_ip,Domain / Brand Ownership Records,domain_brand_ownership,true,101bce55-9a0a-4181-aae6-cd9538ad896a,232c7480-1856-4519-9557-53d40868241d,true,2026-09-04T18:08:43.456Z,2026-09-18T17:42:19.155Z,"reference_number,notes","[{""isPii"":false,""dataType"":""text"",""fieldKey"":""document_title"",""sortOrder"":10,""fieldLabel"":""Document Title"",""isRequired"":true},{""isPii"":true,""dataType"":""text"",""fieldKey"":""reference_number"",""sortOrder"":20,""fieldLabel"":""Registrar Reference Number"",""isIdentifier"":true},{""isPii"":false,""dataType"":""text"",""fieldKey"":""issuing_authority"",""sortOrder"":30,""fieldLabel"":""Issued By""},{""isPii"":false,""dataType"":""date"",""fieldKey"":""issue_date"",""sortOrder"":40,""fieldLabel"":""Document Date"",""isRequired"":true,""validation"":{""message"":""An issue date cannot be in the future"",""notFuture"":true}},{""isPii"":false,""dataType"":""date"",""fieldKey"":""valid_from"",""sortOrder"":50,""fieldLabel"":""Valid From""},{""isPii"":false,""dataType"":""date"",""fieldKey"":""valid_to"",""sortOrder"":60,""fieldLabel"":""Valid Until"",""validation"":{""message"":""Valid to must be on or after valid from"",""afterField"":""valid_from""},""alertDaysBefore"":30},{""isPii"":false,""dataType"":""text"",""fieldKey"":""holder_name"",""isPrinted"":false,""sortOrder"":70,""fieldLabel"":""Holder Name""},{""isPii"":false,""dataType"":""number"",""fieldKey"":""alert_days_before"",""isPrinted"":false,""sortOrder"":80,""fieldLabel"":""Alert Me Before (days)"",""validation"":{""max"":365,""min"":0,""example"":""15"",""message"":""Enter between 0 and 365 days""}},{""isPii"":true,""dataType"":""longtext"",""fieldKey"":""notes"",""isPrinted"":false,""sortOrder"":90,""fieldLabel"":""Notes"",""validation"":{""maxLength"":5000}},{""isPii"":false,""dataType"":""longtext"",""fieldKey"":""custom_fields"",""isPrinted"":false,""sortOrder"":100,""fieldLabel"":""Additional Details"",""validation"":{""maxLength"":5000}}]","document_title,issue_date","document_title,reference_number,issuing_authority,issue_date,valid_from,valid_to,holder_name,alert_days_before,notes,custom_fields","document_title,reference_number,issuing_authority,issue_date,valid_from,valid_to"
Business,110,Insurance,biz_insurance,Business / Property Insurance,business_property_insurance,true,c46f69a0-783a-4614-b9a7-581093505c6e,c9cea113-9dc8-4bf8-a423-903490fb5ce4,true,2026-09-04T18:08:43.456Z,2026-09-18T17:42:19.155Z,"policy_number,reference_number,amount,notes","[{""isPii"":false,""dataType"":""text"",""fieldKey"":""document_title"",""sortOrder"":10,""fieldLabel"":""Document Title"",""isRequired"":true},{""isPii"":true,""dataType"":""text"",""fieldKey"":""policy_number"",""sortOrder"":20,""fieldLabel"":""Policy Number"",""isIdentifier"":true},{""isPii"":true,""dataType"":""text"",""fieldKey"":""reference_number"",""sortOrder"":30,""fieldLabel"":""Reference Number"",""isIdentifier"":true},{""isPii"":false,""dataType"":""text"",""fieldKey"":""issuing_authority"",""sortOrder"":40,""fieldLabel"":""Issued By""},{""isPii"":false,""dataType"":""date"",""fieldKey"":""issue_date"",""sortOrder"":50,""fieldLabel"":""Document Date"",""isRequired"":true,""validation"":{""message"":""An issue date cannot be in the future"",""notFuture"":true}},{""isPii"":false,""dataType"":""date"",""fieldKey"":""valid_from"",""sortOrder"":60,""fieldLabel"":""Valid From""},{""isPii"":false,""dataType"":""date"",""fieldKey"":""valid_to"",""sortOrder"":70,""fieldLabel"":""Valid Until"",""validation"":{""message"":""Valid to must be on or after valid from"",""afterField"":""valid_from""},""alertDaysBefore"":30},{""isPii"":false,""dataType"":""text"",""fieldKey"":""period"",""sortOrder"":80,""fieldLabel"":""Period / Assessment Year""},{""isPii"":true,""dataType"":""currency"",""fieldKey"":""amount"",""sortOrder"":90,""fieldLabel"":""Amount"",""validation"":{""min"":0}},{""isPii"":false,""dataType"":""text"",""fieldKey"":""holder_name"",""isPrinted"":false,""sortOrder"":100,""fieldLabel"":""Holder Name""},{""isPii"":false,""dataType"":""number"",""fieldKey"":""alert_days_before"",""isPrinted"":false,""sortOrder"":110,""fieldLabel"":""Alert Me Before (days)"",""validation"":{""max"":365,""min"":0,""example"":""15"",""message"":""Enter between 0 and 365 days""}},{""isPii"":true,""dataType"":""longtext"",""fieldKey"":""notes"",""isPrinted"":false,""sortOrder"":120,""fieldLabel"":""Notes"",""validation"":{""maxLength"":5000}},{""isPii"":false,""dataType"":""longtext"",""fieldKey"":""custom_fields"",""isPrinted"":false,""sortOrder"":130,""fieldLabel"":""Additional Details"",""validation"":{""maxLength"":5000}}]","document_title,issue_date","document_title,policy_number,reference_number,issuing_authority,issue_date,valid_from,valid_to,period,amount,holder_name,alert_days_before,notes,custom_fields","document_title,policy_number,reference_number,issuing_authority,issue_date,valid_from,valid_to,period,amount"
Business,110,Insurance,biz_insurance,Professional Indemnity Insurance,professional_indemnity,true,880fa1bd-b0b9-45e5-a123-16b2039cf05c,693b5d87-5713-43ef-94b7-e79ea602a7ee,true,2026-09-04T18:08:43.456Z,2026-09-18T17:42:19.155Z,"policy_number,reference_number,amount,notes","[{""isPii"":false,""dataType"":""text"",""fieldKey"":""document_title"",""sortOrder"":10,""fieldLabel"":""Document Title"",""isRequired"":true},{""isPii"":true,""dataType"":""text"",""fieldKey"":""policy_number"",""sortOrder"":20,""fieldLabel"":""Policy Number"",""isIdentifier"":true},{""isPii"":true,""dataType"":""text"",""fieldKey"":""reference_number"",""sortOrder"":30,""fieldLabel"":""Reference Number"",""isIdentifier"":true},{""isPii"":false,""dataType"":""text"",""fieldKey"":""issuing_authority"",""sortOrder"":40,""fieldLabel"":""Issued By""},{""isPii"":false,""dataType"":""date"",""fieldKey"":""issue_date"",""sortOrder"":50,""fieldLabel"":""Document Date"",""isRequired"":true,""validation"":{""message"":""An issue date cannot be in the future"",""notFuture"":true}},{""isPii"":false,""dataType"":""date"",""fieldKey"":""valid_from"",""sortOrder"":60,""fieldLabel"":""Valid From""},{""isPii"":false,""dataType"":""date"",""fieldKey"":""valid_to"",""sortOrder"":70,""fieldLabel"":""Valid Until"",""validation"":{""message"":""Valid to must be on or after valid from"",""afterField"":""valid_from""},""alertDaysBefore"":30},{""isPii"":false,""dataType"":""text"",""fieldKey"":""period"",""sortOrder"":80,""fieldLabel"":""Period / Assessment Year""},{""isPii"":true,""dataType"":""currency"",""fieldKey"":""amount"",""sortOrder"":90,""fieldLabel"":""Amount"",""validation"":{""min"":0}},{""isPii"":false,""dataType"":""text"",""fieldKey"":""holder_name"",""isPrinted"":false,""sortOrder"":100,""fieldLabel"":""Holder Name""},{""isPii"":false,""dataType"":""number"",""fieldKey"":""alert_days_before"",""isPrinted"":false,""sortOrder"":110,""fieldLabel"":""Alert Me Before (days)"",""validation"":{""max"":365,""min"":0,""example"":""15"",""message"":""Enter between 0 and 365 days""}},{""isPii"":true,""dataType"":""longtext"",""fieldKey"":""notes"",""isPrinted"":false,""sortOrder"":120,""fieldLabel"":""Notes"",""validation"":{""maxLength"":5000}},{""isPii"":false,""dataType"":""longtext"",""fieldKey"":""custom_fields"",""isPrinted"":false,""sortOrder"":130,""fieldLabel"":""Additional Details"",""validation"":{""maxLength"":5000}}]","document_title,issue_date","document_title,policy_number,reference_number,issuing_authority,issue_date,valid_from,valid_to,period,amount,holder_name,alert_days_before,notes,custom_fields","document_title,policy_number,reference_number,issuing_authority,issue_date,valid_from,valid_to,period,amount"
Business,110,Insurance,biz_insurance,Employee Group Insurance,employee_group_insurance,true,0ededce6-18e6-4a7b-8518-63bbc40aced4,2d0063ee-c1af-4fcc-9cce-bab786a5e219,true,2026-09-04T18:08:43.456Z,2026-09-18T17:42:19.155Z,"policy_number,reference_number,amount,notes","[{""isPii"":false,""dataType"":""text"",""fieldKey"":""document_title"",""sortOrder"":10,""fieldLabel"":""Document Title"",""isRequired"":true},{""isPii"":true,""dataType"":""text"",""fieldKey"":""policy_number"",""sortOrder"":20,""fieldLabel"":""Policy Number"",""isIdentifier"":true},{""isPii"":true,""dataType"":""text"",""fieldKey"":""reference_number"",""sortOrder"":30,""fieldLabel"":""Reference Number"",""isIdentifier"":true},{""isPii"":false,""dataType"":""text"",""fieldKey"":""issuing_authority"",""sortOrder"":40,""fieldLabel"":""Issued By""},{""isPii"":false,""dataType"":""date"",""fieldKey"":""issue_date"",""sortOrder"":50,""fieldLabel"":""Document Date"",""isRequired"":true,""validation"":{""message"":""An issue date cannot be in the future"",""notFuture"":true}},{""isPii"":false,""dataType"":""date"",""fieldKey"":""valid_from"",""sortOrder"":60,""fieldLabel"":""Valid From""},{""isPii"":false,""dataType"":""date"",""fieldKey"":""valid_to"",""sortOrder"":70,""fieldLabel"":""Valid Until"",""validation"":{""message"":""Valid to must be on or after valid from"",""afterField"":""valid_from""},""alertDaysBefore"":30},{""isPii"":false,""dataType"":""text"",""fieldKey"":""period"",""sortOrder"":80,""fieldLabel"":""Period / Assessment Year""},{""isPii"":true,""dataType"":""currency"",""fieldKey"":""amount"",""sortOrder"":90,""fieldLabel"":""Amount"",""validation"":{""min"":0}},{""isPii"":false,""dataType"":""text"",""fieldKey"":""holder_name"",""isPrinted"":false,""sortOrder"":100,""fieldLabel"":""Holder Name""},{""isPii"":false,""dataType"":""number"",""fieldKey"":""alert_days_before"",""isPrinted"":false,""sortOrder"":110,""fieldLabel"":""Alert Me Before (days)"",""validation"":{""max"":365,""min"":0,""example"":""15"",""message"":""Enter between 0 and 365 days""}},{""isPii"":true,""dataType"":""longtext"",""fieldKey"":""notes"",""isPrinted"":false,""sortOrder"":120,""fieldLabel"":""Notes"",""validation"":{""maxLength"":5000}},{""isPii"":false,""dataType"":""longtext"",""fieldKey"":""custom_fields"",""isPrinted"":false,""sortOrder"":130,""fieldLabel"":""Additional Details"",""validation"":{""maxLength"":5000}}]","document_title,issue_date","document_title,policy_number,reference_number,issuing_authority,issue_date,valid_from,valid_to,period,amount,holder_name,alert_days_before,notes,custom_fields","document_title,policy_number,reference_number,issuing_authority,issue_date,valid_from,valid_to,period,amount"
Business,110,Insurance,biz_insurance,Fire & Theft Insurance,fire_theft_insurance,true,5a03b3c7-5c11-4555-9983-c49886b488c7,c16cc458-a3f3-49fa-9cf7-4658dd06c601,true,2026-09-04T18:08:43.456Z,2026-09-18T17:42:19.155Z,"policy_number,reference_number,amount,notes","[{""isPii"":false,""dataType"":""text"",""fieldKey"":""document_title"",""sortOrder"":10,""fieldLabel"":""Document Title"",""isRequired"":true},{""isPii"":true,""dataType"":""text"",""fieldKey"":""policy_number"",""sortOrder"":20,""fieldLabel"":""Policy Number"",""isIdentifier"":true},{""isPii"":true,""dataType"":""text"",""fieldKey"":""reference_number"",""sortOrder"":30,""fieldLabel"":""Reference Number"",""isIdentifier"":true},{""isPii"":false,""dataType"":""text"",""fieldKey"":""issuing_authority"",""sortOrder"":40,""fieldLabel"":""Issued By""},{""isPii"":false,""dataType"":""date"",""fieldKey"":""issue_date"",""sortOrder"":50,""fieldLabel"":""Document Date"",""isRequired"":true,""validation"":{""message"":""An issue date cannot be in the future"",""notFuture"":true}},{""isPii"":false,""dataType"":""date"",""fieldKey"":""valid_from"",""sortOrder"":60,""fieldLabel"":""Valid From""},{""isPii"":false,""dataType"":""date"",""fieldKey"":""valid_to"",""sortOrder"":70,""fieldLabel"":""Valid Until"",""validation"":{""message"":""Valid to must be on or after valid from"",""afterField"":""valid_from""},""alertDaysBefore"":30},{""isPii"":false,""dataType"":""text"",""fieldKey"":""period"",""sortOrder"":80,""fieldLabel"":""Period / Assessment Year""},{""isPii"":true,""dataType"":""currency"",""fieldKey"":""amount"",""sortOrder"":90,""fieldLabel"":""Amount"",""validation"":{""min"":0}},{""isPii"":false,""dataType"":""text"",""fieldKey"":""holder_name"",""isPrinted"":false,""sortOrder"":100,""fieldLabel"":""Holder Name""},{""isPii"":false,""dataType"":""number"",""fieldKey"":""alert_days_before"",""isPrinted"":false,""sortOrder"":110,""fieldLabel"":""Alert Me Before (days)"",""validation"":{""max"":365,""min"":0,""example"":""15"",""message"":""Enter between 0 and 365 days""}},{""isPii"":true,""dataType"":""longtext"",""fieldKey"":""notes"",""isPrinted"":false,""sortOrder"":120,""fieldLabel"":""Notes"",""validation"":{""maxLength"":5000}},{""isPii"":false,""dataType"":""longtext"",""fieldKey"":""custom_fields"",""isPrinted"":false,""sortOrder"":130,""fieldLabel"":""Additional Details"",""validation"":{""maxLength"":5000}}]","document_title,issue_date","document_title,policy_number,reference_number,issuing_authority,issue_date,valid_from,valid_to,period,amount,holder_name,alert_days_before,notes,custom_fields","document_title,policy_number,reference_number,issuing_authority,issue_date,valid_from,valid_to,period,amount"
Business,110,Insurance,biz_insurance,Marine / Cargo Insurance,marine_cargo_insurance,true,57f2c5e8-ad1e-40f4-a6f8-91129ef4eceb,a12e9168-d7d3-47ef-8c1f-4d90b4f6920b,true,2026-09-04T18:08:43.456Z,2026-09-18T17:42:19.155Z,"policy_number,reference_number,amount,notes","[{""isPii"":false,""dataType"":""text"",""fieldKey"":""document_title"",""sortOrder"":10,""fieldLabel"":""Document Title"",""isRequired"":true},{""isPii"":true,""dataType"":""text"",""fieldKey"":""policy_number"",""sortOrder"":20,""fieldLabel"":""Policy Number"",""isIdentifier"":true},{""isPii"":true,""dataType"":""text"",""fieldKey"":""reference_number"",""sortOrder"":30,""fieldLabel"":""Reference Number"",""isIdentifier"":true},{""isPii"":false,""dataType"":""text"",""fieldKey"":""issuing_authority"",""sortOrder"":40,""fieldLabel"":""Issued By""},{""isPii"":false,""dataType"":""date"",""fieldKey"":""issue_date"",""sortOrder"":50,""fieldLabel"":""Document Date"",""isRequired"":true,""validation"":{""message"":""An issue date cannot be in the future"",""notFuture"":true}},{""isPii"":false,""dataType"":""date"",""fieldKey"":""valid_from"",""sortOrder"":60,""fieldLabel"":""Valid From""},{""isPii"":false,""dataType"":""date"",""fieldKey"":""valid_to"",""sortOrder"":70,""fieldLabel"":""Valid Until"",""validation"":{""message"":""Valid to must be on or after valid from"",""afterField"":""valid_from""},""alertDaysBefore"":30},{""isPii"":false,""dataType"":""text"",""fieldKey"":""period"",""sortOrder"":80,""fieldLabel"":""Period / Assessment Year""},{""isPii"":true,""dataType"":""currency"",""fieldKey"":""amount"",""sortOrder"":90,""fieldLabel"":""Amount"",""validation"":{""min"":0}},{""isPii"":false,""dataType"":""text"",""fieldKey"":""holder_name"",""isPrinted"":false,""sortOrder"":100,""fieldLabel"":""Holder Name""},{""isPii"":false,""dataType"":""number"",""fieldKey"":""alert_days_before"",""isPrinted"":false,""sortOrder"":110,""fieldLabel"":""Alert Me Before (days)"",""validation"":{""max"":365,""min"":0,""example"":""15"",""message"":""Enter between 0 and 365 days""}},{""isPii"":true,""dataType"":""longtext"",""fieldKey"":""notes"",""isPrinted"":false,""sortOrder"":120,""fieldLabel"":""Notes"",""validation"":{""maxLength"":5000}},{""isPii"":false,""dataType"":""longtext"",""fieldKey"":""custom_fields"",""isPrinted"":false,""sortOrder"":130,""fieldLabel"":""Additional Details"",""validation"":{""maxLength"":5000}}]","document_title,issue_date","document_title,policy_number,reference_number,issuing_authority,issue_date,valid_from,valid_to,period,amount,holder_name,alert_days_before,notes,custom_fields","document_title,policy_number,reference_number,issuing_authority,issue_date,valid_from,valid_to,period,amount"
Business,111,Corporate Governance,biz_governance,Board Meeting Minutes,board_meeting_minutes,true,79026728-564c-42d0-bba8-e5d1037b241f,90385e6c-a06d-46db-b6dd-b29b60c626b2,true,2026-09-04T18:08:43.456Z,2026-09-18T17:42:19.155Z,"reference_number,notes","[{""isPii"":false,""dataType"":""text"",""fieldKey"":""document_title"",""sortOrder"":10,""fieldLabel"":""Document Title"",""isRequired"":true},{""isPii"":true,""dataType"":""text"",""fieldKey"":""reference_number"",""sortOrder"":20,""fieldLabel"":""Minutes Reference Number"",""isIdentifier"":true},{""isPii"":false,""dataType"":""text"",""fieldKey"":""issuing_authority"",""sortOrder"":30,""fieldLabel"":""Issued By""},{""isPii"":false,""dataType"":""date"",""fieldKey"":""issue_date"",""sortOrder"":40,""fieldLabel"":""Document Date"",""isRequired"":true,""validation"":{""message"":""An issue date cannot be in the future"",""notFuture"":true}},{""isPii"":false,""dataType"":""date"",""fieldKey"":""valid_from"",""sortOrder"":50,""fieldLabel"":""Valid From""},{""isPii"":false,""dataType"":""date"",""fieldKey"":""valid_to"",""sortOrder"":60,""fieldLabel"":""Valid Until"",""validation"":{""message"":""Valid to must be on or after valid from"",""afterField"":""valid_from""},""alertDaysBefore"":30},{""isPii"":false,""dataType"":""text"",""fieldKey"":""holder_name"",""isPrinted"":false,""sortOrder"":70,""fieldLabel"":""Holder Name""},{""isPii"":false,""dataType"":""number"",""fieldKey"":""alert_days_before"",""isPrinted"":false,""sortOrder"":80,""fieldLabel"":""Alert Me Before (days)"",""validation"":{""max"":365,""min"":0,""example"":""15"",""message"":""Enter between 0 and 365 days""}},{""isPii"":true,""dataType"":""longtext"",""fieldKey"":""notes"",""isPrinted"":false,""sortOrder"":90,""fieldLabel"":""Notes"",""validation"":{""maxLength"":5000}},{""isPii"":false,""dataType"":""longtext"",""fieldKey"":""custom_fields"",""isPrinted"":false,""sortOrder"":100,""fieldLabel"":""Additional Details"",""validation"":{""maxLength"":5000}}]","document_title,issue_date","document_title,reference_number,issuing_authority,issue_date,valid_from,valid_to,holder_name,alert_days_before,notes,custom_fields","document_title,reference_number,issuing_authority,issue_date,valid_from,valid_to"
Business,111,Corporate Governance,biz_governance,AGM Records,agm_records,true,a55b2e10-3448-4082-acbc-317c475946eb,ed057717-5a2b-4039-9c30-4acd0bbf9171,true,2026-09-04T18:08:43.456Z,2026-09-18T17:42:19.155Z,"reference_number,notes","[{""isPii"":false,""dataType"":""text"",""fieldKey"":""document_title"",""sortOrder"":10,""fieldLabel"":""Document Title"",""isRequired"":true},{""isPii"":true,""dataType"":""text"",""fieldKey"":""reference_number"",""sortOrder"":20,""fieldLabel"":""Meeting Reference Number"",""isIdentifier"":true},{""isPii"":false,""dataType"":""text"",""fieldKey"":""issuing_authority"",""sortOrder"":30,""fieldLabel"":""Issued By""},{""isPii"":false,""dataType"":""date"",""fieldKey"":""issue_date"",""sortOrder"":40,""fieldLabel"":""Document Date"",""isRequired"":true,""validation"":{""message"":""An issue date cannot be in the future"",""notFuture"":true}},{""isPii"":false,""dataType"":""date"",""fieldKey"":""valid_from"",""sortOrder"":50,""fieldLabel"":""Valid From""},{""isPii"":false,""dataType"":""date"",""fieldKey"":""valid_to"",""sortOrder"":60,""fieldLabel"":""Valid Until"",""validation"":{""message"":""Valid to must be on or after valid from"",""afterField"":""valid_from""},""alertDaysBefore"":30},{""isPii"":false,""dataType"":""text"",""fieldKey"":""holder_name"",""isPrinted"":false,""sortOrder"":70,""fieldLabel"":""Holder Name""},{""isPii"":false,""dataType"":""number"",""fieldKey"":""alert_days_before"",""isPrinted"":false,""sortOrder"":80,""fieldLabel"":""Alert Me Before (days)"",""validation"":{""max"":365,""min"":0,""example"":""15"",""message"":""Enter between 0 and 365 days""}},{""isPii"":true,""dataType"":""longtext"",""fieldKey"":""notes"",""isPrinted"":false,""sortOrder"":90,""fieldLabel"":""Notes"",""validation"":{""maxLength"":5000}},{""isPii"":false,""dataType"":""longtext"",""fieldKey"":""custom_fields"",""isPrinted"":false,""sortOrder"":100,""fieldLabel"":""Additional Details"",""validation"":{""maxLength"":5000}}]","document_title,issue_date","document_title,reference_number,issuing_authority,issue_date,valid_from,valid_to,holder_name,alert_days_before,notes,custom_fields","document_title,reference_number,issuing_authority,issue_date,valid_from,valid_to"
Business,111,Corporate Governance,biz_governance,Shareholder Agreements,shareholder_agreements,true,3936e060-31a8-490b-a2b7-27c7949b01c5,347ebf76-31d3-46f3-adb2-86f62ba7d88b,true,2026-09-04T18:08:43.456Z,2026-09-18T17:42:19.155Z,"agreement_number,reference_number,notes","[{""isPii"":false,""dataType"":""text"",""fieldKey"":""document_title"",""sortOrder"":10,""fieldLabel"":""Document Title"",""isRequired"":true},{""isPii"":true,""dataType"":""text"",""fieldKey"":""agreement_number"",""sortOrder"":20,""fieldLabel"":""Agreement Number"",""isIdentifier"":true},{""isPii"":true,""dataType"":""text"",""fieldKey"":""reference_number"",""sortOrder"":30,""fieldLabel"":""Reference Number"",""isIdentifier"":true},{""isPii"":false,""dataType"":""text"",""fieldKey"":""issuing_authority"",""sortOrder"":40,""fieldLabel"":""Issued By""},{""isPii"":false,""dataType"":""date"",""fieldKey"":""issue_date"",""sortOrder"":50,""fieldLabel"":""Document Date"",""isRequired"":true,""validation"":{""message"":""An issue date cannot be in the future"",""notFuture"":true}},{""isPii"":false,""dataType"":""date"",""fieldKey"":""valid_from"",""sortOrder"":60,""fieldLabel"":""Valid From""},{""isPii"":false,""dataType"":""date"",""fieldKey"":""valid_to"",""sortOrder"":70,""fieldLabel"":""Valid Until"",""validation"":{""message"":""Valid to must be on or after valid from"",""afterField"":""valid_from""},""alertDaysBefore"":30},{""isPii"":false,""dataType"":""text"",""fieldKey"":""holder_name"",""isPrinted"":false,""sortOrder"":80,""fieldLabel"":""Holder Name""},{""isPii"":false,""dataType"":""number"",""fieldKey"":""alert_days_before"",""isPrinted"":false,""sortOrder"":90,""fieldLabel"":""Alert Me Before (days)"",""validation"":{""max"":365,""min"":0,""example"":""15"",""message"":""Enter between 0 and 365 days""}},{""isPii"":true,""dataType"":""longtext"",""fieldKey"":""notes"",""isPrinted"":false,""sortOrder"":100,""fieldLabel"":""Notes"",""validation"":{""maxLength"":5000}},{""isPii"":false,""dataType"":""longtext"",""fieldKey"":""custom_fields"",""isPrinted"":false,""sortOrder"":110,""fieldLabel"":""Additional Details"",""validation"":{""maxLength"":5000}}]","document_title,issue_date","document_title,agreement_number,reference_number,issuing_authority,issue_date,valid_from,valid_to,holder_name,alert_days_before,notes,custom_fields","document_title,agreement_number,reference_number,issuing_authority,issue_date,valid_from,valid_to"
Business,111,Corporate Governance,biz_governance,"Statutory Registers (Members, Directors, Charges)",statutory_registers,true,69dd6389-eb01-4d4b-a571-93d8339de71c,6a330f63-c2d8-4705-9177-70d2b976dbbe,true,2026-09-04T18:08:43.456Z,2026-09-18T17:42:19.155Z,"reference_number,notes","[{""isPii"":false,""dataType"":""text"",""fieldKey"":""document_title"",""sortOrder"":10,""fieldLabel"":""Document Title"",""isRequired"":true},{""isPii"":true,""dataType"":""text"",""fieldKey"":""reference_number"",""sortOrder"":20,""fieldLabel"":""Register Reference Number"",""isIdentifier"":true},{""isPii"":false,""dataType"":""text"",""fieldKey"":""issuing_authority"",""sortOrder"":30,""fieldLabel"":""Issued By""},{""isPii"":false,""dataType"":""date"",""fieldKey"":""issue_date"",""sortOrder"":40,""fieldLabel"":""Document Date"",""isRequired"":true,""validation"":{""message"":""An issue date cannot be in the future"",""notFuture"":true}},{""isPii"":false,""dataType"":""date"",""fieldKey"":""valid_from"",""sortOrder"":50,""fieldLabel"":""Valid From""},{""isPii"":false,""dataType"":""date"",""fieldKey"":""valid_to"",""sortOrder"":60,""fieldLabel"":""Valid Until"",""validation"":{""message"":""Valid to must be on or after valid from"",""afterField"":""valid_from""},""alertDaysBefore"":30},{""isPii"":false,""dataType"":""text"",""fieldKey"":""holder_name"",""isPrinted"":false,""sortOrder"":70,""fieldLabel"":""Holder Name""},{""isPii"":false,""dataType"":""number"",""fieldKey"":""alert_days_before"",""isPrinted"":false,""sortOrder"":80,""fieldLabel"":""Alert Me Before (days)"",""validation"":{""max"":365,""min"":0,""example"":""15"",""message"":""Enter between 0 and 365 days""}},{""isPii"":true,""dataType"":""longtext"",""fieldKey"":""notes"",""isPrinted"":false,""sortOrder"":90,""fieldLabel"":""Notes"",""validation"":{""maxLength"":5000}},{""isPii"":false,""dataType"":""longtext"",""fieldKey"":""custom_fields"",""isPrinted"":false,""sortOrder"":100,""fieldLabel"":""Additional Details"",""validation"":{""maxLength"":5000}}]","document_title,issue_date","document_title,reference_number,issuing_authority,issue_date,valid_from,valid_to,holder_name,alert_days_before,notes,custom_fields","document_title,reference_number,issuing_authority,issue_date,valid_from,valid_to"
Business,111,Corporate Governance,biz_governance,Director KYC (DIN-related),director_kyc,true,936a1f05-ddd2-45bf-8d8e-f7fb60cc2fef,ef975ef6-6dfa-4d7e-a260-8d5819e57c70,true,2026-09-04T18:08:43.456Z,2026-09-18T17:42:19.155Z,"registration_number,reference_number,notes","[{""isPii"":false,""dataType"":""text"",""fieldKey"":""document_title"",""sortOrder"":10,""fieldLabel"":""Document Title"",""isRequired"":true},{""isPii"":true,""dataType"":""text"",""fieldKey"":""registration_number"",""sortOrder"":20,""fieldLabel"":""DIN"",""validation"":{""message"":""Enter the number as printed on the document"",""pattern"":""^[A-Za-z0-9][A-Za-z0-9 -]{3,24}$""},""isIdentifier"":true},{""isPii"":true,""dataType"":""text"",""fieldKey"":""reference_number"",""sortOrder"":30,""fieldLabel"":""Reference Number"",""isIdentifier"":true},{""isPii"":false,""dataType"":""text"",""fieldKey"":""issuing_authority"",""sortOrder"":40,""fieldLabel"":""Issued By""},{""isPii"":false,""dataType"":""date"",""fieldKey"":""issue_date"",""sortOrder"":50,""fieldLabel"":""Document Date"",""isRequired"":true,""validation"":{""message"":""An issue date cannot be in the future"",""notFuture"":true}},{""isPii"":false,""dataType"":""date"",""fieldKey"":""valid_from"",""sortOrder"":60,""fieldLabel"":""Valid From""},{""isPii"":false,""dataType"":""date"",""fieldKey"":""valid_to"",""sortOrder"":70,""fieldLabel"":""Valid Until"",""validation"":{""message"":""Valid to must be on or after valid from"",""afterField"":""valid_from""},""alertDaysBefore"":30},{""isPii"":false,""dataType"":""text"",""fieldKey"":""holder_name"",""isPrinted"":false,""sortOrder"":80,""fieldLabel"":""Holder Name""},{""isPii"":false,""dataType"":""number"",""fieldKey"":""alert_days_before"",""isPrinted"":false,""sortOrder"":90,""fieldLabel"":""Alert Me Before (days)"",""validation"":{""max"":365,""min"":0,""example"":""15"",""message"":""Enter between 0 and 365 days""}},{""isPii"":true,""dataType"":""longtext"",""fieldKey"":""notes"",""isPrinted"":false,""sortOrder"":100,""fieldLabel"":""Notes"",""validation"":{""maxLength"":5000}},{""isPii"":false,""dataType"":""longtext"",""fieldKey"":""custom_fields"",""isPrinted"":false,""sortOrder"":110,""fieldLabel"":""Additional Details"",""validation"":{""maxLength"":5000}}]","document_title,issue_date","document_title,registration_number,reference_number,issuing_authority,issue_date,valid_from,valid_to,holder_name,alert_days_before,notes,custom_fields","document_title,registration_number,reference_number,issuing_authority,issue_date,valid_from,valid_to"
Business,112,Vendor & Procurement,biz_procurement,Purchase Orders,purchase_orders,true,cc4f0f30-08c5-4ac4-9367-2ddb7efc1a89,bb22d68e-265c-4c0b-b46c-b11e2af47599,true,2026-09-04T18:08:43.456Z,2026-09-18T17:42:19.155Z,"reference_number,amount,notes","[{""isPii"":false,""dataType"":""text"",""fieldKey"":""document_title"",""sortOrder"":10,""fieldLabel"":""Document Title"",""isRequired"":true},{""isPii"":true,""dataType"":""text"",""fieldKey"":""reference_number"",""sortOrder"":20,""fieldLabel"":""Purchase Order Number"",""isIdentifier"":true},{""isPii"":false,""dataType"":""text"",""fieldKey"":""issuing_authority"",""sortOrder"":30,""fieldLabel"":""Issued By""},{""isPii"":false,""dataType"":""date"",""fieldKey"":""issue_date"",""sortOrder"":40,""fieldLabel"":""Document Date"",""isRequired"":true,""validation"":{""message"":""An issue date cannot be in the future"",""notFuture"":true}},{""isPii"":false,""dataType"":""date"",""fieldKey"":""valid_from"",""sortOrder"":50,""fieldLabel"":""Valid From""},{""isPii"":false,""dataType"":""date"",""fieldKey"":""valid_to"",""sortOrder"":60,""fieldLabel"":""Valid Until"",""validation"":{""message"":""Valid to must be on or after valid from"",""afterField"":""valid_from""},""alertDaysBefore"":30},{""isPii"":false,""dataType"":""text"",""fieldKey"":""period"",""sortOrder"":70,""fieldLabel"":""Period / Assessment Year""},{""isPii"":true,""dataType"":""currency"",""fieldKey"":""amount"",""sortOrder"":80,""fieldLabel"":""Amount"",""validation"":{""min"":0}},{""isPii"":false,""dataType"":""text"",""fieldKey"":""holder_name"",""isPrinted"":false,""sortOrder"":90,""fieldLabel"":""Holder Name""},{""isPii"":false,""dataType"":""number"",""fieldKey"":""alert_days_before"",""isPrinted"":false,""sortOrder"":100,""fieldLabel"":""Alert Me Before (days)"",""validation"":{""max"":365,""min"":0,""example"":""15"",""message"":""Enter between 0 and 365 days""}},{""isPii"":true,""dataType"":""longtext"",""fieldKey"":""notes"",""isPrinted"":false,""sortOrder"":110,""fieldLabel"":""Notes"",""validation"":{""maxLength"":5000}},{""isPii"":false,""dataType"":""longtext"",""fieldKey"":""custom_fields"",""isPrinted"":false,""sortOrder"":120,""fieldLabel"":""Additional Details"",""validation"":{""maxLength"":5000}}]","document_title,issue_date","document_title,reference_number,issuing_authority,issue_date,valid_from,valid_to,period,amount,holder_name,alert_days_before,notes,custom_fields","document_title,reference_number,issuing_authority,issue_date,valid_from,valid_to,period,amount"
Business,112,Vendor & Procurement,biz_procurement,Vendor Contracts,vendor_contracts,true,aaf7c52b-62d0-49a9-b622-d9fd4b27f3cf,7061214b-2f42-4193-aba2-8d8a7b6192d4,true,2026-09-04T18:08:43.456Z,2026-09-18T17:42:19.155Z,"contract_number,reference_number,amount,notes","[{""isPii"":false,""dataType"":""text"",""fieldKey"":""document_title"",""sortOrder"":10,""fieldLabel"":""Document Title"",""isRequired"":true},{""isPii"":true,""dataType"":""text"",""fieldKey"":""contract_number"",""sortOrder"":20,""fieldLabel"":""Contract Number"",""isIdentifier"":true},{""isPii"":true,""dataType"":""text"",""fieldKey"":""reference_number"",""sortOrder"":30,""fieldLabel"":""Reference Number"",""isIdentifier"":true},{""isPii"":false,""dataType"":""text"",""fieldKey"":""issuing_authority"",""sortOrder"":40,""fieldLabel"":""Issued By""},{""isPii"":false,""dataType"":""date"",""fieldKey"":""issue_date"",""sortOrder"":50,""fieldLabel"":""Document Date"",""isRequired"":true,""validation"":{""message"":""An issue date cannot be in the future"",""notFuture"":true}},{""isPii"":false,""dataType"":""date"",""fieldKey"":""valid_from"",""sortOrder"":60,""fieldLabel"":""Valid From""},{""isPii"":false,""dataType"":""date"",""fieldKey"":""valid_to"",""sortOrder"":70,""fieldLabel"":""Valid Until"",""validation"":{""message"":""Valid to must be on or after valid from"",""afterField"":""valid_from""},""alertDaysBefore"":30},{""isPii"":false,""dataType"":""text"",""fieldKey"":""period"",""sortOrder"":80,""fieldLabel"":""Period / Assessment Year""},{""isPii"":true,""dataType"":""currency"",""fieldKey"":""amount"",""sortOrder"":90,""fieldLabel"":""Amount"",""validation"":{""min"":0}},{""isPii"":false,""dataType"":""text"",""fieldKey"":""holder_name"",""isPrinted"":false,""sortOrder"":100,""fieldLabel"":""Holder Name""},{""isPii"":false,""dataType"":""number"",""fieldKey"":""alert_days_before"",""isPrinted"":false,""sortOrder"":110,""fieldLabel"":""Alert Me Before (days)"",""validation"":{""max"":365,""min"":0,""example"":""15"",""message"":""Enter between 0 and 365 days""}},{""isPii"":true,""dataType"":""longtext"",""fieldKey"":""notes"",""isPrinted"":false,""sortOrder"":120,""fieldLabel"":""Notes"",""validation"":{""maxLength"":5000}},{""isPii"":false,""dataType"":""longtext"",""fieldKey"":""custom_fields"",""isPrinted"":false,""sortOrder"":130,""fieldLabel"":""Additional Details"",""validation"":{""maxLength"":5000}}]","document_title,issue_date","document_title,contract_number,reference_number,issuing_authority,issue_date,valid_from,valid_to,period,amount,holder_name,alert_days_before,notes,custom_fields","document_title,contract_number,reference_number,issuing_authority,issue_date,valid_from,valid_to,period,amount"
Business,112,Vendor & Procurement,biz_procurement,Quality Certifications,quality_certifications,true,fa767ff5-7edc-4a5d-a40d-f584afe82b65,57557bea-8298-4cec-9a5b-b061c88f431e,true,2026-09-04T18:08:43.456Z,2026-09-18T17:42:19.155Z,"certificate_number,reference_number,amount,notes","[{""isPii"":false,""dataType"":""text"",""fieldKey"":""document_title"",""sortOrder"":10,""fieldLabel"":""Document Title"",""isRequired"":true},{""isPii"":true,""dataType"":""text"",""fieldKey"":""certificate_number"",""sortOrder"":20,""fieldLabel"":""Certificate Number"",""isIdentifier"":true},{""isPii"":true,""dataType"":""text"",""fieldKey"":""reference_number"",""sortOrder"":30,""fieldLabel"":""Reference Number"",""isIdentifier"":true},{""isPii"":false,""dataType"":""text"",""fieldKey"":""issuing_authority"",""sortOrder"":40,""fieldLabel"":""Issued By""},{""isPii"":false,""dataType"":""date"",""fieldKey"":""issue_date"",""sortOrder"":50,""fieldLabel"":""Document Date"",""isRequired"":true,""validation"":{""message"":""An issue date cannot be in the future"",""notFuture"":true}},{""isPii"":false,""dataType"":""date"",""fieldKey"":""valid_from"",""sortOrder"":60,""fieldLabel"":""Valid From""},{""isPii"":false,""dataType"":""date"",""fieldKey"":""valid_to"",""sortOrder"":70,""fieldLabel"":""Valid Until"",""validation"":{""message"":""Valid to must be on or after valid from"",""afterField"":""valid_from""},""alertDaysBefore"":30},{""isPii"":false,""dataType"":""text"",""fieldKey"":""period"",""sortOrder"":80,""fieldLabel"":""Period / Assessment Year""},{""isPii"":true,""dataType"":""currency"",""fieldKey"":""amount"",""sortOrder"":90,""fieldLabel"":""Amount"",""validation"":{""min"":0}},{""isPii"":false,""dataType"":""text"",""fieldKey"":""holder_name"",""isPrinted"":false,""sortOrder"":100,""fieldLabel"":""Holder Name""},{""isPii"":false,""dataType"":""number"",""fieldKey"":""alert_days_before"",""isPrinted"":false,""sortOrder"":110,""fieldLabel"":""Alert Me Before (days)"",""validation"":{""max"":365,""min"":0,""example"":""15"",""message"":""Enter between 0 and 365 days""}},{""isPii"":true,""dataType"":""longtext"",""fieldKey"":""notes"",""isPrinted"":false,""sortOrder"":120,""fieldLabel"":""Notes"",""validation"":{""maxLength"":5000}},{""isPii"":false,""dataType"":""longtext"",""fieldKey"":""custom_fields"",""isPrinted"":false,""sortOrder"":130,""fieldLabel"":""Additional Details"",""validation"":{""maxLength"":5000}}]","document_title,issue_date","document_title,certificate_number,reference_number,issuing_authority,issue_date,valid_from,valid_to,period,amount,holder_name,alert_days_before,notes,custom_fields","document_title,certificate_number,reference_number,issuing_authority,issue_date,valid_from,valid_to,period,amount"
Business,112,Vendor & Procurement,biz_procurement,Supplier Compliance Documents,supplier_compliance,true,12e3bca8-f975-4c6a-9e77-8d6fb27c5b2c,3ab217d2-5f37-4a5c-868c-fc6008c8f1b1,true,2026-09-04T18:08:43.456Z,2026-09-18T17:42:19.155Z,"reference_number,amount,notes","[{""isPii"":false,""dataType"":""text"",""fieldKey"":""document_title"",""sortOrder"":10,""fieldLabel"":""Document Title"",""isRequired"":true},{""isPii"":true,""dataType"":""text"",""fieldKey"":""reference_number"",""sortOrder"":20,""fieldLabel"":""Compliance Reference Number"",""isIdentifier"":true},{""isPii"":false,""dataType"":""text"",""fieldKey"":""issuing_authority"",""sortOrder"":30,""fieldLabel"":""Issued By""},{""isPii"":false,""dataType"":""date"",""fieldKey"":""issue_date"",""sortOrder"":40,""fieldLabel"":""Document Date"",""isRequired"":true,""validation"":{""message"":""An issue date cannot be in the future"",""notFuture"":true}},{""isPii"":false,""dataType"":""date"",""fieldKey"":""valid_from"",""sortOrder"":50,""fieldLabel"":""Valid From""},{""isPii"":false,""dataType"":""date"",""fieldKey"":""valid_to"",""sortOrder"":60,""fieldLabel"":""Valid Until"",""validation"":{""message"":""Valid to must be on or after valid from"",""afterField"":""valid_from""},""alertDaysBefore"":30},{""isPii"":false,""dataType"":""text"",""fieldKey"":""period"",""sortOrder"":70,""fieldLabel"":""Period / Assessment Year""},{""isPii"":true,""dataType"":""currency"",""fieldKey"":""amount"",""sortOrder"":80,""fieldLabel"":""Amount"",""validation"":{""min"":0}},{""isPii"":false,""dataType"":""text"",""fieldKey"":""holder_name"",""isPrinted"":false,""sortOrder"":90,""fieldLabel"":""Holder Name""},{""isPii"":false,""dataType"":""number"",""fieldKey"":""alert_days_before"",""isPrinted"":false,""sortOrder"":100,""fieldLabel"":""Alert Me Before (days)"",""validation"":{""max"":365,""min"":0,""example"":""15"",""message"":""Enter between 0 and 365 days""}},{""isPii"":true,""dataType"":""longtext"",""fieldKey"":""notes"",""isPrinted"":false,""sortOrder"":110,""fieldLabel"":""Notes"",""validation"":{""maxLength"":5000}},{""isPii"":false,""dataType"":""longtext"",""fieldKey"":""custom_fields"",""isPrinted"":false,""sortOrder"":120,""fieldLabel"":""Additional Details"",""validation"":{""maxLength"":5000}}]","document_title,issue_date","document_title,reference_number,issuing_authority,issue_date,valid_from,valid_to,period,amount,holder_name,alert_days_before,notes,custom_fields","document_title,reference_number,issuing_authority,issue_date,valid_from,valid_to,period,amount"
Business,113,Sales & Marketing,biz_sales,Sales Agreements,sales_agreements,true,e3e01ffa-756c-4e7b-95db-a4e9965e70b8,c489aa35-4f9d-463c-9336-e1531222615d,true,2026-09-04T18:08:43.456Z,2026-09-18T17:42:19.155Z,"agreement_number,reference_number,amount,notes","[{""isPii"":false,""dataType"":""text"",""fieldKey"":""document_title"",""sortOrder"":10,""fieldLabel"":""Document Title"",""isRequired"":true},{""isPii"":true,""dataType"":""text"",""fieldKey"":""agreement_number"",""sortOrder"":20,""fieldLabel"":""Agreement Number"",""isIdentifier"":true},{""isPii"":true,""dataType"":""text"",""fieldKey"":""reference_number"",""sortOrder"":30,""fieldLabel"":""Reference Number"",""isIdentifier"":true},{""isPii"":false,""dataType"":""text"",""fieldKey"":""issuing_authority"",""sortOrder"":40,""fieldLabel"":""Issued By""},{""isPii"":false,""dataType"":""date"",""fieldKey"":""issue_date"",""sortOrder"":50,""fieldLabel"":""Document Date"",""isRequired"":true,""validation"":{""message"":""An issue date cannot be in the future"",""notFuture"":true}},{""isPii"":false,""dataType"":""date"",""fieldKey"":""valid_from"",""sortOrder"":60,""fieldLabel"":""Valid From""},{""isPii"":false,""dataType"":""date"",""fieldKey"":""valid_to"",""sortOrder"":70,""fieldLabel"":""Valid Until"",""validation"":{""message"":""Valid to must be on or after valid from"",""afterField"":""valid_from""},""alertDaysBefore"":30},{""isPii"":false,""dataType"":""text"",""fieldKey"":""period"",""sortOrder"":80,""fieldLabel"":""Period / Assessment Year""},{""isPii"":true,""dataType"":""currency"",""fieldKey"":""amount"",""sortOrder"":90,""fieldLabel"":""Amount"",""validation"":{""min"":0}},{""isPii"":false,""dataType"":""text"",""fieldKey"":""holder_name"",""isPrinted"":false,""sortOrder"":100,""fieldLabel"":""Holder Name""},{""isPii"":false,""dataType"":""number"",""fieldKey"":""alert_days_before"",""isPrinted"":false,""sortOrder"":110,""fieldLabel"":""Alert Me Before (days)"",""validation"":{""max"":365,""min"":0,""example"":""15"",""message"":""Enter between 0 and 365 days""}},{""isPii"":true,""dataType"":""longtext"",""fieldKey"":""notes"",""isPrinted"":false,""sortOrder"":120,""fieldLabel"":""Notes"",""validation"":{""maxLength"":5000}},{""isPii"":false,""dataType"":""longtext"",""fieldKey"":""custom_fields"",""isPrinted"":false,""sortOrder"":130,""fieldLabel"":""Additional Details"",""validation"":{""maxLength"":5000}}]","document_title,issue_date","document_title,agreement_number,reference_number,issuing_authority,issue_date,valid_from,valid_to,period,amount,holder_name,alert_days_before,notes,custom_fields","document_title,agreement_number,reference_number,issuing_authority,issue_date,valid_from,valid_to,period,amount"
Business,113,Sales & Marketing,biz_sales,Marketing Collateral Approvals,marketing_collateral_approvals,true,8a03a31e-7869-4b57-9a05-b04e3e4d8f25,c002e916-9dee-4451-b01d-61e9d03a8d45,true,2026-09-04T18:08:43.456Z,2026-09-18T17:42:19.155Z,"reference_number,amount,notes","[{""isPii"":false,""dataType"":""text"",""fieldKey"":""document_title"",""sortOrder"":10,""fieldLabel"":""Document Title"",""isRequired"":true},{""isPii"":true,""dataType"":""text"",""fieldKey"":""reference_number"",""sortOrder"":20,""fieldLabel"":""Approval Reference Number"",""isIdentifier"":true},{""isPii"":false,""dataType"":""text"",""fieldKey"":""issuing_authority"",""sortOrder"":30,""fieldLabel"":""Issued By""},{""isPii"":false,""dataType"":""date"",""fieldKey"":""issue_date"",""sortOrder"":40,""fieldLabel"":""Document Date"",""isRequired"":true,""validation"":{""message"":""An issue date cannot be in the future"",""notFuture"":true}},{""isPii"":false,""dataType"":""date"",""fieldKey"":""valid_from"",""sortOrder"":50,""fieldLabel"":""Valid From""},{""isPii"":false,""dataType"":""date"",""fieldKey"":""valid_to"",""sortOrder"":60,""fieldLabel"":""Valid Until"",""validation"":{""message"":""Valid to must be on or after valid from"",""afterField"":""valid_from""},""alertDaysBefore"":30},{""isPii"":false,""dataType"":""text"",""fieldKey"":""period"",""sortOrder"":70,""fieldLabel"":""Period / Assessment Year""},{""isPii"":true,""dataType"":""currency"",""fieldKey"":""amount"",""sortOrder"":80,""fieldLabel"":""Amount"",""validation"":{""min"":0}},{""isPii"":false,""dataType"":""text"",""fieldKey"":""holder_name"",""isPrinted"":false,""sortOrder"":90,""fieldLabel"":""Holder Name""},{""isPii"":false,""dataType"":""number"",""fieldKey"":""alert_days_before"",""isPrinted"":false,""sortOrder"":100,""fieldLabel"":""Alert Me Before (days)"",""validation"":{""max"":365,""min"":0,""example"":""15"",""message"":""Enter between 0 and 365 days""}},{""isPii"":true,""dataType"":""longtext"",""fieldKey"":""notes"",""isPrinted"":false,""sortOrder"":110,""fieldLabel"":""Notes"",""validation"":{""maxLength"":5000}},{""isPii"":false,""dataType"":""longtext"",""fieldKey"":""custom_fields"",""isPrinted"":false,""sortOrder"":120,""fieldLabel"":""Additional Details"",""validation"":{""maxLength"":5000}}]","document_title,issue_date","document_title,reference_number,issuing_authority,issue_date,valid_from,valid_to,period,amount,holder_name,alert_days_before,notes,custom_fields","document_title,reference_number,issuing_authority,issue_date,valid_from,valid_to,period,amount"
Business,113,Sales & Marketing,biz_sales,Customer Contracts / SLAs,customer_contracts_slas,true,934ad680-4924-4bd5-9973-38253010e1a4,cd65852a-edf6-4e72-aaf6-074c056ca1bb,true,2026-09-04T18:08:43.456Z,2026-09-18T17:42:19.155Z,"contract_number,reference_number,amount,notes","[{""isPii"":false,""dataType"":""text"",""fieldKey"":""document_title"",""sortOrder"":10,""fieldLabel"":""Document Title"",""isRequired"":true},{""isPii"":true,""dataType"":""text"",""fieldKey"":""contract_number"",""sortOrder"":20,""fieldLabel"":""Contract Number"",""isIdentifier"":true},{""isPii"":true,""dataType"":""text"",""fieldKey"":""reference_number"",""sortOrder"":30,""fieldLabel"":""Reference Number"",""isIdentifier"":true},{""isPii"":false,""dataType"":""text"",""fieldKey"":""issuing_authority"",""sortOrder"":40,""fieldLabel"":""Issued By""},{""isPii"":false,""dataType"":""date"",""fieldKey"":""issue_date"",""sortOrder"":50,""fieldLabel"":""Document Date"",""isRequired"":true,""validation"":{""message"":""An issue date cannot be in the future"",""notFuture"":true}},{""isPii"":false,""dataType"":""date"",""fieldKey"":""valid_from"",""sortOrder"":60,""fieldLabel"":""Valid From""},{""isPii"":false,""dataType"":""date"",""fieldKey"":""valid_to"",""sortOrder"":70,""fieldLabel"":""Valid Until"",""validation"":{""message"":""Valid to must be on or after valid from"",""afterField"":""valid_from""},""alertDaysBefore"":30},{""isPii"":false,""dataType"":""text"",""fieldKey"":""period"",""sortOrder"":80,""fieldLabel"":""Period / Assessment Year""},{""isPii"":true,""dataType"":""currency"",""fieldKey"":""amount"",""sortOrder"":90,""fieldLabel"":""Amount"",""validation"":{""min"":0}},{""isPii"":false,""dataType"":""text"",""fieldKey"":""holder_name"",""isPrinted"":false,""sortOrder"":100,""fieldLabel"":""Holder Name""},{""isPii"":false,""dataType"":""number"",""fieldKey"":""alert_days_before"",""isPrinted"":false,""sortOrder"":110,""fieldLabel"":""Alert Me Before (days)"",""validation"":{""max"":365,""min"":0,""example"":""15"",""message"":""Enter between 0 and 365 days""}},{""isPii"":true,""dataType"":""longtext"",""fieldKey"":""notes"",""isPrinted"":false,""sortOrder"":120,""fieldLabel"":""Notes"",""validation"":{""maxLength"":5000}},{""isPii"":false,""dataType"":""longtext"",""fieldKey"":""custom_fields"",""isPrinted"":false,""sortOrder"":130,""fieldLabel"":""Additional Details"",""validation"":{""maxLength"":5000}}]","document_title,issue_date","document_title,contract_number,reference_number,issuing_authority,issue_date,valid_from,valid_to,period,amount,holder_name,alert_days_before,notes,custom_fields","document_title,contract_number,reference_number,issuing_authority,issue_date,valid_from,valid_to,period,amount"
Business,113,Sales & Marketing,biz_sales,Warranty Documents,warranty_documents,true,914879f3-8ed6-402f-925e-2f442a9e80b5,791b4718-a0d5-4557-bb4d-ab53525bee2c,true,2026-09-04T18:08:43.456Z,2026-09-18T17:42:19.155Z,"serial_number,reference_number,amount,notes","[{""isPii"":false,""dataType"":""text"",""fieldKey"":""document_title"",""sortOrder"":10,""fieldLabel"":""Document Title"",""isRequired"":true},{""isPii"":true,""dataType"":""text"",""fieldKey"":""serial_number"",""sortOrder"":20,""fieldLabel"":""Product Serial Number"",""isIdentifier"":true},{""isPii"":true,""dataType"":""text"",""fieldKey"":""reference_number"",""sortOrder"":30,""fieldLabel"":""Reference Number"",""isIdentifier"":true},{""isPii"":false,""dataType"":""text"",""fieldKey"":""issuing_authority"",""sortOrder"":40,""fieldLabel"":""Issued By""},{""isPii"":false,""dataType"":""date"",""fieldKey"":""issue_date"",""sortOrder"":50,""fieldLabel"":""Document Date"",""isRequired"":true,""validation"":{""message"":""An issue date cannot be in the future"",""notFuture"":true}},{""isPii"":false,""dataType"":""date"",""fieldKey"":""valid_from"",""sortOrder"":60,""fieldLabel"":""Valid From""},{""isPii"":false,""dataType"":""date"",""fieldKey"":""valid_to"",""sortOrder"":70,""fieldLabel"":""Valid Until"",""validation"":{""message"":""Valid to must be on or after valid from"",""afterField"":""valid_from""},""alertDaysBefore"":30},{""isPii"":false,""dataType"":""text"",""fieldKey"":""period"",""sortOrder"":80,""fieldLabel"":""Period / Assessment Year""},{""isPii"":true,""dataType"":""currency"",""fieldKey"":""amount"",""sortOrder"":90,""fieldLabel"":""Amount"",""validation"":{""min"":0}},{""isPii"":false,""dataType"":""text"",""fieldKey"":""holder_name"",""isPrinted"":false,""sortOrder"":100,""fieldLabel"":""Holder Name""},{""isPii"":false,""dataType"":""number"",""fieldKey"":""alert_days_before"",""isPrinted"":false,""sortOrder"":110,""fieldLabel"":""Alert Me Before (days)"",""validation"":{""max"":365,""min"":0,""example"":""15"",""message"":""Enter between 0 and 365 days""}},{""isPii"":true,""dataType"":""longtext"",""fieldKey"":""notes"",""isPrinted"":false,""sortOrder"":120,""fieldLabel"":""Notes"",""validation"":{""maxLength"":5000}},{""isPii"":false,""dataType"":""longtext"",""fieldKey"":""custom_fields"",""isPrinted"":false,""sortOrder"":130,""fieldLabel"":""Additional Details"",""validation"":{""maxLength"":5000}}]","document_title,issue_date","document_title,serial_number,reference_number,issuing_authority,issue_date,valid_from,valid_to,period,amount,holder_name,alert_days_before,notes,custom_fields","document_title,serial_number,reference_number,issuing_authority,issue_date,valid_from,valid_to,period,amount"
Business,114,Operations & Assets,biz_operations,Property / Lease Deeds,property_lease_deeds,true,5954d00b-41d2-4369-a0d7-d5a409d3e6d9,ad7651b9-c90a-44aa-ad80-65caec78b5f7,true,2026-09-04T18:08:43.456Z,2026-09-18T17:42:19.155Z,"deed_registration_number,reference_number,amount,notes","[{""isPii"":false,""dataType"":""text"",""fieldKey"":""document_title"",""sortOrder"":10,""fieldLabel"":""Document Title"",""isRequired"":true},{""isPii"":true,""dataType"":""text"",""fieldKey"":""deed_registration_number"",""sortOrder"":20,""fieldLabel"":""Deed Registration Number"",""isIdentifier"":true},{""isPii"":true,""dataType"":""text"",""fieldKey"":""reference_number"",""sortOrder"":30,""fieldLabel"":""Reference Number"",""isIdentifier"":true},{""isPii"":false,""dataType"":""text"",""fieldKey"":""issuing_authority"",""sortOrder"":40,""fieldLabel"":""Issued By""},{""isPii"":false,""dataType"":""date"",""fieldKey"":""issue_date"",""sortOrder"":50,""fieldLabel"":""Document Date"",""isRequired"":true,""validation"":{""message"":""An issue date cannot be in the future"",""notFuture"":true}},{""isPii"":false,""dataType"":""date"",""fieldKey"":""valid_from"",""sortOrder"":60,""fieldLabel"":""Valid From""},{""isPii"":false,""dataType"":""date"",""fieldKey"":""valid_to"",""sortOrder"":70,""fieldLabel"":""Valid Until"",""validation"":{""message"":""Valid to must be on or after valid from"",""afterField"":""valid_from""},""alertDaysBefore"":30},{""isPii"":false,""dataType"":""text"",""fieldKey"":""period"",""sortOrder"":80,""fieldLabel"":""Period / Assessment Year""},{""isPii"":true,""dataType"":""currency"",""fieldKey"":""amount"",""sortOrder"":90,""fieldLabel"":""Amount"",""validation"":{""min"":0}},{""isPii"":false,""dataType"":""text"",""fieldKey"":""holder_name"",""isPrinted"":false,""sortOrder"":100,""fieldLabel"":""Holder Name""},{""isPii"":false,""dataType"":""number"",""fieldKey"":""alert_days_before"",""isPrinted"":false,""sortOrder"":110,""fieldLabel"":""Alert Me Before (days)"",""validation"":{""max"":365,""min"":0,""example"":""15"",""message"":""Enter between 0 and 365 days""}},{""isPii"":true,""dataType"":""longtext"",""fieldKey"":""notes"",""isPrinted"":false,""sortOrder"":120,""fieldLabel"":""Notes"",""validation"":{""maxLength"":5000}},{""isPii"":false,""dataType"":""longtext"",""fieldKey"":""custom_fields"",""isPrinted"":false,""sortOrder"":130,""fieldLabel"":""Additional Details"",""validation"":{""maxLength"":5000}}]","document_title,issue_date","document_title,deed_registration_number,reference_number,issuing_authority,issue_date,valid_from,valid_to,period,amount,holder_name,alert_days_before,notes,custom_fields","document_title,deed_registration_number,reference_number,issuing_authority,issue_date,valid_from,valid_to,period,amount"
Business,114,Operations & Assets,biz_operations,Asset Registers,asset_registers,true,74546c0a-b718-495f-a4d2-f96d221678c0,ea53d6b3-0ed7-4690-bfbe-832fbc3577db,true,2026-09-04T18:08:43.456Z,2026-09-18T17:42:19.155Z,"reference_number,amount,notes","[{""isPii"":false,""dataType"":""text"",""fieldKey"":""document_title"",""sortOrder"":10,""fieldLabel"":""Document Title"",""isRequired"":true},{""isPii"":true,""dataType"":""text"",""fieldKey"":""reference_number"",""sortOrder"":20,""fieldLabel"":""Register Reference Number"",""isIdentifier"":true},{""isPii"":false,""dataType"":""text"",""fieldKey"":""issuing_authority"",""sortOrder"":30,""fieldLabel"":""Issued By""},{""isPii"":false,""dataType"":""date"",""fieldKey"":""issue_date"",""sortOrder"":40,""fieldLabel"":""Document Date"",""isRequired"":true,""validation"":{""message"":""An issue date cannot be in the future"",""notFuture"":true}},{""isPii"":false,""dataType"":""date"",""fieldKey"":""valid_from"",""sortOrder"":50,""fieldLabel"":""Valid From""},{""isPii"":false,""dataType"":""date"",""fieldKey"":""valid_to"",""sortOrder"":60,""fieldLabel"":""Valid Until"",""validation"":{""message"":""Valid to must be on or after valid from"",""afterField"":""valid_from""},""alertDaysBefore"":30},{""isPii"":false,""dataType"":""text"",""fieldKey"":""period"",""sortOrder"":70,""fieldLabel"":""Period / Assessment Year""},{""isPii"":true,""dataType"":""currency"",""fieldKey"":""amount"",""sortOrder"":80,""fieldLabel"":""Amount"",""validation"":{""min"":0}},{""isPii"":false,""dataType"":""text"",""fieldKey"":""holder_name"",""isPrinted"":false,""sortOrder"":90,""fieldLabel"":""Holder Name""},{""isPii"":false,""dataType"":""number"",""fieldKey"":""alert_days_before"",""isPrinted"":false,""sortOrder"":100,""fieldLabel"":""Alert Me Before (days)"",""validation"":{""max"":365,""min"":0,""example"":""15"",""message"":""Enter between 0 and 365 days""}},{""isPii"":true,""dataType"":""longtext"",""fieldKey"":""notes"",""isPrinted"":false,""sortOrder"":110,""fieldLabel"":""Notes"",""validation"":{""maxLength"":5000}},{""isPii"":false,""dataType"":""longtext"",""fieldKey"":""custom_fields"",""isPrinted"":false,""sortOrder"":120,""fieldLabel"":""Additional Details"",""validation"":{""maxLength"":5000}}]","document_title,issue_date","document_title,reference_number,issuing_authority,issue_date,valid_from,valid_to,period,amount,holder_name,alert_days_before,notes,custom_fields","document_title,reference_number,issuing_authority,issue_date,valid_from,valid_to,period,amount"
Business,114,Operations & Assets,biz_operations,Equipment Purchase / Maintenance Records,equipment_purchase_maintenance,true,88fdc76b-1f8e-4282-beed-d7f0b250d277,a5800b00-7cf3-4b92-959e-634e520fa428,true,2026-09-04T18:08:43.456Z,2026-09-18T17:42:19.155Z,"serial_number,reference_number,amount,notes","[{""isPii"":false,""dataType"":""text"",""fieldKey"":""document_title"",""sortOrder"":10,""fieldLabel"":""Document Title"",""isRequired"":true},{""isPii"":true,""dataType"":""text"",""fieldKey"":""serial_number"",""sortOrder"":20,""fieldLabel"":""Equipment Serial Number"",""isIdentifier"":true},{""isPii"":true,""dataType"":""text"",""fieldKey"":""reference_number"",""sortOrder"":30,""fieldLabel"":""Reference Number"",""isIdentifier"":true},{""isPii"":false,""dataType"":""text"",""fieldKey"":""issuing_authority"",""sortOrder"":40,""fieldLabel"":""Issued By""},{""isPii"":false,""dataType"":""date"",""fieldKey"":""issue_date"",""sortOrder"":50,""fieldLabel"":""Document Date"",""isRequired"":true,""validation"":{""message"":""An issue date cannot be in the future"",""notFuture"":true}},{""isPii"":false,""dataType"":""date"",""fieldKey"":""valid_from"",""sortOrder"":60,""fieldLabel"":""Valid From""},{""isPii"":false,""dataType"":""date"",""fieldKey"":""valid_to"",""sortOrder"":70,""fieldLabel"":""Valid Until"",""validation"":{""message"":""Valid to must be on or after valid from"",""afterField"":""valid_from""},""alertDaysBefore"":30},{""isPii"":false,""dataType"":""text"",""fieldKey"":""period"",""sortOrder"":80,""fieldLabel"":""Period / Assessment Year""},{""isPii"":true,""dataType"":""currency"",""fieldKey"":""amount"",""sortOrder"":90,""fieldLabel"":""Amount"",""validation"":{""min"":0}},{""isPii"":false,""dataType"":""text"",""fieldKey"":""holder_name"",""isPrinted"":false,""sortOrder"":100,""fieldLabel"":""Holder Name""},{""isPii"":false,""dataType"":""number"",""fieldKey"":""alert_days_before"",""isPrinted"":false,""sortOrder"":110,""fieldLabel"":""Alert Me Before (days)"",""validation"":{""max"":365,""min"":0,""example"":""15"",""message"":""Enter between 0 and 365 days""}},{""isPii"":true,""dataType"":""longtext"",""fieldKey"":""notes"",""isPrinted"":false,""sortOrder"":120,""fieldLabel"":""Notes"",""validation"":{""maxLength"":5000}},{""isPii"":false,""dataType"":""longtext"",""fieldKey"":""custom_fields"",""isPrinted"":false,""sortOrder"":130,""fieldLabel"":""Additional Details"",""validation"":{""maxLength"":5000}}]","document_title,issue_date","document_title,serial_number,reference_number,issuing_authority,issue_date,valid_from,valid_to,period,amount,holder_name,alert_days_before,notes,custom_fields","document_title,serial_number,reference_number,issuing_authority,issue_date,valid_from,valid_to,period,amount"
Business,114,Operations & Assets,biz_operations,Utility Bills (Business Premises),utility_bills,true,c82eb3e2-2551-43a0-aed1-f68049d4b460,42200e61-a200-43a2-9745-16168f871cca,true,2026-09-04T18:08:43.456Z,2026-09-18T17:42:19.155Z,"consumer_number,reference_number,amount,notes","[{""isPii"":false,""dataType"":""text"",""fieldKey"":""document_title"",""sortOrder"":10,""fieldLabel"":""Document Title"",""isRequired"":true},{""isPii"":true,""dataType"":""text"",""fieldKey"":""consumer_number"",""sortOrder"":20,""fieldLabel"":""Consumer Number"",""isIdentifier"":true},{""isPii"":true,""dataType"":""text"",""fieldKey"":""reference_number"",""sortOrder"":30,""fieldLabel"":""Reference Number"",""isIdentifier"":true},{""isPii"":false,""dataType"":""text"",""fieldKey"":""issuing_authority"",""sortOrder"":40,""fieldLabel"":""Issued By""},{""isPii"":false,""dataType"":""date"",""fieldKey"":""issue_date"",""sortOrder"":50,""fieldLabel"":""Document Date"",""isRequired"":true,""validation"":{""message"":""An issue date cannot be in the future"",""notFuture"":true}},{""isPii"":false,""dataType"":""date"",""fieldKey"":""valid_from"",""sortOrder"":60,""fieldLabel"":""Valid From""},{""isPii"":false,""dataType"":""date"",""fieldKey"":""valid_to"",""sortOrder"":70,""fieldLabel"":""Valid Until"",""validation"":{""message"":""Valid to must be on or after valid from"",""afterField"":""valid_from""},""alertDaysBefore"":30},{""isPii"":false,""dataType"":""text"",""fieldKey"":""period"",""sortOrder"":80,""fieldLabel"":""Period / Assessment Year""},{""isPii"":true,""dataType"":""currency"",""fieldKey"":""amount"",""sortOrder"":90,""fieldLabel"":""Amount"",""validation"":{""min"":0}},{""isPii"":false,""dataType"":""text"",""fieldKey"":""holder_name"",""isPrinted"":false,""sortOrder"":100,""fieldLabel"":""Holder Name""},{""isPii"":false,""dataType"":""number"",""fieldKey"":""alert_days_before"",""isPrinted"":false,""sortOrder"":110,""fieldLabel"":""Alert Me Before (days)"",""validation"":{""max"":365,""min"":0,""example"":""15"",""message"":""Enter between 0 and 365 days""}},{""isPii"":true,""dataType"":""longtext"",""fieldKey"":""notes"",""isPrinted"":false,""sortOrder"":120,""fieldLabel"":""Notes"",""validation"":{""maxLength"":5000}},{""isPii"":false,""dataType"":""longtext"",""fieldKey"":""custom_fields"",""isPrinted"":false,""sortOrder"":130,""fieldLabel"":""Additional Details"",""validation"":{""maxLength"":5000}}]","document_title,issue_date","document_title,consumer_number,reference_number,issuing_authority,issue_date,valid_from,valid_to,period,amount,holder_name,alert_days_before,notes,custom_fields","document_title,consumer_number,reference_number,issuing_authority,issue_date,valid_from,valid_to,period,amount"
